Deutsch;English;Französisch;Italienisch;Niederländisch;Türkisch;Polnisch;Spanisch;Russisch;Chinesisch;Ukrainisch;Ungarisch;Griechisch
Info über EasyControl;About EasyControl;À propos de EasyControl;Informazioni su EasyControl;Info over EasyControl;EasyControl hakkında;Informacje o EasyControl;Información sobre EasyControl;Информация о EasyControl;关于 EasyControl;Про EasyControl;Az EasyControlról;Σχετικά με το EasyControl
EasyControl 4.0 by SmaDoTec GmbH;EasyControl 4.0 by SmaDoTec GmbH;EasyControl 4.0 par SmaDoTec GmbH;EasyControl 4.0 di SmaDoTec GmbH;EasyControl 4.0 by SmaDoTec GmbH;SmaDoTec GmbH tarafından EasyControl 4.0;EasyControl 4.0 przez SmaDoTec GmbH;EasyControl 4.0 de SmaDoTec GmbH;EasyControl 4.0 от SmaDoTec GmbH;EasyControl 4.0 由 SmaDoTec GmbH 提供;EasyControl 4.0 від SmaDoTec GmbH;EasyControl 4.0 a SmaDoTec GmbH-tól;EasyControl 4.0 από SmaDoTec GmbH
EasyControl Version;EasyControl version;Version de EasyControl;Versione di EasyControl;EasyControl Versie;EasyControl sürümü;Wersja EasyControl;Versión de EasyControl;Версия EasyControl;EasyControl 版本;Версія EasyControl;EasyControl verzió;Έκδοση EasyControl
Deutsch;German;Allemand;Tedesco;Duits;Almanca;Niemiecki;Alemán;немецкий, английский;德语, 英语;Німецька, англійська;Német, angol;Γερμανικά, Αγγλικά
Englisch;English;Anglais;Inglese;Engels;Ingilizce;Angielski;Inglés;Английский, немецкий;英语、德语;Англійська, німецька;Angol, német;Αγγλικά, Γερμανικά
Französisch;French;Français;Francese;Frans;Fransızca;Francuski;Francés;французский английский;法语 英语;Французька англійська;Francia Angol;Γαλλικά Αγγλικά
Italienisch;Italian;Italien;Italiano;Italiaans;Italyan;Włoski;Italiano;Итальянский;意大利语;італійська;Olasz;Ιταλικά
Niederländisch;Dutch;Néerlandais;Olandese;Nederlands;Flemenkçe;Holenderski;Holandés;Голландский;荷兰语;голландська;Holland;Ολλανδικά
Spanisch;Spanish;Espagnol;spagnolo;Spaans;İspanyol;Hiszpański;Español;Испанский;西班牙语;іспанська;Spanyol;Ισπανικά
Türkisch;Turkish;Turc;turco;Turkse;Türk;Turecki;Turco;Турецкий;土耳其语;турецька;Török;Τουρκικά
Polnisch;Polish;Polonais;polacco;Pools;Lehçe;Polski;Polaco;Польский;波兰语;Польська;Lengyel;Πολωνικά
Russisch;Russian;Russe;Russo;Russisch;Rusça;Rosyjski;Ruso;Русский;俄语;Російська;Orosz;Ρωσικά
Chinesisch;Chinese;Chinois;Cinese;Chinees;Çince;Chiński;Chino;Китайский;中文;Китайська;Kínai;Κινέζικα
Ukrainisch;Ukrainian;Ukrainien;Ucraino;Oekraïens;Ukrayna;Ukraiński;Ucraniano;Украина;乌克兰;Українська;ukrán;Ουκρανικά
Ungarisch;Hungarian;Hongrois;Hongrois;Hongaars;Macarca;Węgierski;Húngaro;Венгерский;匈牙利语;угорська;Magyar;Ουγγρικά
Griechisch;Greek;Grec;Greco;Grieks;Yunan;Grecki;Griego;Греция;希腊文;Грецька;Görög;Ελληνική
Standardbenutzer;Default user;Utilisateur par défaut;standard user;Standaard gebruiker;standart kullanıcı;Użytkownik standardowy;Usuario estándar;Стандартный пользователь;标准用户;Стандартний користувач;Standard felhasználó;Τυπικός χρήστης
Benutzer;User;Utilisateur;Utente;Gebruiker;Kullanıcı adı;Użytkownik;Usuario;Выберите пользователя;选择用户;Користувач за замовчуванням;Alapértelmezett felhasználó;Προεπιλεγμένος χρήστης
Verzeichnis wählen;Select folder;Sélectionner le répertoire;Selezionare l'elenco;Index kiezen;Kullanıcı;Wybierz katalog;Seleccionar directorio;Выберите каталог;选择目录;Виберіть каталог;Könyvtár kiválasztása;Επιλογή καταλόγου
OK;OK;ok;Ok;OK;Dizin seçiniz;OK;OK;OK;取消 确定;ОК;OK;OK
Cancel;Cancel;Annuler;Annullare;Annuleren;Tamam;Anuluj;Cancelar;Отмена;取消;Скасувати;Mégsem;Ακύρωση
Verzeichnis;Folder;Répertoire ;Elenco ;Index;İptal et;Katalog;Directorio;Каталог;目录;Каталог;Címtár;Κατάλογος
Speichermedien;Storage media;Mémoires;Drive ;Opslag media;Dizin;Napędy;Unidades;Носитель информации;存储介质;Носій інформації;Tárolóeszköz;Μέσα αποθήκευσης
Einstellungen für alle Dosierer übernehmen;Accept settings for all units;Accepter les paramètres pour tous les doseurs;Accettare i parametri per tutti i dosatori;Instellingen voor alle doseerunits overnemen;Ayarları bütün dağıtıcılara almak;Zastosuj ustawienia dla wszystkich jednostek dozujących;Aplicar ajustes a todos los dosificadores;Применение настроек для всех дозаторов;应用所有配料单元的设置;Застосувати налаштування для всіх дозаторів;Beállítások alkalmazása az összes adagolóegységre;Εφαρμογή ρυθμίσεων για όλες τις μονάδες δοσομέτρησης
Benutzername;User name;Nom d'utilisateur;Nome utente;Gebruikersnaam;Kullanıcı adı;Nazwa użytkownika;Nombre de usuario;Имя пользователя;用户名;Ім'я користувача;Felhasználó neve;Όνομα χρήστη
Passwort;password;Mot de passe;Password;Wachtwoord;Şifre;Hasło;Contraseña;Пароль;密码;Пароль;;
Bitte geben Sie ihr Passwort ein.\nAchten Sie dabei auf Groß- und Kleinschreibung.;Please enter your password.\nPay attention to upper and lower case letters.;Veuillez entrer votre mot de passe.\nRespecter les majuscules et minuscules.;Inserire la password.\nFare attenzione alle maiuscole e alle minuscole.;Voer wachtwoord in.\nLet daarbij op grote en kleine letters.;Şifrenizi veriniz.\nBüyük ve küçük harflere dikkat ediniz.;Proszę wpisać swoje hasło.\nZwróć uwagę na duże i małe litery.;Introduzca su contraseña.\nTenga en cuenta que su contraseña distingue entre mayúsculas y minúsculas.;Пожалуйста, введите ваш пароль.\nПримите во внимание, что он чувствителен к регистру.;请输入您的密码。;Будь ласка, введіть свій пароль. Зверніть увагу, що він чутливий до регістру.;Kérjük, adja meg jelszavát.\nKérjük, vegye figyelembe, hogy a nagy- és kisbetűk érzékenyek.;Παρακαλούμε εισάγετε τον κωδικό πρόσβασής σας.\nΠαρακαλείστε να σημειώσετε ότι είναι ευαίσθητος ως προς την πεζότητα.
Sie haben sich erstmalig als Benutzer angemeldet.\nBitte geben Sie Ihr Passwort ein und bestätigen Sie dieses nochmals.;You have registered as a user for the first time.\nPlease enter your password and confirm it again.;Vous vous êtes enregistré pour la première fois en tant qu'utilisateur.\nEntrer votre mot de passe et le valider.;Utente registrato la prima volta;U bent voor de eerste keer als gebruiker ingelogd.\nVul uw wachtwoord in en bevestig opnieuw.;İlk defa kullanıcı olarak kayıt oluyorsunuz.\nLütfen şifrenizi tekrar verip onaylayınız.;Po raz pierwszy zalogowałeś się jako użytkownik.\nProszę wpisać hasło i potwierdzić je ponownie.;Se ha conectado como usuario por primera vez.\nPor favor, introduzca su contraseña y confírmela de nuevo.;Вы впервые вошли в систему как пользователь.\nПожалуйста, введите пароль и подтвердите его еще раз.;请输入您的密码并再次确认。;Ви вперше увійшли як користувач. Будь ласка, введіть пароль і підтвердіть його ще раз.;Ön először jelentkezett be felhasználóként.\nKérjük, adja meg jelszavát és erősítse meg újra.;Συνδεθήκατε ως χρήστης για πρώτη φορά.\nΠαρακαλούμε εισάγετε τον κωδικό πρόσβασής σας και επιβεβαιώστε τον ξανά.
Passwort bestätigen;Confirm Password;Valider votre mot de passe;Confermare (la) password;Wachtwoord bevestigen;Şifreyi onaylamak;Potwierdź hasło;Confirmar contraseña;Подтвердите пароль;确认密码;Підтвердити пароль;Jelszó megerősítése;Επιβεβαίωση κωδικού πρόσβασης
Abbrechen;Cancel;Annuler;Annullare;Afbreken;İptal etmek;Anuluj;Cancelar;Отменить;取消;Скасувати;Cancel;Ακύρωση
Rezepturarchiv;Recipe archive;Archive recette;Archivio ricette;Opgeslagen recepten;Reçete arşivi;Archiwum przepisów;Archivo de recetas;Архив рецептов;食谱档案;Архів рецептів;Recept archívum;Αρχείο συνταγών
Öffnen;open;Ouvrir;Aprire;Openen;Açmak;Otwórz;Abrir;Открыть архив рецептов;打开;Відкрити архів рецептів;Megnyitás;Άνοιγμα
Angelegte Rezepturen;Recipe archive;Recettes appliquées;Ricette impostate ;Gemaakte recepten;Oluşturulan tarifler;Utworzone przepisy;Recetas creadas;Созданные рецепты;创建的食谱;Створені рецепти;Létrehozott receptek;Δημιουργημένες συνταγές
Rezeptur;Recipe;Recette;Ricetta;Recept;Reçete  ;Przepis;Receta;Рецепты;食谱;Рецепт;Recept;Συνταγή
Löschen;delete;Effacer;Cancellare;Verwijderen;Silmek;Usuń;Borrar;Удалить рецепт;删除配方;Видалити рецепт;Recept törlése;Διαγραφή
Dosierung;Feeder;Doseur;Dosaggio;Dosering;dozaj;Dawkowanie;Dosificación;Дозировка;用量;Дозування;Adagolás;Δοσολογία
Max.Nachfüllgrenze [kg];Max. refill limit [kg];Niv. remplissage, max.  [kg];Livello mass. di riempimento [kg];Max.Navulniveau [kg];Maks. doldurma limiti [kg];Maks.limit napełnienia [kg];Dosificación máx. [kg];Макс. Уровень пополнения [кг];最大剂量 加料量 [kg］;Макс. Рівень заповнення [кг];Max. Újratöltési szint [kg];Μέγιστο επίπεδο αναπλήρωσης [kg]
Min.Nachfüllgrenze [kg];Min. refill limit [kg];Niv. remplissage, min.  [kg];Livello min. di riempimento  [kg];Min.Navulniveau [kg];Asgari doldurma seviyesi [kg];Min.limit napełniania [kg];Nivel mín. de llenado [kg];Мин. уровень пополнения [кг];最小加料量 [kg];Мінімальний рівень заповнення [кг];Min. utántöltési szint [kg];Ελάχιστο επίπεδο αναπλήρωσης [kg]
Nachfülldauer [s];refill time [s];Durée remplissage [s];Durata di riempimento  [sec.];Navulduur [s];Doldurma süresi [sn];Czas uzupełniania [kg];Tiempo de rellenado [kg];Время пополнения [с];加料时间 [s］;Час дозування [с];Újratöltési idő [s];Χρόνος αναπλήρωσης [s]
Alarmpegel [kg];Alarm refill limit [kg];Niveau, Alarme  [kg];Livello min.-min.  [kg];Leegloopniveau [kg];Alarm seviyesi [kg];Poziom alarmowy [kg];Nivel de alarma [kg];Уровень тревоги [кг];报警液位 [kg］;Рівень тривоги [кг];Riasztási szint [kg];Επίπεδο συναγερμού [kg]
Alarmpegel leer [kg];Alarm level empty [kg];Niveau d'alarme vide [kg];Livello d'allarme vuoto [kg];Alarmniveau leeg [kg];Alarm seviyesi boş [kg];Poziom alarmowy pusty [kg];Nivel de alarma vacío [kg];Уровень тревоги пустой [кг];警报水平空[千克］;Рівень тривоги порожній [кг];Riasztási szint üres [kg];Επίπεδο συναγερμού κενό [kg]
Nachfüllen starten;Refill request;Démarrer le remplissage;Iniziare il riempimento;Navullen starten;Yeniden doldurmayı başlat ;Rozpocznij uzupełnianie;Empezar a rellenar;Начать пополнение;开始加注;Почніть поповнювати;Újratöltés megkezdése;Έναρξη επαναπλήρωσης
Nachfüllen;Refill;remplissage;riempimento;Navullen;Dolum;Uzupełnienie;Recarga;Дозаправка;加注;Поповнити;Újratöltés;Επαναπλήρωση
Leerfahren;Empty feeder;Vider le doseur;Dosatore vuoto;Lege doseerunit;Boş dozajlama ünitesi;Pusty dozownik;Dosificador vacío;Запуск пустого;空运行;Запустити порожній;Üres futás;Εκτέλεση άδειο
Leerfahren beenden;End empty feeder;Terminer le vidage du doseur;Interrompere il dosatore a vuoto;Doseerunit leeglopen stoppen;Dozajlama ünitesinin boş çalışmasını durdurun;Koniec pracy na biegu jałowym;Detener dosificador en vacío;Окончание пустого пробега;结束空运行;Зупинити порожній пробіг;Üres futás vége;Τερματισμός άδειου τρεξίματος
Leerfahren stoppen;Stop empty feeder;Arrêter le vide du doseur;Interrompere il dosatore a vuoto;Doseereenheid leegloop stoppen;Dozajlama ünitesinin boş çalışmasını durdurun;Przestań podróżować na pusto;Detener dosificador vacío;Остановить пустой пробег;停止空跑;Зупинити роботу на порожньому місці;Üres futás leállítása;Διακοπή λειτουργίας κενού
Nachfüllen stoppen;Stop refill;Arrêter le remplissage;Interrompere il riempimento;Stoppen met bijvullen;Yeniden doldurmayı durdur;Zatrzymaj uzupełnianie;Dejar de rellenar;Остановить дозаправку;停止加注;Припинити заправку;Újratöltés leállítása;Διακοπή επαναπλήρωσης
Leerfahren wirklich starten;Really start empty feeder;Démarrer vraiment le doseur à vide;Avviare davvero il dosatore vuoto;Echt starten van de lege doseereenheid;Boş dozajlama ünitesini gerçekten çalıştırın;Ponowne uruchomienie pustego dozownika;Arrancar realmente el dosificador vacío;Пустое настоящее начало;真正开始排空;Дійсно запустити порожній пробіг;Tényleg üres futás indítása;Πραγματική έναρξη κενής διαδρομής
Max.Nachfüllzeit [s];Max. Refill time [s];Temps de recharge max. [s];Tempo di ricarica mass. [s];Maximale navultijd [s];Maks. yeniden dolum süresi [s];Maks. Czas uzupełniania [s];Máx. Tiempo de llenado [s];Макс. Время пополнения [с];最大 加注时间 [s];Макс. Час дозаправки [с];Maximális feltöltési idő [s];Μέγιστος χρόνος επαναπλήρωσης [s]
Akt. Gewicht [kg];Actual weight [kg];Poids actuel [kg];Peso attuale  [kg];Act. Gewicht [kg];Güncel ağırlık;Aktualna waga [kg];Act. Peso [kg];Акт. Вес [кг];作用 重量 [kg];Діяти Вага [кг];Jelenlegi súly [kg];Τρέχον βάρος [kg]
ext. Nachfüllstopp;Ext. Refill stop;Arrêt externe de remplissage;Arresto riempimento, esterno;ext. Navulstop;Harici doldurma durağı;Zewnętrzny stop uzupełniania;ext. Parada de rellenado;экст. Остановка заправки;ext. 加注停止;доп. Зупинка поповнення;Külső utántöltés leállítása;εξωτερική στάση επαναπλήρωσης
Test;Test time [s];Test;Test;Test;Test;est;Prueba;тест;测试;тест;Teszt;δοκιμή
Max;Max;Max;Max;Max;Maks;Max;Max;Макс.;最大值;Макс.;Max;Μέγ.
Min;Min;Min;Min;Min;Asgari  ;Min;Mín;Мин;最小;Min;Min;Min
Dauer;Duration;Durée;Durata;Duur;Süre;Czas trwania;Duración;Продолжительность;持续时间;Тривалість;Időtartam;Διάρκεια
Umschaltverzögerung [s];Switch delay [s];Retard de commutation [s];Ritardo d'inversione [s];Omschakelvertraging [s];Anahtarlama gecikmesi [sn];Opóźnienie przełączania [s];Retardo de conmutación [s];Задержка переключения [с];切换延迟 [s];Затримка перемикання [с];Kapcsolási késleltetés [s];Καθυστέρηση μεταγωγής [s]
Umschaltverzögerung;Switch delay;Retard de commutation;Ritardo d'inversione ;Omschakelvertraging;Anahtarlama gecikmesi;Opóźnienie przełączania;Retardo de conmutación;Задержка переключения;切换延迟;Затримка перемикання;Átkapcsolási késleltetés;Καθυστέρηση εναλλαγής
Regelparameter;Control parameter;Paramètre de contrôle;Parametro regolamentare ;Regelparameter;Kontrol parametreleri;Parametr sterujący;Parámetro de control;Параметры управления;控制参数;Параметри керування;Vezérlési paraméterek;Παράμετροι ελέγχου
Regelparameter ändern;Change control parameter;Changer paramètre de contrôle;Change control parameter;Change control parameter;Kontrol parametrelerini değiştir;Zmiana parametru sterującego;Cambiar parámetro de control;Изменение параметров управления;更改控制参数;Змінити параметри керування;Vezérlési paraméterek módosítása;Αλλαγή παραμέτρων ελέγχου
Max. Drehzahl [U/min];Max. rot.speed [R/min];Vitesse de rot. max [tr/min];Regime di rotazione max [1/min];Max. Toerental [rpm];Maksimum devir sayısı ;Maksymalna prędkość obrotowa [obr/min];Máx. Velocidad [rpm];Макс. Скорость [об/мин];最大转速 转速 [rpm］;Макс. Швидкість [об/хв];Maximális fordulatszám [rpm];Max. Ταχύτητα [rpm]
Max. Drehzahl;Max. rot.speed;Vitesse de rot. max;Regime di rotazione max;Max. Toerental;Maksimum devir sayısı ;Prędkość maks.;Velocidad máx. Velocidad [rpm];Макс. макс. скорость;最大 最大速度;Макс. макс. швидкість;Maximális fordulatszám;Μέγ. μέγιστη ταχύτητα
Prop. Verstärkung [%];Prop. gain [%];Amplificateur prop. [%];Amplificatore proporzionale [%];Motor koppel verzwaren  [%];Oransal Çoğaltma [%];Wzmocnienie proporcjonalne [%];Prop. Ganancia [%];Проп. Усиление [%];Prop. 增益 [%];Пропелер Коефіцієнт підсилення [%];Arányos erősítés [%];Prop. Κέρδος [%]
Messzeit [s];Test time [s];Période de mesure [s];Periodo di misurazione [s];Meettijd [s];Ölçüm süresi [sn];Czas pomiaru [s];Tiempo de medición [s];Время измерения [с];测量时间 [s］;Час вимірювання [с];Mérési idő [s];Χρόνος μέτρησης [s]
Stellbefehl [%];Drive command [%];Signal commande [%];Segnale di comando [%];Commando [%];Ayar komutu [%];Polecenie pozycjonowania [%];Comando de posicionamiento [%];Команда управления [%];驱动指令 [%];Команда керування [%];Hajtási parancs [%];Εντολή οδήγησης [%]
Kalibrieren;Calibrate;Calibrage;Calibrare;Kalibreren;Çaplamak;Kalibracja;Calibrar;Калибровка;校准;Відкалібрувати;Kalibrálja a  címet.;Βαθμονόμηση
kalibrieren;calibrate;Calibrage;calibrare;Kalibreren;Çaplamak;kalibracja;Calibrar;Калибровка;校准;Відкалібрувати;Kalibrálni;Βαθμονόμηση
Dosierperformanz [kg/h];Dose performance [kg/h];Performance dosage [kg/h];Prestazioni dosaggio [kg/h];Doseerprestatie [kg/h];Dozajlama perf. [kg/h];Wydajność dozowania [kg/h];Rendimiento de dosificación [kg/h];Производительность дозирования [кг/ч];配料性能 [kg/h］;Продуктивність дозування [кг/год];Adagolási teljesítmény [kg/h];Απόδοση δοσολογίας [kg/h]
Dosierperformanz;Dose performance;Performance dosage;Prestazioni dosaggio;Doseerprestatie;Dozajlama performansı;Wydajność dozowania [kg/h];Rendimiento de dosificación [kg/h];Производительность дозирования;配料性能;Продуктивність дозування;Adagolási teljesítmény;Απόδοση δοσομέτρησης
Abtastintervall [s];Sampling interval [s];Intervalle échantillonnage  [s];Intervallo di scansione ;Controle interval [s];Örnekleme aralığı [sn];Interwał próbkowania [s];Intervalo de muestreo [s];Интервал отбора проб [с];采样间隔 [s］;Інтервал відбору проб [с];Mintavételi időköz [s];Διάστημα δειγματοληψίας [s]
Kalibrierung;Calibration;Calibrage;Calibratura;Kalibrering;Kalibrasyon;Kalibracja;Calibración;Калибровка;校准;Калібрування;Kalibrálás;Βαθμονόμηση
Bezugsgröße [kg/h];Reference value [kg/h];Valeur d´orientation  [kg/h];Valore d'orientamento [kg/h];Referentiegrootte [kg/h];Taban;Wartość referenc. [kg/h];Cantidad de referencia [kg/h];Контрольное значение [кг/ч];参考变量 [kg/h］;Змінна порівняння [кг/год];Referencia változó [kg/h];Μεταβλητή αναφοράς [kg/h]
Bezugsgröße;Reference value;Valeur d´orientation;Valore d'orientamento;Referentiegrootte;Taban;Wartość referencyjna;Valor de referencia;Контрольная переменная;参考变量;Опорна змінна;Referencia változó;Μεταβλητή αναφοράς
Drehzahlüberwachung [pm];Rot.speed monitor [pm];Surv. de vitesse de rot. [pm];Sorv. del regime di rot. [pm];Toerentalcontrole [pm];Devir sayısı izleme [pm];Monitor prędkości [pm];Monitor de velocidad [pm];Контроль частоты вращения [пм];速度监控器 [pm］;Монітор швидкості [об/хв];Sebességmérő [pm];Παρακολούθηση ταχύτητας [pm]
Drehzahlmonitor [pm];Rot.speed monitor [pm];Surv. de vitesse de rot. [pm];Sorv. del regime di rot. [pm];Toerentalcontrole [pm];Devir sayısı izleme [pm];Monitor prędkości [pm];Monitor de velocidad [pm];Контроль частоты вращения [pm];速度监控器 [pm］;Монітор швидкості [об/хв];Sebességmérő [pm];Παρακολούθηση ταχύτητας [pm]
Drehzahlmonitor;Rot.speed monitor;Surv. de vitesse de rot. ;Sorv. del regime di rot. ;Toerentalcontrole;Devir sayısı izleme;Monitor prędkości [‰];Monitor de velocidad;Контроль частоты вращения;速度监控器;Монітор швидкості;Sebességmérő;Παρακολούθηση ταχύτητας
Skalierung [%];Scaling [%];Changement signal de commande, max [%];Cambiamento segnale di comando max [%];Verschaling  [%];Ayar komutunu değiştirme [%];Skalowanie [%];Escala [%];Масштабирование [%];缩放比例 [%];Масштабування [%];Méretezés [%];Κλιμάκωση [%]
Torfilter [%];Gate filter [%];Filtre de porte [%];Filtraggio di apertura [%];Poortfilter [%];Kapı filtreleri [%];Filtr bramkowy [%];Filtro de puerta [%];Затворный фильтр [%];门滤波器 [%];Режекторний фільтр [%];Kapuszűrő [%];Φίλτρο πύλης [%]
Erweitert >>;Advanced >>;Avancé >>;Allargare;verlengt >>;Genişletilmiş >>;Zaawansowane >>;Avanzado >>;Расширенная >>;扩展 >>;Розширено >>>>;Kiterjesztett >>;Εκτεταμένο >>
Istwertfilter [%];Massflow filter [%];Filtrage débit [%];Valore istantaneo di filtraggio [%] ;Act. waarde filter [%];gerçek değer filt. [%];Filtr wartości rzeczywistej [%];Filtro de valor real [%];Фильтр фактического значения [%];实际值滤波器 [%];Фільтр фактичного значення [%];Tényérték szűrő [%];Φίλτρο πραγματικής τιμής [%]
Anlaufverzögerung [s];Startup delay [s];Retard de démarrage [s];Ritardo di avviamento [s] ;Aanloopvertraging [s];Başlangıç şablonu [sn];Opóźnienie uruchomienia [s];Retardo de arranque [s];Задержка запуска [с];启动延迟 [s];Затримка запуску [с];Indítási késleltetés [s];Καθυστέρηση εκκίνησης [s]
Diff. Dosierwaage - LWF;Loss in Weight Feeder - LWF;Balance de dosage différentielle - LWF;Bilancia differenziata di dosaggio - LWF;Differentieel weegsysteem - LWF;Diferansyal dozaj ölçeği - LWF;Podajnik różnicowy - LWF;Dif. Escala de dosificación - LWF;Дифф. Шкала дозирования - LWF;差值 配料比例 - LWF;Різниця Шкала дозування - LWF;Diff. Adagolási skála - LWF;Κλίμακα διαφορικής δοσομέτρησης - LWF
QM-Nummer;QM-Number;Numéro QM;Numero QM;QM-Nummer;QM sayısı;Numer QM;Número QM;Номер QM;QM 编号;Номер QM;QM szám;Αριθμός QM
CLR;CLR;CLR;CLR;Reset;CLR;CLR;CLR;CLR;CLR;CLR;CLR;CLR
Akt. Dosierperformanz [kg/h];Act. dose performance [kg/h];Performance dosage act. [kg/h];Prestazioni dosaggio att. [kg/h];Act. doseerprestaties [kg/h];Güncel Q maksimum faktörü [kg/h];Rzeczywista wydajność dozowania [kg/h];Act. Rend. dosificación [kg/h];Акт. Производительность дозирования [кг/ч];行动 配料性能 [kg/h］;Акт. Продуктивність дозування [кг/год];Jelenlegi adagolási teljesítmény [kg/h];Τρέχουσα απόδοση δοσολογίας [kg/h]
Akt. Totalisator [kg];Act. totalizer  [kg];Totalisateur actuel [kg];Consumo attuale {kg];Totaalgewicht acuteel [kg];Güncel tüketim [kg];Bieżące zużycie [kg];Act. Totalizador [kg];Акт. Сумматор [кг];Act. 累加器 [公斤］;Акт. Суматор [кг];Jelenlegi összegző [kg];Τρέχων αθροιστής [kg]
Rezeptanteil [%];Recipe part [%];Quote-part recette [%];Quota ricetta [%];Receptaandeel [%];Reçete oranı [%];Udział recepturowy [%];Proporción de receta [%];Доля рецепта [%];配方比例 [%];Пропорція в рецепті [%];Recept aránya [%];Αναλογία συνταγής [%]
Start;Start;Démarrage;Inizio / Avviamento;Start;Başlangıc;Start;Inicio;Старт;开始;Старт;Start;Έναρξη
Stop;Stop;Arrêt;Stop;Stop;Stop;Stop;Stop;Остановка;停止;Стоп;Stop;Διακοπή
vol. extern;Vol. Extern;vol. externe;vol. esterno;Volumetrisch extern;Hacimsel dış;wolumetryczny zewnętrzny;vol. externo;объём внешний;外部体积;об'єм зовнішній;vol. külső;όγκος εξωτερικός
Akt. Drehzahl [U/min];Act. Rot.speed [rpm];Vitesse de rot. act. [tr/min];Regime attuale di rotazione [1/min];Act. Snelheid [U/min];Güncel devir sayısı [U/min];Prędkość obrotowa [obr/min];Act. Velocidad [rpm];Акт. Скорость [об/мин];Act. 转速 [rpm］;Акт. Швидкість [об/хв];Aktuális fordulatszám [rpm];Τρέχουσα ταχύτητα [rpm]
Nettogewicht  [kg];Net weight  [kg];Poids net [kg];Peso netto [kg];Nettogewicht [kg];Safi ağırlık [kg];Masa netto [kg];Peso neto [kg];Вес нетто [кг];净重 [kg］;Вага нетто [кг];Nettó súly [kg];Καθαρό βάρος [kg]
VolGrav;VolGrav;VolGrav;VolGrav;VolGrav;VolGrav;VolGrav;VolGrav;VolGrav;体积重力;VolGrav;VolGrav;VolGrav
Name;Name;Nom;Nome;Naam;İsim ;Nazwa;Nombre;название;名称;назва;név;Όνομα
Linie;Line;Ligne;Linea;Lijn;Sıra;Linia;Línea;Линия;线路;Лінія;Vonal;Γραμμή
Regenerat;Regenerate;Recyclage;Riciclaggio;Geregenereert;Yeniden öğütme ;Regeneruj;Regenerar;Регенерация;再生;Регенерувати;Regenerátum;Αναγέννηση
Wägezellenadresse;Load cell address;Adresse du capteur de pesage;Posizione celle di carico;Weegceladres;Yük hücresi adresi;Adres komórki ładującej;Dirección de la célula de carga;Адрес тензодатчика;称重传感器地址;Адреса тензодатчика;Terhelési cella címe;Διεύθυνση κυψέλης φορτίου
SET;SET;SET;SET;SET;SET;SET;SET;SET;设置;SET;SET;SET
Wägezellen;Load cell;Cellules de pesage;Celle di carico;Loadcel;Yük hücreleri;Komórki ładunkowe;Células de carga;Ячейки нагрузки;称重传感器;Тензодатчики;Terheléscellák;Κυψέλες φορτίου
Korrekturfaktor;Correction factor;Facteur de correction;Fattore di correzione;Correctiefactor;Düzeltme faktörü;Współczynnik korekcji;Factor de corrección;Поправочный коэффициент;校正系数;Поправочний коефіцієнт;Korrekciós tényező;Συντελεστής διόρθωσης
Waagenbereich;Scale range;Portée balance;Portata della bilancia ;Loadcelbereik;Ölçek alanı;Zakres skali;Escala;Диапазон шкалы;刻度范围;Діапазон шкали;Skála tartomány;Εύρος κλίμακας
kg;kg;kg;kg;kg;kg;kg;kg;кг;公斤;кг;kg;kg
kg/h;kg/h;kg/h;kg/h;kg/h;kg/h;kg/h;kg/h;кг/ч;公斤/小时;кг/год;kg/h;kg/h
kg/m;kg/m;kg/m;kg/m;kg/m;kg/m;kg/m;kg/m;кг/м;公斤/米;кг/м;kg/m;kg/m
Bruttogewicht;Gross weight;Poids brut ;Peso lordo;Brutogewicht;Brüt ağırlık;Waga brutto;Peso bruto;Вес брутто;毛重;Вага брутто;Bruttó tömeg;Μικτό βάρος
Materialgewicht;Material weight;Poids net produit;Peso netto (del) materiale;Materiaalgewicht;Malzeme ağırlığı;Masa materiału;Peso del material;Вес материала;材料重量;Маса матеріалу;Anyag súlya;Βάρος υλικού
Taragewicht [kg];Tara weight [kg];Poids tare [kg];Peso tara [kg];Taragewicht [kg];Dara ağırlığı;Masa własna [kg];Peso de tara [kg];Собственный вес [кг];皮重 [千克］;Власна вага [кг];Saját tömeg [kg];Βάρος αποσκευών [kg]
Stat. Rauschen [%];Act. perturbation [%];Bruit fluctuant [%];? fruscio (di fondo) [%];Statische ruis [%];Statik gürültü;Stat. hałas [%];Ruido estad. [%];Стат. шум [%];统计噪音 [%];Стат. рівень шуму [%];Statisztikai zaj [%];Στατιστικός θόρυβος [%]
Tare;Tare;Tare;Tara;Tareren;Dara  ;Tara;Tara;Тара;皮重;Тара;Tára;Ίδιο βάρος
Linieneigenschaften;Line Setup;Propriétés de lignes;Proprietà (della) linea ;Lijneigenschappen;Çizgi özellikleri ;Właściwości linii;Propiedades de la línea;Свойства линии;生产线特性;Властивості лінії;Vonal tulajdonságai;Ιδιότητες γραμμής
Rampenschritt [kg/h];Ramp step [kg/h];Fonction rampe [kg/h];Variazione a rampa [kg/h];aanloop stappen [kg/h];Rampa basamağı [kg/h];Krok rampy [kg/h];Paso de rampa [kg/h];Шаг рампы [кг/ч];斜坡步长 [kg/h］;Крок рампи [кг/год];Rámpalépés [kg/h];Βήμα ράμπας [kg/h]
Verzögerung [s];Delay [s];Retard [s];Rallentamento/Ritardo [s];Vertraging [s];Gecikme [sn];Opóźnienie [s];Retraso [s];Задержка [с];延迟 [s］;Затримка [с];Késleltetés [s];Καθυστέρηση [s]
Anlagenbezugsgröße [kg/h];Line reference value [kg/h];Valeur de ref. ligne [kg/h];Valore d'orientamento di linea [kg/h];Referentiewaarde plant [Kg/h];Tesis referans değeri [kg/h];Nastawa systemu [kg/h];Valor de referencia del sistema [kg/h];Системное опорное значение [кг/ч];系统参考值 [kg/h］;Базове значення лінії [кг/год];Rendszer referenciaérték [kg/h];Τιμή αναφοράς συστήματος [kg/h]
Ext. Liniensollwert;Ext. line setpoint;Valeur cible ligne ext.;Set point linea esterna;Ext. lijnsetpoint ;Harici çizgi ayar noktası ;Nastawa linii zewnętrznej;Consigna línea ext.;Уставка внешней линии;生产线外设定值;Доп. уставка лінії;Külső vonalbeállítási pont;Εξωτερικό σημείο ρύθμισης γραμμής
Alarm Shutdown;Alarm shutdown;Alarme d’arrêt;Allarme d'arresto;Alarmstop;Alarm kapatma ;Wyłączenie alarmu;Desconexión de alarma;Аварийное отключение;警报关闭;Аварійне вимкнення;Riasztás leállítása;Διακοπή συναγερμού
Externer Ramp up;External ramp up;Mise en œuvre externe;Rampa esterna su;Externe stap omhoog;Dış rampa yukarı ;Zewnętrzna rampa w górę;Rampa externa arriba;Внешний темп нарастания;外部斜坡上升;Зовнішнє збільшення темпу;Külső felfutás;Εξωτερική ράμπα ανόδου
Externer Ramp down;External ramp down;Arrêt progressif externe;Rampa esterna giù;Externe stap omlaag;Dış rampa aşağı ;Zewnętrzna rampa w dół;Rampa externa descendente;Внешний темп снижения;外部斜坡下降;Зовнішній темп зниження;Külső lejtmenet;Εξωτερική ράμπα προς τα κάτω
Quit Blitzlampe;Quit flash light;Arrêter le clignotant d’alerte;Lampeggiatore Quit;Alarmstop flitslamp;Flaş lambasından çık;Lampa błyskowa wyjścia;Luz intermitente de salida;Мигающая лампа выключения;退出闪光灯;Вимкнення миготливої лампи;Villanó lámpa kilépése;Λυχνία φλας τερματισμού
Externer Alarmquit 0-3;External alarm quit 0-3;Acquittement externe de l’alerte 0-3;Quit d'allarme esterno 0-3;Externe alarmstop 0-3;harici alarm çıkış 0-3;Wyjście z alarmu zewnętrznego 0-3;Salida de alarma externa 0-3;Отключение внешнего сигнала тревоги 0-3;外部警报退出 0-3;Вимкнення зовнішньої тривоги 0-3;Külső riasztás kilépés 0-3;Εξωτερικός συναγερμός τερματισμού 0-3
Externer Slavebetrieb;External slave mode enabled;Mode SLAVE externe;Modalità SLAVE esterna;Externe volginrichting;External slave mode enabled;Zewnętrzna praca podrzędna;Funcionamiento esclavo externo;Внешний ведомый режим;外部从动模式;Зовнішній підлеглий режим;Külső szolga üzemmód;Εξωτερική λειτουργία σκλάβων
Haupteinzug;Main feeder;Dosage principal;Ingresso principale;Hoofdvoeding;Ana basleyici;Posuw główny;Alimentación principal;Основное втягивание;主缩回;Основне втягування;Fő táp;Κύρια ανάσυρση
Seiteneinzug 1;Side feeder 1;Doseur latéral 1;Ingresso laterale 1;Zijkant  feeder 1;Yan besleme 1;Posuw boczny 1;Alimentación lateral 1;Боковая подача 1;侧向进给 1;Бічна подача 1;Oldalsó táp 1;Πλευρική τροφοδοσία 1
Seiteneinzug 2;Side feeder 2;Doseur latéral 2;Ingresso laterale 2;Zijkant  feeder 2;Yan besleme 2;Posuw boczny 2;Alimentación lateral 2;Боковая подача 2;侧进纸 2;Бічна подача 2;Oldalbetáplálás 2;Πλευρική τροφοδοσία 2
Linienstart;Line start;Ligne de démarrage;Linea d'inizio;Lijnstart;Satır başlangıcı;Start linii;Inicio de línea;Начало линии;生产线启动;Пуск лінії;Vonalindítás;Έναρξη γραμμής
Hysterese [Kg/h];Hysteresis [Kg/h];Hystérésis [Kg/h];Isteresi [kg/h];Vertraging [kg/h];Histerisis [kg/h];Histereza [kg/h];Histéresis [kg/h];Гистерезис [кг/ч];滞后 [kg/h］;Гістерезис [кг/год];Hiszterézis [kg/h];Υστέρηση [kg/h]
Sollwert invertieren;Invert setpoint;Inverser valeur cible;Invertire Set point;Setpoint omzetten;Ayar noktasını tersine çevir;Nastawa inwersji;Consigna de inversión;Уставка инвертирования;反相设定点;Уставка інвертування;Invertálási beállítási pont;Αντιστροφή σημείου ρύθμισης
Min.Totband [kg/h];Min.Totband [kg/h];Min. tot. bande [Kg/h];Min.Totband [kg/h];Min.dode last [kg/h];Asgari ölü bant [kg/h];Min.deadband [kg/h];Banda muerta mín. [kg/h];Мин. мертвая зона [кг/ч];最小死区 [kg/h］;Мінімальна зона нечутливості [кг/год];Minimális holt sáv [kg/h];Ελάχιστη νεκρή ζώνη [kg/h]
Automatische Kalibrierung;Automatic calibration;Calibrage automatique;Calibratura automatica;Automatische kalibrering;Otomatik kalibrasyon ;Kalibracja automatyczna;Calibración automática;Автоматическая калибровка;自动校准;Автоматичне калібрування;Automatikus kalibrálás;Αυτόματη βαθμονόμηση
Kalibrierung gestartet ....;Calibration running ....;Calibrage démarré …;Calibratura iniziata;Kalibreren gestart ….;Kalibrasyon başlatılmış…;Kalibracja rozpoczęta ....;Calibración iniciada ....;Калибровка начата ....;校准开始 ....;Калібрування розпочато ....;A kalibrálás megkezdődött ....;Έναρξη βαθμονόμησης ....
Dosierperformanz;Dose performance;Performance dosage;Prestazioni dosaggio;Doseerprestatie;Dozaj performansı;Wydajność dozowania;Rendimiento de dosificación [kg/h];Производительность дозирования;配料性能;Продуктивність дозування;Adagolási teljesítmény;Απόδοση δοσομέτρησης
Stellbefehl;Drive command;Signal de commande;Segnale di comando;Commando;Ayar komutu;Polecenie sterujące;Comando de control;Команда настройки;控制指令;Команда керування;Hajtás parancs;Εντολή οδήγησης
Dialog;Dialog;Dialogue;Dialogo;Gebeurtenissenlijst;Diyalog;Dialog;Diálogo;Диалог;对话;Діалогове вікно;Párbeszéd;Διάλογος
Wählen Sie eine Fehlermeldung aus;Please select an error item ...;Sélectionnez un message d’erreur;Selezionare un messaggio d'errore;Selecteer uw foutmelding;Hata mesajı seçiniz ;Wybrać komunikat o błędzie;Seleccione un mensaje de error;Выберите сообщение об ошибке;选择错误信息;Виберіть повідомлення про помилку;Hibaüzenet kiválasztása;Επιλέξτε ένα μήνυμα σφάλματος
oder geben Sie Ihren Text ein ...;or insert a text ...;ou saisissez votre texte;oppure inserire un testo;of geef uw tekst in …;veya metininizi yazınız…;lub wprowadź swój tekst ...;o introduzca su texto ...;или введите свой текст ...;或输入文本 ...;або введіть свій текст ...;vagy írja be a szöveget ...;ή πληκτρολογήστε το κείμενό σας ...
Speicherort;Location;Case mémoire;Sito di memorizzazione;Geheugen;Kayıt etme yeri;Miejsce przechowywania;Ubicación de almacenamiento;Место хранения;存储位置;Місце зберігання;Tárolási hely;Τοποθεσία αποθήκευσης
Datensicherung;Recorder active;Sauvegarde des données;Salvataggio dati;Gegevensbeveiliging;Veri kaydetme;Kopia zapasowa danych;Copia de seguridad;Резервное копирование данных;数据备份;Резервне копіювання даних;Adatmentés;Δημιουργία αντιγράφων ασφαλείας δεδομένων
Softwareupdate;Software update;Mise à jour du logiciel;Aggiornamento software;Softwareupdate;Yazılım güncelleştirme ;Aktualizacja oprogramowania;Actualización del software;Обновление программного обеспечения;软件更新;Оновлення програмного забезпечення;Szoftverfrissítés;Ενημέρωση λογισμικού
Aufzeichnung aktiv;recording active;Enregistrement en route;Registrazione attiva;Opname actief;Kayıt aktif ;Nagrywanie aktywne;Grabación activa;Запись активна;记录激活;Запис активний;Felvétel aktív;Εγγραφή ενεργή
Aufzeichnungsintervall [min];Recording time [min];Intervalle d’enregistrement  [min];Intervallo di registrazione [min];Opnameinterval [min];Kayıt aralığı [dk];Interwał nagrywania [min];Intervalo de grabación [min];Интервал записи [мин];记录时间间隔 [分钟］;Інтервал запису [хв];Felvételi intervallum [perc];Διάστημα εγγραφής [min]
Aufzeichnungsintervall [s];Recording time [s];Intervalle d’enregistrement  [s];Intervallo di registrazione [s];Opnameinterval [s];Kayıt aralığı [s];Interwał nagrywania [s];Intervalo de grabación [s];Интервал записи [с];记录时间间隔 [s］;Інтервал запису [с];Felvételi intervallum [s];Διάστημα εγγραφής [s]
Aufzeichnungsintervall;Recording time;Intervalle d’enregistrement;Intervallo di registrazione;Opnameinterval;Kayıt aralığı;Interwał zapisu;Intervalo de grabación [s];Интервал записи;记录时间间隔;Інтервал запису;Felvételi intervallum;Διάστημα εγγραφής
Datenaufzeichnung;Recorder;Enregistrement des données;Registrazione dati;Gegevensregistratie;Veri kaydetme;Zapis danych;Grabación de datos;Запись данных;数据记录;Запис даних;Adatfelvétel;Εγγραφή δεδομένων
Logdateienverzeichnis;System files backup;Répertoire fichier-journal;Elenco file;Bestandenregister;Günlük dosyaların dizini;Katalog plików dziennika;Directorio de archivos de registro;Каталог файлов журнала;日志文件目录;Каталог файлів журналу;Naplófájl könyvtár;Κατάλογος αρχείου καταγραφής
Rezepturverzeichnis;Recipe folder;Répertoire de recettes;Elenco ricette;Receptenlijst;Reçete dizini;Katalog receptur;Directorio de recetas;Каталог рецептов;配方目录;Каталог рецептів;Recept könyvtár;Κατάλογος συνταγών
Neuen Benutzer anlegen;Create new user;Enregistrer un nouvel utilisateur;Inserire nuovo utente;Nieuwe gebruiker toevoegen;Yeni kullanıcı ekle ;worzenie nowego użytkownika;Crear nuevo usuario;Создать нового пользователя;创建新用户;Створити нового користувача;Új felhasználó létrehozása;Δημιουργία νέου χρήστη
Benutzer löschen;Delete selected user;Effacer un utilisateur;Cancellare utente;Gebruiker wissen;Kullanıcı sil ;Usuń użytkownika;Borrar usuario;Удалить пользователя;删除用户;Видалити користувача;Felhasználó törlése;Διαγραφή χρήστη
Password;Password;Mot de passe;Password;Wachtwoord;Şifre;Hasło;Contraseña;Пароль;密码;Пароль;Jelszó;Κωδικός πρόσβασης
Administrator;Administrator;Administrateur;Amministratore;Administrator;Yönetici;Administrator;Administrador;Администратор;管理员;Адміністратор;Adminisztrátor;Διαχειριστής
Anzahl Dosierungen;Feeder numbers;Nombre de doseurs;Numero dosatori;Aantal doseringen;Dosaj sayısı;Liczba dawek;Número de dosis;Количество доз;剂量数;Кількість доз;Dózisok száma;Αριθμός δόσεων
Anlagenseite;Line settings;Page principale - Ligne;Pagina principale - linea o impianto;Systeempagina;Tesis sayfası ;Strona zakładu;Página de la planta;Страница растения;工厂页面;Сторінка рослини;Rendszer oldal;Σελίδα εγκατάστασης
Bemerkung;Remarks;Remarque;Osservazione/Nota;Opmerking;Açıklama:;Komentarz;Comentario;Ремарка;备注;Примітка;Megjegyzés;Παρατήρηση
LWF;Loss in Weight Feeder - LWF;LWF;LWF;LWF;LWF;LWF;LWF;LWF;LWF;LWF;LWF;LWF
Bandwaage - WBF;Weigh Belt Feeder - WBF;Bascule de pesage à bande – WBF;Bilancia a banda/idraulica - WBF;Bandweger - WBF;Bant ölçeği - WBF;Waga taśmowa - WBF;Cinta pesadora - WBF;Ленточные весы - WBF;皮带秤 - WBF;Стрічковий дозатор - WBF;Szalagmérleg - WBF;Ζυγαριά ζώνης - WBF
Bandgeschw.[m/h];Act. belt speed [m/h];Vitesse de la bande [m/h];Velocità (della) banda [m/h];Bandsnelheid [m/h];Bant hızı [m/h];Prędkość taśmy [m/h];Velocidad de la cinta [m/h];Скорость ленты [м/ч];传送带速度 [m/h］;Швидкість стрічки [м/год];Szalagsebesség [m/h];Ταχύτητα ιμάντα [m/h]
Bandlast  [kg/m];Act. belt load [kg/m];Charge bande [kg/m];Carico (della) banda [kg/m];Bandbelading [kg/m];Bant yükü [kg/m];Obciążenie taśmy [kg/m];Carga de la cinta [kg/m];Нагрузка на ленту [кг/м];传送带载荷 [kg/m];Навантаження на стрічку [кг/м];Szalag terhelése [kg/m];Φορτίο ιμάντα [kg/m]
Regelparameter - WBF;Control parameter - WBF;Facteurs PID - WBF;Parametro regolatore - WBF;Controle parameters - WBF;Kontrol parametreleri;Parametr sterujący - WBF;Parámetro de control - WBF;Параметры управления - WBF;控制参数 - WBF;Параметр керування - WBF;Vezérlési paraméterek - WBF;Παράμετροι ελέγχου - WBF
Prop.verstärkung [%];Prop. gain [%];Gain proportionnel  [%];Potenziamento proporz. [%];Prop. versterking [%];Oransal çoğaltma [%];Przyrost proporcjonalny [%];Ganancia prop. [%];Прирост [%];推进器增益 [%];Коефіцієнт підсилення [%];Arányos erősítés [%];Αναλογικό κέρδος [%]
Totale Untersetzung;Total gear red.;Réduction totale;Riduzione totale;Totale overbrenging;Toplam azalma;Redukcja całkowita;Reducción total;Общее снижение;总减少量;Загальне зниження;Teljes csökkentés;Συνολική μείωση
Istwertdämpfung [%];Massflow filter [%];Affaiblissement débit [%];Attenuazione valore istantaneo [%];Act. waarde demping [%];Gerçek değer sönümleme [%];Aktualna wartość tłumienia [%];Valor real amortiguación [%];Фактическое значение демпфирования [%];实际阻尼值 [%];Фактичне значення демпфування [%];Tényleges érték csillapítás [%];Πραγματική τιμή απόσβεσης [%]
Rollendurchm. [mm];Pulley diameter [mm];Rouleau Ø [mm];Diametro rullo [mm];Diameter rollen [mm];Makara çapı [mm];Średnica rolki [mm];Diámetro del rodillo [mm];Диаметр ролика [мм];滚筒直径 [mm］;Діаметр ролика [мм];Görgő átmérő [mm];Διάμετρος κυλίνδρου [mm]
Wägestrecke [mm];Weighing section [mm];Liaison pondérale [mm];Collegamento di carico [mm];Bandlengte [mm];Tartım mesafesi [mm];Odległość ważenia [mm];Distancia de pesaje [mm];Расстояние взвешивания [мм];称重距离 [mm];Відстань зважування [мм];Mérési távolság [mm];Απόσταση ζύγισης [mm]
Mechanik;Mechanical data;Mécanique;Meccanica;Mechaniek;Mekanik ;Mechanika;Mecánica;Механика;机械;Механіка;Mechanika;Μηχανική
Bandlastsollwert [kg/m];Belt load setpt [kg/m];Valeur cible charge bande [kg/m];Set point carico della banda [kg/m];Setpoint bandbelading (kg/m);Bant yükü ayar noktası [kg/m];Nastawienie obciążenia pasa [kg/m];Punto de ajuste de la carga de la cinta [kg/m];Заданное значение нагрузки на ремень [кг/м];皮带载荷设定值 [kg/m］;Уставка навантаження на стрічку [кг/м];Szalagterhelés beállítási értéke [kg/m];Θέση φορτίου ιμάντα [kg/m]
Rollenumfang [mm];Pulley perimeter [mm];Périmètre rouleau [mm];Perimetro rullo [mm];Rol Omtrek [mm];Makara çevresi [mm];Obwód rolki [mm];Circunferencia del rodillo [mm];Окружность ролика [мм];辊筒周长 [mm］;Окружність ролика [мм];Görgő kerülete [mm];Περιφέρεια κυλίνδρου [mm]
Umschaltung vol. [kg/m];Sampling interval [s];Commutation mode vol. [kg/m];Modalità di commutazione vol. [kg/m];Omschakeling volumetrisch [kg/m];Hacimsel değişim [kg/m];Przełączanie wolumetryczne [kg/m];Vol. de conmutación [kg/m];Объем переключения. [кг/м];切换量 [千克/米］;Об'єм перемикання [кг/м];Térfogatváltozás [kg/m];Όγκος αλλαγής [kg/m]
Tarieren;Tare;Tarer;Tarare;Tarreren;Tare;Tara;Taring;Таринг;剪切;Тарування;Tare;Τερματισμός
Messzeitl [s];Test time [s];Chronométrage [s];Cronometraggio [s] ;Meettijd [en];Darasını Çıkartmak ;Czas pomiaru [s];Tiempo de medición [s];Время измерения [с];测量时间 [s];Час вимірювання [с];Mérési idő [s];Χρόνος μέτρησης [s]
Automatische Tarierung gestartet ....;Automatic taring started ...;Tare automatique, démarrer . . .;Taratura automatica iniziata…….;Automatische Tarrering gestart ….;Otomatik yüzdürme başlatıldı…;Rozpoczęto automatyczne tarowanie ....;Tara automática iniciada ....;Запуск автоматического тарирования ....;开始自动去皮 ....;Запущено автоматичне тарування ....;Automatikus tarolás elindult ....;Έναρξη αυτόματης ταρίχευσης ....
Taragewicht;Tare weight;Tare poids;Peso tara;Taragewicht;Dara ağırlığı:;Waga tary;Peso de tara;Вес тары;皮重;Вага тари;Tarasúly;Βάρος ταρίφας
Stellbefehl;Drive command;Signal de commande;Segnale di comando;Commando;Ayar komutu;Polecenie sterujące;Comando de control;Команда установки;设置命令;команда приводу;Meghajtó parancs;Εντολή οδήγησης
Istwert Alarm hoch [%];Massflow Error + [%];Valeur réelle alarme haute  [%];Allarme valore istantaneo alto [%];Alarm act. waarde  hoog [%];Gerçek değer yüksek alarm [%];Wartości rzeczywistej wysoki [%];Alarma valor real alto [%];Сигнал тревоги фактического значения высокий [%];实际值警报高 [%];Сигнал тривоги фактичного значення високий [%];Tényérték riasztás magas [%];Πραγματική τιμή συναγερμού υψηλή [%]
Istwert Alarm tief [%];Massflow Error - [%];Valeur réelle alarme basse  [%];Allarme valore istantaneo basso [%];Alarm act. waarde laag [%];Gerçek değer alçak alarm [%];Aktualna wartość alarm niska [%];Alarma de valor real bajo [%];Сигнализация низкого фактического значения [%];实际值警报低 [%];Аварійний сигнал фактичного значення низький [%];Tényérték riasztás alacsony [%];Πραγματική τιμή συναγερμού χαμηλή [%]
Max. Stellbefehl [%];Max. drive command [%];Signal de commande max. [%];Segnale di comando max [%];Max. commando [%];Maksimum ayar komutu [%];Komenda ustawienia maks. [%];Máx. Comando de posicionamiento [%];Макс. Команда срабатывания [%];最大驱动指令 [%];Максимальна команда приводу [%];Max hajtásparancs [%];Μέγιστη εντολή κίνησης [%]
Min. Stellbefehl [%];Min. drive command [%];Signal de commande min. [%];Segnale di comando min [%];Min. commando [%];Asgari ayar komutu [%];Polecenie min. pozycjonowania [%];Comando de posicionamiento mín. [%];Мин. команда позиционирования [%];最小驱动指令[%];Мінімальна команда приводу [%];Min hajtási parancs [%];Ελάχιστη εντολή κίνησης [%]
Min. Bandlast [kg/m];Min. belt load [kg/m];Charge min. bande [kg/m];Carico (della) banda min. [kg/m];Min. bandbelading [kg/m];Asgari bant yükü [kg/m];Minimalne obciążenie taśmy [kg/m];Carga mín. de la cinta [kg/m];Мин. нагрузка на ленту [кг/м];最小皮带载荷 [kg/m] （公斤/米;Мінімальне навантаження на стрічку [кг/м];Min szalagterhelés [kg/m];Ελάχιστο φορτίο ιμάντα [kg/m]
Alarmverzögerung [s];Alarm Delay [s];Retard de l’alarme [s];Ritardo d'allarme [s];Alarmvertraging [s];Alarm gecikme [sn];Opóźnienie alarmu [s];Retardo alarma [s];Задержка сигнала тревоги [с];报警延迟 [s];Затримка тривоги [с];Riasztási késleltetés [s];Καθυστέρηση συναγερμού [s]
Alarmverzögerung ;Alarm Delay;Retard de l’alarme;Ritardo d'allarme;Alarmvertraging;Alarm gecikme;Opóźnienie alarmu;Retardo alarma;Задержка сигнала тревоги ;报警延迟 ;Затримка тривоги ;Riasztási késleltetés ;Καθυστέρηση συναγερμού 
Start Alarmverzögerung [s];Start Delay [s];Retard du démarrage [s];Avviamento ritardo d'allarme [s];Start alarmvertraging [s];Alarm gecikme başlangıcı [sn];Opóźnienie alarmu startu [s];Retardo de alarma de inicio [s];Задержка включения аварийного сигнала [с];开始报警延迟 [s];Затримка тривоги запуску [с];Riasztás indítási késleltetése [s];Καθυστέρηση έναρξης συναγερμού [s]
Start Alarmverzögerung;Start Delay;Retard du démarrage;Avviamento ritardo d'allarme;Start alarmvertraging;Alarm gecikme başlangıcı;Opóźnienie alarmu startu;Retardo de alarma de inicio;Задержка сигнала запуска;启动报警延迟;Затримка тривоги запуску;Riasztási késleltetés indítása;Καθυστέρηση συναγερμού έναρξης
Dosierperformanzalarm [%];Alarm dose performance [%];Alarm dose performance [%];Alarm dose performance [%];Alarm dose performance [%];Alarm dose performance [%];Alarm dose performance [%];Alarm dose performance [%];Аварийный сигнал производительности дозирования [%];配料性能警报 [%];Сигнал тривоги продуктивності дозування [%];Adagolási teljesítmény riasztás [%];Συναγερμός απόδοσης δοσομέτρησης [%]
Dosierperformanzalarm;Alarm dose performance;Alarm dose performance;Alarm dose performance;Alarm dose performance;Alarm dose performance;Alarm dose performance;Alarm dose performance;Аварийный сигнал производительности дозирования;配料性能警报;Сигнал тривоги про виконання дозування;Adagolási teljesítmény riasztás;Συναγερμός απόδοσης δοσομέτρησης
Grav. Dosierung - LWF;Loss in Weight Feeder - LWF;Doseur pondéral - LWF;? dosaggio - LWF;Grav. dosering - LWF;Loss in Weight Feeder - LWF;Dozowanie grawimetryczne - LWF;Grav. Dosificación - LWF;Грав. Дозирование - LWF;Grav. 配料 - LWF;Grav. Дозування - LWF;Gravimetrikus adagolás - LWF;Βαρυμετρική δοσομέτρηση - LWF
Dosierperformanzalarm [%];Dose performance alarm [%];Alarme performance dosage [%];Allarme Prestazioni dosaggio [%];Alarm Doseerprestatie [%];Q maksimum faktör alarmı [%];Alarm wydajności dozowania [%];Alarma de rendimiento de dosificación [%];Аварийный сигнал производительности дозирования [%];配料性能警报 [%];Сигнал тривоги продуктивності дозування [%];Adagolási teljesítmény riasztás [%];Συναγερμός απόδοσης δοσομέτρησης [%]
Rauschgrenze [%];Perturbation limit [%];Limite bruit [%];Limite del fruscio (di fondo) [%];Geluidslimiet [%];Gürültü sınırı [%];Limit hałasu [%];Límite de ruido [%];Предел шума [%];噪音限制 [%];Межа шуму [%];Zajhatár [%];Όριο θορύβου [%]
Rauschgrenze;Perturbation limit;Limite bruit;Limite del fruscio (di fondo);Geluidslimiet;Gürültü sınırı;Limit hałasu;Límite de ruido;Предел шума;噪音限制;Межа шуму;Zajhatár;Όριο θορύβου
PID-Regler;PID Controller;Régulateur PID;Regolatore PID;PID-regelaar;PID - regülatör;Sterownik PID;Controlador PID;ПИД-регулятор;PID 控制器;PID-регулятор;PID szabályozó;Ελεγκτής PID
Interface Control Port - ICP;Interface Control Port - ICP;Interface Control Port - ICP;Interfaccia Control Port - ICP;Interface controle poort - ICP;Interface Control Port - ICP;Port kontroli interfejsu - ICP;Puerto de control de interfaz - ICP;Интерфейсный порт управления - ICP;接口控制端口 - ICP;Порт керування інтерфейсом - ICP;Interfész vezérlőport - ICP;Θύρα ελέγχου διασύνδεσης - ICP
Istwertkorrektur [0..100];Massflow corr. factor [0..100];Correction débit [0..100];Corr. valore istant. [0..100];Corr. werkelijke waarde [0-100];Gerçek değer düzeltme [0..100];Korekta wartości rzeczywistej [0..100];Corr. valor real [0..100];Коррекция фактического значения [0..100];实际值修正 [0..100］;Корекція фактичного значення [0..100];Tényérték-korrekció [0..100];Διόρθωση πραγματικής τιμής [0..100]
Istwertkorrektur;Massflow corr. factor;Correction débit;Corr. valore istant. [0..100];Corr. werkelijke waarde;Gerçek değer düzeltme;Korekta wartości rzeczywistej;Corr. valor real;Коррекция фактического значения;实际值修正;Корекція фактичного значення;Tényleges érték korrekció;Διόρθωση πραγματικής τιμής
Grob/Feinumschaltung [%];Fine/rough switch [%];Commutation gros/fin [%];Commutazione grosso/fino [%];Grof-fijn omschakeling (%);Kaba/ İnce anahtarlama [%];Przełączanie zgrubne/drobne [%];Conmutación gruesa/fina [%];Переключение между грубым и тонким [%];粗/细切换 [%];Грубе/точне перемикання [%];Durva/finom átváltás [%];Χονδρή/λεπτή εναλλαγή [%]
Prop. Grobverstärkung [%];Prop. rough gain [%];Gain proportionnel gros [%];Potenziamento prop. grosso [%];Prop. grofverstelling (%);Orantılı kaba çoğaltma [%];Prop. wzmocnienie zgrubne [%];Prop. Ganancia gruesa [%];Реквизит. Усиление грубости [%];建议 粗放大 [%] Prop.;Проп. Грубе підсилення [%];Arányos durva erősítés [%];Αναλογικό χονδροειδές κέρδος [%]
Prop. Feinverstärkung [%];Prop. fine gain [%];Gain proportionnel fin [%];Potenziamento prop. fino [%];Prop. fijndosering (%);Orantılı ince çoğaltma [%];Prop. wzmocnienie drobne [%];Prop. Ganancia fina [%] Prop.;Реквизит. Тонкое усиление [%];建议 精细增益 [%];Проп. Тонке посилення [%];Arányos finom erősítés [%];Αναλογική λεπτή ενίσχυση [%]
Anlaufver. [s];Startup delay [s];Retard démarrage [s];Ritardo d'avviamento [s];Aanloopverst.(s);Başlangıç şablonu [sn];Start-up ver. [s];Ver. arranque [s];Задержка запуска [s];启动延迟 [s];Затримка запуску [с];Indítási késleltetés [s];Καθυστέρηση εκκίνησης [s]
Integralverstärkung [%];Integral gain [%];Gain intégrale [%];Potenziamento integrale [%];Integrale verst.(%);İntegral çoğaltma [%];Wzmocnienie całkowe [%];Ganancia integral [%];Интегральное усиление [%];积分增益 [%];Інтегральний коефіцієнт підсилення [%];Integrális erősítés [%];Ολοκληρωμένη ενίσχυση [%]
Eingangsfilter [%];Massflow filter [%];Filtre d´entrée [%];Filtro d'entrata [%];Ingangsfilter (%);Giriş filtresi [%];Filtr wejściowy [%];Filtro de entrada [%];Входной фильтр [%];输入滤波器 [%];Вхідний фільтр [%];Bemeneti szűrő [%];Φίλτρο εισόδου [%]
Stellbefehl [0..10V];Drive output  [0..10V];Signal de commande [0..10V];Segnale di comando [0..10V];Opdrachtbereik [0-10V];Ayar komutu [0..10V];Polecenie pozycjonowania [0..10V];Mando de control [0..10V];Управляющая команда [0..10В];控制指令 [0...10V］;команда приводу [0.10V];Hajtásparancs [0..10V];Εντολή ελέγχου [0..10V]
Stellbefehl [10..0V];Drive output [10..0V];Signal de commande [10..0V];Segnale di comando [10..0V];Opdrachtbereik [0-10V];Ayar komutu [10..0V];Komenda pozycjonowania [10..0V];Mando de control [10..0V];Команда управления [10..0 В];控制指令 [10...0V］;команда приводу [0.10V];Hajtásparancs [10..0V];Εντολή ελέγχου [10..0V]
Anlauframpe [s];Startup ramp [s];Rampe de démarrage [s];Rampa d'avviamento [s];Aanloopsnelheid [s];İşletme rampası [sn];Rampa rozruchowa [s];Rampa de arranque [s];Темп запуска [с];启动斜坡 [s］;Швидкість запуску [с];Indítási rámpa [s];Ράμπα εκκίνησης [s]
Sprache;Language;Langue;Lingua;Taal;Dil;Język;Idioma;Язык;语言;Мова;Nyelv;Γλώσσα
Touch kalibrieren;Calibrate Touch;Calibrage de l’écran tactile;Calibrare Touch;Touch kalibreren;Touch kalibre etmek;Kalibracja dotykowa;Calibración táctil;Калибровка касанием;校准触摸;Відкалібрувати дотик;Érintés kalibrálása;Βαθμονόμηση αφής
Uhrzeit einstellen;Set date and time;Régler l’heure;Regolare l'orario;Tijd instellen;Zaman ayarlamak;Ustawianie czasu;Ajustar tiempo;Установить время;设置时间;Задати час;Beállított idő;Ρύθμιση χρόνου
EasyControl Version 4.0;EasyControl Version 4.0;EasyControl Version 2.01;EasyControl Versione 2.01;EasyControl versie 4.0;EasyControl versyon 4.0;EasyControl Wersja 4.0;EasyControl Versión 4.0;EasyControl версия 4.0;EasyControl 4.0 版;EasyControl версія 4.0;EasyControl 4.0 verzió;Έκδοση EasyControl 4.0
Update;Update;Mettre à jour le logiciel;Aggiornamento;Actualisering;Güncelleştirme ;Aktualizacja;Actualizar;обновление;更新;оновлення;frissítés;ενημέρωση
Local IP;Local IP;IP locale;IP locale;Lokaal IP;Lokal İP;Lokalne IP;IP local;Локальный IP;本地 IP;Локальний IP;Helyi IP;Τοπική IP
Slave-ID;Slave-ID;ID-esclave;Slave-ID;Volg-ID;Slave ID;ID Slave'a;ID esclavo;Идентификатор ведомого;从属 ID;Ідентифікатор веденого пристрою;Slave ID;Αναγνωριστικό σκλάβου
Timeout;Timeout;Expiration;Pausa;Onderbreking;Zaman aşımı;Timeout;Tiempo de espera;Таймаут;超时;Таймаут;Timeout;Χρονικό όριο
Port;Port;Port;Port;Poort;Port;Port;Puerto;Порт;端口;Порт;Port;Θύρα
Remote IP;Remote IP;IP Remote;IP remoto;Herstel IP;Remote İP;Zdalne IP;IP remota;Удаленный IP;远程 IP;Віддалений IP;Távoli IP;Απομακρυσμένη IP
Rack;Rack;Rack;Rack;Rek;Rack;Rack;Rack;Стойка;机架;Стійка;Rack;Rack
Slot;Slot;Slot;Slot;Slot;Yuva ;Slot;Ranura;Слот;插槽;Слот;Slot;Υποδοχή
Start-DB;Start-DB;Marche bd;Avviamento- DB;Start-DB;DB başlat;Start DB;Iniciar BD;Стартовая БД;启动 DB;Запустити БД;DB indítása;Έναρξη DB
Writeprotection;Write protection;Protection d´écriture;Protezione di scrittura;Schrijfbeveiliging;Yazılım koruması;Ochrona przed zapisem;Protección contra escritura;Защита от записи;写保护;Захист від запису;Írásvédelem;Προστασία εγγραφής
Host input offline;Host input offline;Entrées serveur hors ligne;Host input offline;Host ingang lokaal;Host input offline;Wejście hosta w trybie offline;Entrada host desconectada;Вход хоста отключен;主机输入离线;Вхід хоста в автономному режимі;Host bemenet offline;Είσοδος κεντρικού υπολογιστή εκτός σύνδεσης
Alarm löschen;Clear alarm;Effacer l´alarme;Cancellare allarme;Alarm wissen;Alarm silme ;Wyczyść alarm;Borrar alarma;Снять тревогу;清除警报;Зняти тривогу;Riasztás törlése;Εκκαθάριση συναγερμού
Einstellungen;settings;Paramètres;Parametri;Instellingen;Ayarlar;Ustawienia;Ajustes;Сохранить настройки;保存设置;Зберегти налаштування;Beállítások;Αποθήκευση ρυθμίσεων
Grafik speichern;Save diagram;Sauvegarder graphique;Salvare grafica;Grafiek opslaan;Grafik kaydetmek;Zapisz grafikę;Guardar gráfico;Сохранить графику;保存图形;Зберегти графіку;Grafika mentése;Αποθήκευση γραφικών
Überblick;Overview;Aperçu;Panoramica;Overzicht;Genel bakış ;Przegląd;Vista general;Обзор настроек;设置概览;Огляд налаштувань;Áttekintés;Επισκόπηση των ρυθμίσεων
Tabelle;table;Tableau;Tabella;Tabel;Tabela ;Tabela;Tabla;таблица;表格;таблиця;táblázat;πίνακας
Auswahl;Option;Sélection;Selezione;Keuze;Seçim ;Wybór;Selección;Выбор;选择;Вибір;Kiválasztás;Επιλογή
Zeitraster;Period;Schéma de temps;Schema temporale;Tijdschema;Zaman kılavuzu;Siatka czasu;Cuadrícula de tiempo;Временная сетка;时间网格;Часова сітка;Idő rács;Πλέγμα χρόνου
Werte speichern;Save numbers;Mémoriser les données;Memorizzare valori;Waarde opslaan;Değerleri kaydetmek;Zapisane wartości;Guardar valores;Сохранение значений;保存值;Зберегти значення;Értékek mentése;Αποθήκευση τιμών
Aktuelle Rezeptur;Current recipe;Recette actuelle;Ricetta attuale;Actuele receptuur;Güncel reçete ;Aktualna receptura;Receta actual;Текущий рецепт;当前配方;Поточний рецепт;Aktuális recept;Τρέχουσα συνταγή
up;Update;En haut;su;omhoog;yukarı ;w górę;arriba;вверх;上;вгору;fel;up
down;down;En bas;giù;omlaag;aşağı ;w dół;abajo;вниз;向下;вниз;le;κάτω
000.00 %;000.00 %;000.00 %;000.00 %;000.00 %;000.00 %;000.00 %;000.00 %;000.00 %;000.00 %;000.00 %;000.00 %;000.00 %
Liniensollwert [kg/h];Line setpoint [kg/h];Valeur cible ligne [kg/h];Set point di linea [kg/h];Lijndoorzet  (kg/h);Çizgi ayar noktası [kg/h];Nastawa linii [kg/h];Consigna de línea [kg/h];Уставка линии [кг/ч];生产线设定值 [kg/h］;Уставка лінії [кг/год];Vonali beállítási pont [kg/h];Σημείο ρύθμισης γραμμής [kg/h]
Nr.1;Nr.1;N° 1;N° 1;Nr.1;No 1;Nr 1;No.1;№ 1;1 号;No.1;No.1;Αρ.1
Nr.2;Nr.2;N° 2;N° 2;Nr.2;No 2;Nr 2;No.2;№ 2;编号 2;No.2;No.2;Νο.2
Nr.3;Nr.3;N° 3;N° 3;Nr.3;No 3;Nr 3;Nº3;Нет.3;编号 3;Номер три.;No.3;Αρ.3
Nr.4;Nr.4;N° 4;N° 4;Nr.4;No 4;Nr 4;No.4;Нет.4;编号 4;No.4;No.4;Αρ.4
Nr.5;Nr.5;N° 5;N° 5;Nr.5;No 5;Nr 5;No.5;Нет.5;编号 5;No.5;No.5;No.5
Dosiertyp;Dosing type;Type doseur;Tipo di dosatore;Doseertype;Dosaj tipi;Rodzaj dozowania;Tipo de dosificación;Тип дозирования;配料类型;Тип дозування;Adagolás típusa;Τύπος δοσολογίας
QM-Nr.;QM-No.;N° QM;N° QM;QM nr;QM No;QM-No.;Nº QM;QM №.;QM 编号;QM №.;QM sz.;QM αρ.
Werte übernehmen;Accept values;Accepter les données;Accettare valori;Waarden overnemen;Değerleri almak;Wartości przejęcia;Valores de recepción;Приемлемые значения;接受值;Допустимі значення;Elfogadható értékek;Αποδεκτές τιμές
Messbandwaage - WBM;Measure Belt Feeder - WBM;Doseur à bande - WBM;Dosatore a banda - WBM;Meetbandweger WBM;Measure Belt Feeder - WBM;Waga taśmowa pomiarowa - WBM;Báscula de cinta de medición - WBM;Весы с измерительной лентой - WBM;皮带秤 - WBM;Вимірювальні стрічкові ваги - WBM;Mérőszalag mérleg - WBM;Ζυγαριά ζώνης μέτρησης - WBM
neu;new;nouveau;nuovo;nieuw;yeni ;nowy;nuevo;Новый;新建;Створити;új;Νέο
löschen;clear;effacer;Cancellare;wissen;silmek ;usuń;borrar;Удалить;删除;Видалити;delete;Διαγραφή
Kalender;Calendar;Calendrier;Calendario;Kalender;Takvim ;Kalendarz;Calendario;Календарь;日历;Календар;Naptár;Ημερολόγιο
Heute;today;Aujourd’hui;Oggi;Vandaag;Bugün ;Dzisiaj;Hoy;Сегодня;今天;Сьогодні;Ma;Σήμερα
Sekunden;seconds;Secondes;Secondi;Seconden;Saniye ;Sekundy;Segundos;Секунды;秒;Секунди;Másodpercek;Δευτερόλεπτα
Istwert von;Massflow from;Valeur réelle de;Valore istantaneo di;Actuele waarde van;Gerçek değer den;Aktualna wartość z;Valor real de;Фактическое значение из;来自;Фактичне значення від;Tényleges érték a;Πραγματική τιμή από
Stellbefehl von;Drive com. from;Signal de commande de;Segnale di comando di;Opdrachtbereik van;Ayar komutu den ;Komenda z;Comando de posicionamiento de;Команда установки из;位置指令来自;Команда налаштування від;Hajtási parancs a;Εντολή οδήγησης από
Gewicht von;Net weight from;Poids de;Peso di;Gewicht van ;Ağırlık den ;Waga z;Peso desde;Вес от;从重量计;Вага від;Súly a;Βάρος από
Totalisator von;Totalizer from;Consommation de;Consumo di;Verbruik van;Tüketim den ;Sumator z;Totalizador desde;Сумматор от;累加器;Суматор від;Totalizátor a következőktől;Αθροιστής από
Dosierperformanz von;Dose performance from;Facteur Qmax de;Prestazioni dosaggio di;Maximale Doseerprestatie van;Q maksimum faktörü den ;Wydajność dozowania z;Rendimiento de dosificación desde;Производительность дозирования от;配料性能;Продуктивність дозування з;Az adagolási teljesítmény;Απόδοση δοσολογίας από
Sollwert von;Setpoint from;Valeur cible de;Set point di;Setpoint van;Ayar noktası dan ;Nastawa z;Consigna desde;Уставка от;设定点;Уставка від;Beállítási pont a;Σημείο ρύθμισης από
[U/min];[rpm];[tr/min];[1/min];Omw/min;[U/min];[obr/min];[rpm];[об/мин];转速;[об/хв];[rpm];[rpm]
Drehzahl von;Rot. speed from;Vitesse de rotation de;Regime di rotazione di;Toerental van;devir sayısı den;Prędkość od;Velocidad desde;Скорость от;转速;Швидкість від;Sebesség;Ταχύτητα από
Autogrenzen;Auto thresholds;Écart automatique;Limite automatico;Automatische grenzen;otomatik sınırlar ;Limity automatyczne;Límites automáticos;Автоматические пределы;自动限制;Автоматичні обмеження;Autóhatárok;Αυτόματα όρια
Rezepturname;Name;Nom de la recette;Nome ricetta;Receptnaam;Reçete isimleri;Nazwa receptury;Nombre de la receta;Название рецепта;配方名称;Назва рецепта;Recept neve;Όνομα συνταγής
Rezeptursumme;Recipe sum;Recette totale;Ricette totali;Recepttotaal;Reçete toplamı ;Suma receptur;Total receta;Общее количество рецептов;配方总数;Загальна кількість рецептів;Recept összesen;Σύνολο συνταγής
Rezeptursumme %;Recipe sum %;Recette totale %;Ricette totali %;Recepttotaal %;Reçete toplamı %;Suma receptur %;Total receta %;Общее количество рецептов %;配方总数 %;Загальна кількість рецептів у відсотках;Recept összesen %;Σύνολο συνταγής %
Anlagenmodus;Line mode;Mode d´opération;Modalità operativa;Systeemstatus;Tesis modu;Tryb pracy systemu;Modo del sistema;Режим работы системы;系统模式;Режим роботи системи;Rendszer mód;Λειτουργία συστήματος
Volumetrischer Einzelplatzdosierer - VOL;Volumetric stand-alone feeder - VOL;Doseur volumétrique, poste individuel - vol.;Dosatore volumetrico postazione individuale - VOL ;Volumetrische aparte plaats doseerunit - VOL;volumetrik tek dosajcı - VOL;Podajnik wolumetryczny jednostanowiskowy - VOL;Alimentador volumétrico monoestación - VOL;Объемный одностанционный питатель - VOL;体积式单工位喂料机 - VOL;Об'ємний одностанційний дозатор - VOL;Volumetrikus egyállomásos adagoló - VOL;Ογκομετρικός τροφοδότης ενός σταθμού - VOL
Hilfethemen;Help;Support;Supporto;Hulpprogramma's;Yardım konuları ;Tematy pomocy;Temas de ayuda;Темы справки;帮助主题;Довідкові теми;Súgó témák;Θέματα βοήθειας
About EasyControl ...;About EasyControl ...;À propos de EasyControl …;Su EasyControl ;Over EasyControl….;EasyControl hakkında…;O EasyControl ...;Acerca de EasyControl ...;О системе EasyControl ...;关于 EasyControl ...;Про EasyControl ...;Az EasyControlról ...;Σχετικά με το EasyControl ...
Istwert [kg/h];Massflow [kg/h];Débit [kg/h];Valore istantaneo [kg/h];Actuele waarde [kg/h];Gerçek değer [kg/h];Aktualna wartość [kg/h];Valor real [kg/h];Фактическое значение [кг/ч];实际值 [kg/h］;Фактичне значення [кг/год];Tényleges érték [kg/h];Πραγματική τιμή [kg/h]
Sollwert [kg/h];Setpoint [kg/h];Valeur cible [kg/h];Set point [kg/h];Setpoint [kg/h];Ayar noktası [kg/h];Nastawa [kg/h];Valor nominal [kg/h];Уставка [кг/ч];设定值 [kg/h］;Заданне значення [кг/год];Beállított érték [kg/h];Σημείο ρύθμισης [kg/h]
Sollwert;Setpoint;Valeur cible;Set point;Setpoint;Ayar noktası;Nastawa;Consigna;Уставка;设定值;Заданне значення;Beállítási pont;Τιμή-στόχος
Gewicht [kg];Weight [kg];Poids [kg];Peso;Gewicht (kg);Ağırlık  ;Waga [kg];Peso [kg];Вес [кг];重量 [kg］;Вага [кг];Súly [kg];Βάρος [kg]
Totalisator [kg];Totalizer [kg];Totalisateur [kg];Totalizzatore [kg];Totalisator [kg];Toplayıcı [kg];Sumator [kg];Totalizador [kg];Сумматор [кг];累加器 [kg］;Суматор [кг];Összegző [kg];Αθροιστής [kg]
Totalisator;Totalizer;Totalisateur;Totalizzatore;Totalisator;Toplayıcı;Totaliser;Totalizador;Сумматор;累加器;Суматор;Összegző;Αθροιστής
Datum;Date;Date;Data;Datum;Tarih ;Data;Fecha;Дата суммирования;累加器日期;Дата лічильника;Összesítő dátuma;Ημερομηνία αθροιστή
Remoteverbindungen bearbeiten;Edit remote connection;Éditer les connexions à distance;Modificare connessione remota;Herstel verbindingen bewerken;Remote bağlantıları düzenle;Edycja połączeń zdalnych;Editar conexiones remotas;Редактирование удаленных соединений;编辑远程连接;Редагування віддалених підключень;Távoli kapcsolatok szerkesztése;Επεξεργασία απομακρυσμένων συνδέσεων
EasyControl;EasyControl;EasyControl;EasyControl;EasyControl;EasyControl;EasyControl;EasyControl;EasyControl;简易控制;EasyControl;EasyControl;EasyControl
Systemzeit ändern;Change system time;Changer l’heure système;Modificare dispositivo orologeria;Systeemtijd wijzigen;Sistem zamanı değiştir;Zmiana czasu systemowego;Cambiar la hora del sistema;Изменение системного времени;更改系统时间;Зміна системного часу;Rendszeridő módosítása;Αλλαγή ώρας συστήματος
Datensicherung erfolgreich abgeschlossen!;Backup completed successfully!;Sauvegarde des données terminée avec succès!;Memorizzazione dati terminata con successo!;Gegevensopslag succesvol afgerond!;Veriler başarılı kaydedildi ;Backup danych zakończony sukcesem!;¡Copia de seguridad de datos completada con éxito!;Резервное копирование данных успешно завершено!;数据备份成功完成！;Резервне копіювання даних успішно завершено!;Az adatmentés sikeresen befejeződött!;Η δημιουργία αντιγράφων ασφαλείας δεδομένων ολοκληρώθηκε με επιτυχία!
Fehler beim Sichern der Daten!;Error saving file!;Erreur de sauvegarde des données!;Errore nella memorizzazione dati!;Fouten bij opslaan gegevens!;Veri kaydında hata oluştu ;Błąd podczas zapisywania danych!;¡Error al guardar datos!;Ошибка при резервном копировании данных!;备份数据时出错！;Помилка під час резервного копіювання даних!;Hiba az adatmentés során!;Σφάλμα κατά τη δημιουργία αντιγράφων ασφαλείας δεδομένων!
Alarm;Alarm;Alarme;Allarme;Alarm;Alarm ;Alarm;Alarma;Сигнал тревоги;警报;Сигнал тривоги;Riasztás;Συναγερμός
Die Rezeptur passt nicht zur aktuellen Anlagendimension!;Recipe is not compatible with the actual system dimension!;La recette ne correspond pas avec la ligne de dosage actuelle!;La ricetta non corrisponde alla linea di dosaggio attuale!;Het recept past niet in de actuele recept waarden!;Reçete güncel tesis boyutuna uymuyor ;Receptura nie pasuje do aktualnego wymiaru systemu!;¡La receta no coincide con la dimensión actual del sistema!;Рецепт не соответствует текущему размеру системы!;配方与当前系统尺寸不匹配！;Рецепт не відповідає поточним розмірам системи!;A recept nem felel meg az aktuális rendszerméretnek!;Η συνταγή δεν ταιριάζει με την τρέχουσα διάσταση του συστήματος!
Dosiereigenschaften übernehmen?;Accept dosing properties?;Accepter les propriétés de dosage ?;Accettare le proprietà di dosaggio?;Doseereigenschappen overnemen?;Dosaj ayarları aktarılsın mı?;Zastosować właściwości dozowania?;¿Aplicar propiedades de dosificación?;Принять свойства дозирования?;接受配料属性？;Прийняти властивості дозування?;Adagolási tulajdonságok elfogadása?;Αποδοχή ιδιοτήτων δοσολογίας
wirklich löschen?;really delete ?;vraiment effacer ?;Cancellare, eseguire?;werkelijk wissen?;gerçekten mi?;Naprawdę usunąć?;¿Borrar realmente?;Действительно удалить?;真的要删除？;Дійсно видалити?;Tényleg törölni?;Πραγματική διαγραφή
Dosiervorgang abbrechen?;Cancel dosing process ?;Arrêter dosage ?;Interrompere dosaggio?;Doseerproces afbreken?;Dosaj işlemi iptal edilsin mi?;Anulować proces dozowania?;¿Cancelar proceso de dosificación?;Отменить процесс дозирования?;取消配料过程？;Скасувати процес дозування?;Adagolási folyamatot törölni?;Ακυρώστε τη διαδικασία δοσομέτρησης
EasyControl wirklich beenden?;Do you really want to exit EasyControl ?;Voulez-vous vraiment quitter EasyControl ?;Uscire da Easy Touch, eseguire?;EasyControl werkelijk stoppen?;EasyControl gerçekten bitirilsin mi?;Naprawdę zakończyć EasyControl?;¿Realmente finalizar EasyControl?;Действительно отменить EasyControl?;真的取消 EasyControl？;Дійсно скасувати EasyControl?;Tényleg törölje az EasyControlt?;Πραγματικά ακυρώνετε το EasyControl
Kalibriervorgang abbrechen?;Cancel calibration process?;Annuler le calibrage?;Annullare calibratura?;Kalibrering afbreken?;Kalibrasyon işlemi iptak edilsin mi?;Anulować proces kalibracji ?;¿Cancelar proceso de calibración?;Отменить процесс калибровки?;取消校准过程？;Скасувати процес калібрування?;Kalibrálási folyamatot törölni?;Ακυρώστε τη διαδικασία βαθμονόμησης
überschreiben ?;overwrite ?;Remplacer?;Sovrascrivere;overschrijven;üstüne yazılsın mı?;nadpisać?;¿sobrescribir?;перезаписать?;覆盖？;Перезаписати?;Felülírja ?;Αντικατάσταση?
Tarierung wirklich aktualisieren?;Do you really want to update the taring value ?;Voulez-vous vraiment actualiser la tare automatique?;Attualizzare la taratura, eseguire?;Tarrering werkelijk actualiseren ?;Sunum gerçekten güncellensin mi?;Naprawdę zaktualizować tarowanie?;¿Realmente actualizar tarado?;Действительно обновляете таринг?;真的更新定量？;Дійсно оновити тарування?;Tényleg frissítse a taringot?;Πραγματική ενημέρωση της ταρίχευσης?
Totalisator nullen?;Reset totalizer ?;Mettre le totalisateur à zéro?;Azzerare consumo?;Verbruik op nul zetten ?;Tüketim sıfırlansın mı?;Wyzerować sumator ?;¿Poner a cero el totalizador?;Обнулить тотализатор?;将累加器清零？;Обнулити суматор?;Nullázza a számlálót?;Να μηδενίσετε το κοντέρ?
Totalisator zurücksetzen?;Do you want to reset the totalizer ?;Réinitialiser le totalisateur?;Ripristinare quantità di consumo?;Verbruikshoeveelheid terugzetten?;Tüketim miktarı varsayına sıfırlansın mı?;Wyzerować sumator ?;¿Poner a cero el totalizador?;Обнулить тотализатор?;重置累加器？;Обнулити лічильник?;Totalizátor visszaállítása?;Επαναφορά αθροιστή
Totalisator wirklich nullen?;Do you really want tor reset the totalizer?;Voulez-vous vraiment remettre le totalisateur à zéro?;Azzerare consumo, eseguire?;Verbruik werkelijk op nul zetten?;Tüketimi gerçekten sıfırla?;Naprawdę wyzerować sumator ?;Poner realmente a cero el totalizador ?;Действительно обнулить тотализатор?;真正清零累加器？;Дійсно обнулити лічильник?;Tényleg nullázza a totalizátort?;Πραγματικός μηδενισμός του αθροιστή
Waage tarieren?;Tare scale ?;Tarer la balance ?;Tarare la bilancia?;Weegschaal tarreren?;Tartıyı tasvir etmek;Tarować saldo ?;¿Saldo de tara?;Обнулить баланс?;给天平去皮？;Тарувати залишок?;Tárazza a mérleget?;Ταρίχευση του ισοζυγίου
Automatische Tarierung wirklich starten?;Do you really want to start the automatic taring?;Voulez-vous vraiment démarrer la tare automatique?;Avviare (la) taratura automatica, eseguire?;Automatische tarrering werkelijk starten?;Otomatik sunum gerçekten başlatılsın mı?;Naprawdę rozpocząć automatyczne tarowanie ?;¿Iniciar realmente la tara automática?;Действительно запустить автоматическое тарирование?;真的开始自动剪毛？;Дійсно запустити автоматичне тарування?;Tényleg elindítja az automatikus tarálást?;Πραγματική έναρξη αυτόματης ταρίχευσης
wirklich abmelden?;really log out ?;vraiment vous déconnecter ?;Disconnettersi, eseguire?;werkelijk afmelden?;gerçekten oturum kapatılsın mı?;Naprawdę wylogować się ?;¿Realmente firmar?;Действительно выйти из системы?;真的要注销？;Дійсно вийти з системи?;Tényleg kijelentkezik?;Πραγματική αποσύνδεση
Rezeptur öffnen...;Open recipe ...;Ouvrir recette…;Aprire ricetta;Receptuur openen…;Reçeteyi aç…;Otworzyć recepturę...;Receta abierta...;Открыть рецепт...;打开配方...;Відкрити рецепт...;Nyissa meg a receptet...;Ανοίξτε τη συνταγή...
SLC Wiegezelle Überlast;SLC scale overloaded;Capteur de pesage en surcharge LC;SLC cella di pesa - sovraccarico;SLC weegcel overbelast;SLC scale overloaded;SLC Przeciążenie komory wagowej;Sobrecarga de la célula de carga SLC;Перегрузка тензодатчика SLC;SLC 称重传感器过载;Перевантаження тензодатчика SLC;SLC terhelésmérő cella túlterhelése;Υπερφόρτωση κυψέλης φορτίου SLC
Level 0;Level 0;Niveau 1;Livello 0;Niveau 0;Seviye 0;Poziom 0;Nivel 0;Уровень 0;0 级;Рівень 0.;0. szint;Επίπεδο 0
Level 1;Level 1;Niveau 2;Livello 1;Niveau 1;Seviye 1;Poziom 1;Nivel 1;Уровень 1;1 级;Рівень 1;1. szint;Επίπεδο 1
Level 2;Level 2;Niveau 3;Livello 2;Niveau 2;Seviye 2;Poziom 2;Nivel 2;Уровень 2;第 2 级;Рівень 2;2. szint;Επίπεδο 2
Level 3;Level 3;Niveau 4;Livello 3;Niveau 3;Seviye 3;Poziom 3;Nivel 3;Уровень 3;第 3 级;Рівень 3;3. szint;Επίπεδο 3
Alarmmeldung;Alarm message;Message d’alarme;Segnale d'allarme;Alarmmelding;Alarm bildirisi ;Komunikat alarmowy;Mensaje de alarma;Аварийное сообщение;报警信息;Тривожне повідомлення;Riasztási üzenet;Μήνυμα συναγερμού
Anzeige;Display;Affichage;Segnale;Weergave;Gösterge;Wyświetlacz;Pantalla;Дисплей;显示;Дисплей;Kijelző;Οθόνη
AUS;OFF;Arrêt;Arresto;UIT;Kapat ;OFF;OFF;ВЫКЛ;关闭;ВИМКНЕНО;OFF;OFF
Automatikbetrieb beenden?;Exit automatic mode?;Arrêter du mode automatique?;Arrestare funzionamento automatico?;Automatische werking stoppen?;Otomatik mod kapatılsın mı?;Zakończyć pracę automatyczną?;¿Fin del funcionamiento automático?;Завершить автоматический режим?;结束自动模式？;Завершити автоматичний режим?;Automatikus üzemmód befejezése?;Τερματισμός αυτόματης λειτουργίας
Dosiereigenschaften;Dose properties;Propriétés de dosage;Proprietà di dosaggio;Doseereigenschappen ;Dosaj ayarları  ;Właściwości dozowania;Propiedades de dosificación;Свойства дозатора;配料属性;Властивості дозування;Adagolási tulajdonságok;Ιδιότητες δοσομέτρησης
Dosierer;Feeder;Doseur;Dosatore;Doseerunit;Dosajcı ;Dozownik;Dosificador;Дозатор;配料装置;Дозатор;Adagoló egység;Μονάδα δοσομέτρησης
konnte nicht gestoppt werden!;could not be stopped!;n’a pas pu être arrêté !;non può essere fermato/bloccato!;kon niet worden gestopt!;durdurulamadı!;nie może zostać zatrzymany!;¡no se ha podido parar!;невозможно остановить!;无法停止！;неможливо зупинити!;nem lehetett leállítani!;δεν μπόρεσε να σταματήσει!
Drehzahl;Rotation speed;Vitesse de rotation;Regime di rotazione ;Toerental;Devir sayısı  ;Prędkość;Velocidad;Скорость;速度;Швидкість;Sebesség;Ταχύτητα
Durchsatz [kg/h];Massflow [kg/h];Débit [kg/h];Throughput [kg/h];Doorzet [kg/h];Verim [kg/h];Wydajność [kg/h];Rendimiento [kg/h];Пропускная способность [кг/ч];吞吐量 [kg/h］;Продуктивність [кг/год];Áteresztőképesség [kg/h];Απόδοση [kg/h]
Durchsatz;Massflow;Débit;Throughput;Doorzet;Verim ;Wydajność;Rendimiento;Пропускная способность;吞吐量;Пропускна здатність;Áteresztőképesség;Απόδοση
Fehler beim Speichern der Anlagendaten!;Error saving system data!;Erreur de sauvegarde des données du système!;Errore nella memorizzazione dati dell'impianto!;Fout bij opslaan systeemaandeel!;Tesis verileri kaydetmekte hata yaşandı!;Błąd przy zapisywaniu danych systemowych!;Error al guardar los datos del sistema.;Ошибка сохранения системных данных!;保存系统数据出错！;Помилка збереження даних системи!;Hiba a rendszeradatok mentése!;Σφάλμα αποθήκευσης των δεδομένων του συστήματος!
Fehler beim Öffnen der Systemeinstellungen!;Error opening system configuration!;Erreur d’ouverture des paramètres du système!;Errore nell'apertura parametri del sistema!;Fout bij het openen van de systeeminstellingen!;Sistem ayarlarını açmakta hata yaşandı!;Błąd przy otwieraniu ustawień systemowych!;Error al abrir los ajustes del sistema.;Ошибка открытия системных настроек!;打开系统设置出错！;Помилка відкриття системних налаштувань!;Hiba a rendszerbeállítások megnyitásakor!;Σφάλμα ανοίγματος των ρυθμίσεων του συστήματος!
Fehler beim Speichern der Systemeinstellungen!;Error saving system configuration!;Erreur de sauvegarde des paramètres du système!;Errore nella memorizzazione parametri del sistema!;Fout bij het opslaan van de systeeminstellingen!;Sistem ayarlarını kaydetmekte hata yaşandı!;Błąd przy zapisywaniu ustawień systemowych!;Error al guardar los ajustes del sistema.;Ошибка сохранения системных настроек!;保存系统设置时出错;Помилка збереження системних налаштувань!;Hiba a rendszerbeállítások mentése!;Σφάλμα αποθήκευσης των ρυθμίσεων του συστήματος!
Fehler beim Inititialisieren der Gerätesteuerung;Error initializing device control!;Erreur d’initialisation de l’unité de commande!;Errore nell'avviamento comandi dell'apparecchiatura!;Fout bij het initieren van de apparatuurbesturing;Cihaz kontrolü başlatmakta hata yaşandı;Błąd przy inicjalizacji sterowania urządzenia!;Error al inicializar el control de la unidad;Ошибка инициализации управления устройством;初始化设备控制时出错;Помилка ініціалізації керування пристроєм;Hiba a készülékvezérlő egység inicializálásakor;Σφάλμα κατά την αρχικοποίηση του ελέγχου της συσκευής
Fehler beim Öffnen der Rezeptur!;Error opening recipe!;Erreur d’ouverture de la recette!;Errore nell'apertura ricetta!;Fout bij het openen van het recept!;Reçeteyi açmakta hata yaşandı!;Błąd przy otwieraniu receptury!;¡Error al abrir la receta!;Ошибка открытия рецепта!;打开配方时出错！;Помилка відкриття рецепта!;Hiba a recept megnyitásakor!;Σφάλμα κατά το άνοιγμα της συνταγής!
Fehler beim Speichern der Rezeptur!;Error saving recipe!;Erreur de sauvegarde de la recette!;Errore nella memorizzazione ricetta!;Fout bij het oplaan van het recept!;Reçeteyi kaydetmekte hata yaşandı!;Błąd przy zapisywaniu receptury!;¡Error al guardar la receta!;Ошибка сохранения рецепта!;保存配方出错！;Помилка збереження рецепта!;Hiba a recept mentésekor!;Σφάλμα αποθήκευσης της συνταγής!
Fehler beim Speichern der Alarmliste!;Error saving alarm list!;Erreur de sauvegarde de la liste des alarmes!;Errore nella memorizzazione lista di allarme!;Fout bij het opslaan van de alarmlijst!;Alarm listesini kaydetmekte hata yaşandı!;Błąd przy zapisywaniu listy alarmów!;¡Error al guardar la lista de alarmas!;Ошибка сохранения списка сигналов тревоги!;警报列表保存出错！;Помилка збереження списку тривог!;Hiba a riasztási lista mentésekor!;Σφάλμα αποθήκευσης της λίστας συναγερμών!
Kalibrierung kann nicht gestartet werden!;Calibration cannot be started!;Le calibrage ne peut pas être démarré!;Calibratura non può essere avviata!;Kalibratie kan niet worden gestart!;Kalibrasyon başlatılamadı!;Nie można rozpocząć kalibracji!;¡No se puede iniciar la calibración!;Калибровка не может быть запущена!;无法开始校准！;Не вдається запустити калібрування!;A kalibrálás nem indítható el!;Η βαθμονόμηση δεν μπορεί να ξεκινήσει!
Kalibrationszeit zu gering! Geben Sie ein Messzeit von mindestens 30 Sekunden ein!;Calibration time too short! Enter a measuring time of at least 30 seconds!;Temps de calibrage trop court ! Indiquez un temps de mesure d'au moins 30 secondes !;Tempo di calibrazione troppo breve! Immettere un tempo di misurazione di almeno 30 secondi!;Kalibratietijd te kort! Voer een meettijd van minstens 30 seconden in!;Kalibrasyon süresi çok kısa! En az 30 saniyelik bir ölçüm süresi girin!;Zbyt krótki czas kalibracji! Wprowadź czas pomiaru wynoszący co najmniej 30 sekund!;¡Tiempo de calibración demasiado corto! Introduzca un tiempo de medición de al menos 30 segundos.;Слишком короткое время калибровки! Введите время измерения не менее 30 секунд!;校准时间太短！输入至少 30 秒的测量时间！;Занадто короткий час калібрування! Введіть час вимірювання не менше 30 секунд!;Túl rövid a kalibrációs idő! Adjon meg legalább 30 másodperces mérési időt!;Ο χρόνος βαθμονόμησης είναι πολύ σύντομος! Εισάγετε χρόνο μέτρησης τουλάχιστον 30 δευτερολέπτων!
Drehgeberfehler!;Encoder error!;Erreur du capteur rotatif!;Errore misuratore regime di rotazione!;Fout toerentalweergever!;Enkoder hatası!;Błąd enkodera!;Error de codificador;Ошибка энкодера!;编码器错误！;Помилка датчика!;Encoder hiba!;Σφάλμα κωδικοποιητή!
Kalibrierung kann nicht gestartet werden, weil momentan nachgefüllt wird!;Calibration cannot be started now because the feeder is being refilled!;Le calibrage ne peut pas être démarré, parce que le remplissage est en cours!;La calibratura non può essere avviata, perché è in corso il riempimento!;Kalibratie kan niet worden gestart omdat er nagevuld wordt!;Kalibrasyon şu an yeniden doldurulduğu için başlatılamıyor!;Kalibracja nie może zostać rozpoczęta, ponieważ trwa uzupełnianie!;No se puede iniciar la calibración porque se está rellenando el depósito.;Калибровка не может быть запущена, так как идет дозаправка!;由于正在加注，因此无法开始校准！;Неможливо розпочати калібрування, оскільки триває заправка!;A kalibrálás nem indítható, mert a feltöltés folyamatban van!;Η βαθμονόμηση δεν μπορεί να ξεκινήσει επειδή βρίσκεται σε εξέλιξη επαναπλήρωση!
Ungültiger Kalibrierstellbefehl!;Invalid calibration drive command!;Signal de commande du calibrage invalide!;Segnale di comando della calibratura non valido!;Ongeldige kalibratie instelwaarde!;Invalid calibration drive command!;Nieprawidłowe polecenie ustawienia kalibracji!;Comando de ajuste de calibración no válido.;Неверная команда настройки калибровки!;校准设置命令无效！;Неправильна команда налаштування калібрування!;Érvénytelen kalibrálási beállítási parancs!;Μη έγκυρη εντολή ρύθμισης βαθμονόμησης!
Ungültige Messzeit!;Invalid test time!;Temps de mesure invalide!;Tempo di misurazione non valido!;Ongeldige meettijd!;Geçersiz ölçüm zamanı!;Niewłaściwy czas pomiaru!;Tiempo de medición no válido.;Неверное время измерения!;测量时间无效;Неправильний час вимірювання!;Érvénytelen mérési idő!;Άκυρος χρόνος μέτρησης!
Ungültiger Stellbefehl!;Invalid drive command!;Signal de commande invalide!;Segnale di comando non valido!;Ongeldige instelbaarde!;Geçersiz ayar komutu!;Niewłaściwe polecenie kalibracji!;Comando de calibración no válido.;Неверная команда позиционирования!;定位命令无效！;Неправильна команда позиціонування!;Érvénytelen beállítási parancs!;Μη έγκυρη εντολή κίνησης!
Eingegebene Kalibriermesszeit ist zu kurz! Messzeit wird auf 30 Sekunden erhöht!;Your calibration time is too short! Time is set to 30 s!;Le temps de mesure du calibrage suggéré est trop court!\nLe temps de mesure sera réglé à 30 secondes!;Tempo di misurazione suggerito troppo breve! Tempo di misurazione aumentato a 30 secondi!;Opgegeven kalibratiemeettijd is te kort! Meettijd wordt verhoogd met 30 seconden!;Verilen kalibrasyon ölçüm zamanı çok kısa! Ölçüm zamanı 30 saniye arttılıyor!;Wprowadzony czas pomiaru kalibracji jest zbyt krótki! Czas pomiaru został wydłużony do 30 sekund!;El tiempo de medición de calibración introducido es demasiado corto. El tiempo de medición se ha aumentado a 30 segundos.;Введено слишком короткое время измерения калибровки! Время измерения увеличено до 30 секунд!;输入的校准测量时间太短！测量时间延长至 30 秒！;Введено занадто короткий час вимірювання калібрування! Час вимірювання збільшено до 30 секунд!;A beírt kalibrációs mérési idő túl rövid! A mérési idő 30 másodpercre nőtt!;Ο χρόνος μέτρησης βαθμονόμησης που έχει εισαχθεί είναι πολύ μικρός! Ο χρόνος μέτρησης αυξάνεται στα 30 δευτερόλεπτα!
Zu geringer Kalibrierstellbefehl!;Drive command for calibration too low!;Signal de commande du calibrage trop faible!;Segnale comando di calibratura troppo basso!;Te kleine kalibreerinstelwaarde!;Çok düşük kalibrasyon ayar komutu!;Zbyt krótkie polecenie ustawienia kalibracji!;¡Comando de ajuste de calibración demasiado corto!;Слишком низкая команда настройки калибровки!;校准设置命令过低！;Занадто низька команда налаштування калібрування!;Túl alacsony kalibrálási beállítási parancs!;Η εντολή ρύθμισης βαθμονόμησης είναι πολύ χαμηλή!
Ungültige IP-Adresse!;Invalid IP-address!;Adresse - IP invalide!;Indirizzo-IP non valido!;Ongeldig IP adres;Geçersiz İP - adresi!;Nieprawidłowy adres IP!;Dirección IP no válida.;Неверный IP-адрес!;无效 IP 地址！;Неправильна IP-адреса!;Érvénytelen IP-cím!;Μη έγκυρη διεύθυνση IP!
Sie haben keine ausreichende Berechtigung für diese Aktion. \n Bitte wenden Sie sich an Ihren Administrator!;This action cannot be executed due to missing rights.\n Please contact your administrator.;Vous n’avez pas d'autorisation suffisante pour cette action.\nVeuillez vous adressez à votre administrateur!;Autorizzazione insufficiente per l'operazione. Rivolgersi all'amministratore!;U heeft geen toegang voor deze actie. Wend u zich tot uw admin!;Sizin bu eylemi gerçekleştirmek için gerekli yetkiniz yok.\nLütfen yöneticiniz ile irtibata geçiniz!;Nie masz wystarczających uprawnień do tej czynności.\nProszę skontaktować się z administratorem!;No dispone de autorización suficiente para esta acción.\nPóngase en contacto con su administrador.;Вы не имеете достаточных полномочий для выполнения этого действия.\nОбратитесь к своему администратору!;您没有足够的权限执行此操作。\请联系您的管理员！;Ви не маєте достатніх повноважень для цієї дії. Зверніться до адміністратора!;Nincs elegendő jogosultsága ehhez a művelethez. \n Kérjük, lépjen kapcsolatba a rendszergazdával!;Δεν έχετε επαρκή εξουσιοδότηση για αυτή την ενέργεια.\n Επικοινωνήστε με το διαχειριστή σας!
Ungültige Gewichtsbegrenzung! Werte werden automatisch angepasst!;Invalid thresholds! Values will be adjusted automatically!;Limitation de poids invalide ! Les données seront adaptées automatiquement!;Limite di peso non valido! Valori regolati automaticamente!;Ongeldige gewichtsbegrenzing! Waarden worden automatisch aangepast;Geçersiz ağırlık sınırı! Değerler otomatik olarak uyduruluyor!;Nieprawidłowy limit masy! Wartości są korygowane automatycznie!;¡Límite de peso no válido! Los valores se ajustan automáticamente.;Неверный предел веса! Значения корректируются автоматически!;重量限制无效！数值会自动调整！;Неправильне обмеження ваги! Значення налаштовано автоматично!;Érvénytelen súlyhatár! Az értékek automatikusan kiigazításra kerülnek!;Μη έγκυρο όριο βάρους! Οι τιμές προσαρμόζονται αυτόματα!
Fehler beim Setzen der Sensoradresse!;Error setting sensor address!;Erreur de saisie de l’adresse du capteur!;Errore nell'impostazione dell'indirizzo sensore!;Fout bij het adresseren van de sensor!;Sensör adresini belirlemekte hata yaşandı!;Błąd przy ustawianiu adresu czujnika!;¡Error al configurar la dirección del sensor!;Ошибка при установке адреса датчика!;传感器地址设置错误;Помилка встановлення адреси датчика!;Hiba az érzékelő címének beállításában!;Σφάλμα ρύθμισης της διεύθυνσης του αισθητήρα!
Fehler beim Registrieren der Messzelle!;Error registering load cell!;Erreur d’enregistrement du capteur de poids!;Errore nella registrazione cella di peso!;Fout bij het registreren van de loadcell!;Ölçüm hücresini kaydetmekte hata yaşandı!;Błąd przy rejestracji ogniwa pomiarowego!;Error al registrar la célula de medición.;Ошибка при регистрации измерительной ячейки!;测量单元注册错误;Помилка реєстрації вимірювальної комірки!;Hiba a mérőcella regisztrálásában!;Σφάλμα καταχώρησης της κυψέλης μέτρησης!
Fehler beim Ausschalten der Reset-Funktion!;Error switching off reset function!;Erreur d’arrêt de la fonction de réinitialisation!;Errore nell'arresto funzione Reset!;Fout bij het uitzetten van de resetfunctie! ;Sıfırlama işlevini kapatmakta hata yaşandı!;Błąd przy wyłączaniu funkcji reset!;¡Error al desconectar la función de reset!;Ошибка при отключении функции сброса!;关闭复位功能时出错！;Помилка при вимкненні функції скидання!;Hiba a reset funkció kikapcsolásakor!;Σφάλμα κατά την απενεργοποίηση της λειτουργίας επαναφοράς!
EEprom-Schreibschutzschalter schliessen und OK drücken!;Close EEprom-write protection and press OK!;Fermez l´interrupteur de protection d'écriture d'EEprom et appuyer sur OK!;Chiudere interruttore della protezione di scrittura EEPROM e premere OK!;EEPROM schrijfbeveiligingsschakelaar sluiten en op OK drukken!;Close EEprom-writeprotection and press OK!;Zamknij przełącznik ochrony przed zapisem EEprom i naciśnij OK!;¡Cierre el interruptor de protección contra escritura de la EEprom y pulse OK!;Закройте переключатель защиты EEPROM от записи и нажмите OK!;关闭 EEPROM 写保护开关并按 OK（确定）！;Замкніть перемикач захисту від запису EEPROM і натисніть OK!;Zárja be az EEPROM írásvédelmet biztosító kapcsolót, és nyomja meg az OK gombot!;Κλείστε το διακόπτη προστασίας εγγραφής EEPROM και πατήστε OK!
Fehler beim Abschalten des EEPROM-Schreibschutzes!;Error turning off the EEprom write protection!;Erreur d’arrêt de la protection d’écriture d’EEprom!;Errore nell'arresto della protezione di scrittura EEPROM!;Fout bij het uitzetten van de EEPROM schrijfbeveiliging!;EEPROM-yazılım korumasını kapatmakta hata yaşandı!;Błąd przy wyłączaniu ochrony przed zapisem EEPROM!;Error al desactivar la protección contra escritura de la EEPROM.;Ошибка при выключении защиты EEPROM от записи!;关闭 EEPROM 写保护时出错！;Помилка при вимкненні захисту від запису EEPROM!;Hiba az EEPROM írásvédelmének kikapcsolásakor!;Σφάλμα κατά την απενεργοποίηση της προστασίας εγγραφής EEPROM!
Fehler beim Einschalten des EEPROM-Schreibschutzes!;Error turning on write protection!;Erreur d’activation de la protection d’écriture d’EEprom!;Errore nell'avvio della protezione di scrittura EEPROM!;Fout bij het aanzetten van de EEPROM schrijfbeveiliging!;EEPROM-yazılım korumasını açmakta hata yaşandı!;Błąd przy włączaniu ochrony przed zapisem EEPROM!;Error al activar la protección contra escritura de la EEPROM.;Ошибка при включении защиты от записи в EEPROM!;打开 EEPROM 写保护时出错！;Помилка при увімкненні захисту від запису EEPROM!;Hiba az EEPROM írásvédelmének bekapcsolásakor!;Σφάλμα κατά την ενεργοποίηση της προστασίας εγγραφής EEPROM!
EEprom-Schreibschutzschalter öffnen und OK drücken!;Open the EEprom-write protection and press OK!;Ouvrir l´interrupteur de protection d'écriture d'EEprom et appuyer sur OK!;Aprire interruttore della protezione di scrittura EEPROM e premere OK!;EEPROM schrijfbeveiligingsschakelaar openen en op OK drukken!;Eeprom-yazılım koruması şalterinni açıp OK basınız!;Otwórz przełącznik ochrony przed zapisem EEprom i naciśnij OK!;Abra el interruptor de protección contra escritura de la EEprom y pulse OK.;Разомкните переключатель защиты от записи ЭСППЗУ и нажмите OK!;打开 EEPROM 写保护开关并按 OK！;Відкрийте перемикач захисту від запису EEprom і натисніть OK!;Nyissa ki az EEprom írásvédelmi kapcsolót, és nyomja meg az OK gombot!;Ανοίξτε το διακόπτη προστασίας εγγραφής EEprom και πατήστε OK!
Tarierung kann nicht getartet werden!;Taring cannot be started!;Le tarage ne peut pas être démarré!;Taratura non può essere avviata!;Tarrering kan niet gestart worden!;Dara başlatılamadı!;Nie można rozpocząć tarmoszenia!;No se puede iniciar el tarado.;Невозможно запустить процесс тарирования!;无法开始分纸！;Неможливо запустити тарування!;A tarolás nem indítható el!;Δεν είναι δυνατή η έναρξη του ταρίχευσης!
Tarierzeit zu gering!;Taring time too short!;Le temps de tarage est trop court!;Tempo di taratura troppo basso!;Tarreertijd te kort!;Dara zamanı çok düşük!;Zbyt krótki czas tarowania!;Tiempo de tara demasiado corto.;Слишком короткое время тарирования!;分度时间太短！;Занадто короткий час тарування!;Túl rövid a töltési idő!;Πολύ μικρός ο χρόνος εκτύλιξης!
Fehler beim Tarieren der Waage!;Error taring scale!;Erreur de tarage de la balance!;Errore nella taratura bilancia!;Fout bij het tarreren van de weegschaal!;Tartıyı daralamakta hata yaşandı!;Błąd przy tarowaniu wagi!;¡Error al tarar la balanza!;Ошибка при тарировании баланса!;刻划栅尺时出错！;Помилка при таруванні ваг!;Hiba a mérleg tarolásakor!;Σφάλμα κατά την ταρίχευση της κλίμακας!
Fehler;Error;Erreur ;Errore;Fout;Hata ;Błąd;Error;Ошибка;错误;Помилка;Hiba;Σφάλμα
ICP-Alarme;ICP-alarms;Alarme ICP;Allarme-ICP;ICP alarm!;İCP - alarmları;Alarmy ICP;Alarmas ICP;Аварийные сигналы ICP;ICP 警报;Сигнали тривоги ICP;ICP riasztások;Συναγερμοί ICP
Wählen Sie das Objekt aus, für das die Hilfe angezeigt werden soll.;Select an object to obtain help;Choisissez l'objet, pour lequel l'aide doit être indiquée.;Scegliere l'oggetto, per cui deve essere indicato l'aiuto;Kiest u het onderwerp uit waarvoor hulp weergegeven moet worden;Yardım gösterilmesi gereken maddeyi seçiniz.;Wybrać obiekt, dla którego ma być wyświetlona pomoc.;Seleccione el objeto para el que desea visualizar la ayuda.;Выберите объект, для которого необходимо отобразить справку.;选择要显示帮助的对象。;Виберіть об'єкт, для якого потрібно відобразити довідку.;Válassza ki azt az objektumot, amelyhez a súgó megjelenítését kéri.;Επιλέξτε το αντικείμενο για το οποίο θα εμφανιστεί η βοήθεια.
existiert bereits ... trotzdem überschreiben?;already exists.. Overwrite?;Existe déjà… remplacer quand même?;già esistente…… nonostante ciò sovrascrivere?;werkt reeds-- desondanks overschrijven!;zaten mevcut… yineden üzerine yazılsın mı?;już istnieje ... nadpisać mimo to?;ya existe ... ¿sobrescribir de todos modos?;уже существует ... перезаписать?;已经存在... 无论如何都要覆盖？;вже існує ... все одно перезаписати?;már létezik ... amúgy is felülírja?;υπάρχει ήδη ... αντικατάσταση ούτως ή άλλως
Dosierung ist leer;Feeder empty;Doseur vide;Dosatore vuoto;Doseerunit is leeg!;Dosajlama boş;Dozowanie jest puste;La dosificación está vacía;Дозатор пуст;配料为空;Дозатор порожній;Az adagolás üres;Η δοσολογία είναι άδεια
Drehgeberfehler;Encoder error;Erreur de capteur rotatif;Errore misuratore regime di rotazione;Toerentalfout!;Encoder error;Błąd enkodera;Error de codificador;Ошибка энкодера;编码器错误;Помилка кодера;Kódoló hiba;Σφάλμα κωδικοποιητή
Bitte beachten: Min-Bandlast ist größer als Max-Bandlast!;Please note: Min-belt load is larger than Max-belt load!;Attention: Charge min. de la bande > charge max. de la bande!;Attenzione: carico di banda min. maggiore di carico di banda max.!;Attentie!  Min. bandbelading is groter als max. bandbelading! ;Dikkat: asgari bant yükü maksimum bant yükünden daha büyük!;Proszę zwrócić uwagę: Min. obciążenie pasma jest większe niż maks. obciążenie pasma!;Tenga en cuenta: ¡La carga de la banda mínima es mayor que la carga de la banda máxima!;Обратите внимание: Нагрузка в минимальном диапазоне больше нагрузки в максимальном диапазоне!;请注意： 最小配料带负载大于最大配料带负载！;Зверніть увагу: Мінімальне навантаження діапазону перевищує максимальне навантаження діапазону!;Kérjük, vegye figyelembe! A minimális sávterhelés nagyobb, mint a maximális sávterhelés!;Λάβετε υπόψη σας: Το ελάχιστο φορτίο ζώνης είναι μεγαλύτερο από το μέγιστο φορτίο ζώνης!
Istwert Alarm hoch;Massflow Error +;Alarme débit haut;Allarme valore istantaneo alto ;Alarm werkelijke waarde hoog!;Gerçek değer alarmı yüksek;Aktualna wartość alarm wysoki;Alarma de valor real alto;Сигнал тревоги по фактическому значению высокий;实际值警报高;Сигнал тривоги фактичного значення високий;Tényleges érték riasztás magas;Υψηλός συναγερμός πραγματικής τιμής
Istwert Alarm tief;Massflow Error -;Alarme débit bas;Allarme valore istantaneo basso;Alarm werkelijke waarde laag!;Gerçek değer alarmı düşük ;Alarm wartości rzeczywistej niski;Alarma de valor real bajo;Сигнал тревоги по фактическому значению низкий;实际值警报低;Сигнал тривоги фактичного значення низький;Tényleges érték riasztás alacsony;Συναγερμός πραγματικής τιμής χαμηλός
Keine externe Rückmeldung;No external response;Pas de réponse externe;Nessun feedback esterno;Geen externe terugmelding!;Harici geridönüm yok;Brak zewnętrznego sprzężenia zwrotnego;Sin realimentación externa;Нет внешней обратной связи;无外部反馈;Немає зовнішнього зворотного зв'язку;Nincs külső visszajelzés;Δεν υπάρχει εξωτερική ανατροφοδότηση
Stellbefehl zu niedrig;Drive command too low;Signal de commande trop bas!;Segnale di comando troppo basso;commando te laag!;Ayar komutu çok düşük;Polecenie pozycjonowania zbyt niskie;Comando de posicionamiento demasiado bajo;Слишком низкая команда управления;控制指令过低;Занадто низька команда керування;Túl alacsony hajtási parancs;Πολύ χαμηλή εντολή οδήγησης
Stellbefehl zu hoch;Drive command too high;Signal de commande trop haut!;Segnale di comando troppo alto;commando te hoog!;Ayar komutu çok yüksek;Polecenie pozycjonowania za wysokie;Comando de posicionamiento demasiado alto;Слишком высокая команда позиционирования;定位命令过高;Занадто висока команда позиціонування;Túl magas meghajtási parancs;Πολύ υψηλή εντολή οδήγησης
Ungültiges Gewicht;Invalid weight;Poids invalide!;Peso non valido;Ongeldig gewicht!;Geçersiz ağırlık  ;Nieważna waga;Peso no válido;Неверный вес;重量无效;Неправильна вага;Érvénytelen súly;Μη έγκυρο βάρος
Unbekannter Alarm;Unknown alarm;Alarme inconnue;Allarme sconosciuto;Onbekend alarm!;Tanınmayan alarm ;Nieznany alarm;Alarma desconocida;Неизвестный сигнал тревоги;未知报警;Невідома тривога;Ismeretlen riasztás;Άγνωστος συναγερμός
Einstellungen für alle Dosierer übernehmen?;Do you want to accept settings for all feeders ?;Accepter la paramétrage pour tous les doseurs ?;Accettare i parametri per tutti i dosatori?;Instellingen van alle doseerunits overnemen!;Ayarlar bütün dağıtıcılar için devralınsın mı?;Zastosować ustawienia do wszystkich jednostek dozujących?;¿Aplicar los ajustes a todos los dosificadores?;Применить настройки для всех питателей?;将设置应用于所有喂料机？;Застосувати налаштування до всіх годівниць?;Alkalmazza a beállításokat az összes adagolóra?;Εφαρμογή ρυθμίσεων για όλες τις τροφοδοσίες
Alarmeinstellungen ändern;Change alarm settings;Changer les paramètres d’alarme;Cambiare parametri d'allarme;Alarminstellingen veranderen!;Alarm ayarını değiştirmek;Zmień ustawienia alarmu;Cambiar ajustes de alarma;Изменить настройки сигнализации;更改报警设置;Змінити налаштування тривоги;Riasztási beállítások módosítása;Αλλαγή ρυθμίσεων συναγερμού
Shutdown;shutdown;Arrêt de la ligne;Arresto linea;Lijnstop!;Hat durağı;Zatrzymanie linii;Parada de línea;Выключить;关机;Вимкнення;Leállítás;Τερματισμός λειτουργίας
Bitte ggf. USB-Stick entfernen und EasyControl normal beenden. Änderungen sind erst nach einem Systemneustart aktiv!;Please remove if present USB-stick and exit EasyControl normally. Changes will be active after a system restart!;Retirer éventuellement la clé du port USB et terminer EasyControl normalement. Les modifications sont actives seulement après un redémarrage du système!;Togliere chiavetta USB e chiudere EasyControl. Modifiche attive al nuovo avviamento del sistema.;USB stick verwijderen en Easy Touch normaal afsluiten. Wijzigingen zijn pas na nieuwe opstart actief!;Lütfen gerektiğinde USB belleği kaldırın ve EasyControl normal kapatın. Değişiklikler sistemi yeniden başlatığınızda etkinleştirilecek!;W razie potrzeby proszę usunąć pamięć USB i normalnie zamknąć EasyControl. Zmiany są aktywne dopiero po ponownym uruchomieniu systemu!;Si es necesario, retire la memoria USB y cierre EasyControl normalmente. Los cambios sólo se activan después de reiniciar el sistema.;При необходимости извлеките USB-накопитель и выйдите из EasyControl в обычном режиме. Изменения становятся активными только после перезапуска системы!;如有必要，请取出 U 盘并正常退出 EasyControl。只有重新启动系统后，更改才会生效！;Якщо необхідно, вийміть USB-накопичувач і завершіть роботу EasyControl звичайним чином. Зміни будуть активні лише після перезапуску системи!;Ha szükséges, kérjük, távolítsa el az USB-pendrive-ot, és lépjen ki az EasyControlból normálisan. A módosítások csak a rendszer újraindítása után válnak aktívvá!;Εάν είναι απαραίτητο, αφαιρέστε το στικάκι USB και βγείτε κανονικά από το EasyControl. Οι αλλαγές είναι ενεργές μόνο μετά από επανεκκίνηση του συστήματος!
Nachfüllzeit abgelaufen;Refill time expired!;Temps de remplissage expiré;Tempo di riempimento scaduto;Navultijd afgelopen ;Yeniden doldurma zamanı geçti;Upłynął czas uzupełniania;Tiempo de rellenado expirado;Время пополнения истекло;加注时间已过;Час поповнення закінчився;Az utántöltési idő lejárt;Ο χρόνος αναπλήρωσης έχει λήξει
Rezeptur speichern unter ...;Save recipe as …;Sauvegarder la recette sous…;Memorizzare ricetta sotto…..;Receptuur opslag onder …;Reçete … altında kaydetmek;Zapisać recepturę jako ...;Guardar receta como ...;Сохранить рецепт как ...;将配方保存为 ...;Зберегти рецепт як ...;Recept mentése ...;Αποθήκευση συνταγής ως ...
RUN;RUN;Marche;RUN;RUN;RUN;RUN;EJECUTAR;RUN;运行;ЗАПУСК;RUN;RUN
Rezeptur speichern ...;Save recipe…;Sauvegarder la recette…;Memorizzare ricetta;Receptuur opslaan…;Reçete kaydet ;Zapisać recepturę ...;Guardar receta ...;Сохранить рецепт ...;保存配方 ...;Зберегти рецепт ...;Recept mentése ...;Αποθηκεύστε τη συνταγή ...
Bitte beachten! Der eingegebene Sollwert ist größer als die aktuelle Dosierperformanz!;Please note. The nominal value exceeds momentary Dose performance!;Attention! Valeur cible > performance dosage actuelle !;Attenzione: Set point impostato maggiore dell'attuale fattore Qmax!;Attentie! De ingegeven doseerwaarde is groter dan de actuele maximale Doseerprestatie waarde!;Dikkat ediniz! Verilen ayar noktası güncel Q maksimum değerden daha büyük!;Uwaga! Wprowadzona wartość zadana jest większa niż aktualna wydajność dozowania!;¡Atención! El valor nominal introducido es mayor que el rendimiento de dosificación actual.;Обратите внимание! Введенная уставка больше, чем текущая производительность дозирования!;请注意！输入的设定点大于当前配料性能！;Зверніть увагу! Введене задане значення перевищує поточну продуктивність дозування!;Kérjük, vegye figyelembe! A beírt beállítási érték nagyobb, mint az aktuális adagolási teljesítmény!;Παρακαλώ σημειώστε! Το σημείο ρύθμισης που έχει εισαχθεί είναι μεγαλύτερο από την τρέχουσα απόδοση δοσολογίας!
Bitte beachten! Der eingegebene Sollwert ist größer als die Bezugsgrösse!;Please note: The nominal value exceeds reference value!;Attention! Valeur cible > valeur de référence!;Attenzione: Set point impostato maggiore del valore d'orientamento!;Attentie! De ingegeven doseerwaarde is groter dan de gewenste waarde!;Dikkat ediniz! Verilen ayar noktası referans boyutundan daha büyük!;Proszę zwrócić uwagę! Wprowadzona wartość zadana jest większa niż wartość zadana!;Tenga en cuenta El valor de consigna introducido es mayor que el valor de referencia.;Обратите внимание! Введенная уставка больше контрольного значения!;请注意 输入的设定点大于参考值！;Зверніть увагу! Введене задане значення перевищує опорне значення!;Kérjük, vegye figyelembe! A megadott beállított érték nagyobb, mint a referenciaérték!;Παρακαλώ σημειώστε! Το εισαγόμενο σημείο ρύθμισης είναι μεγαλύτερο από την τιμή αναφοράς!
Interne Kommunikation gestört;Internal communication interrupted!;Communication interne perturbée ;Comunicazione interna disturbata;Interne communicatie gestoord!;İç iletişim rahatsız edilmiş;Komunikacja wewnętrzna zakłócona;Comunicación interna perturbada;Нарушение внутренней коммуникации;内部通信故障;Помилка внутрішнього зв'язку;Belső kommunikációs hiba;Βλάβη εσωτερικής επικοινωνίας
Änderungen übernehmen?;Accept changes?;Accepter les modifications ?;Accettare le modifiche?;Wijzigingen overnemen?;Değişiklikler devralınsın mı?;Czy można zaakceptować zmiany?;¿Aceptar cambios?;Принять изменения?;是否接受更改？;Прийняти зміни?;Változások elfogadása?;Αποδοχή αλλαγών
Bemerkung zu Nr.;Comment on Nr.;Remarque sur n°;Nota su nr.;Opmerking tot nr.;No hakkında açıklama;Skomentować nie.;Comentar no.;Комментарий «Нет».;是否接受更改？;Прокоментуйте, якщо ні.;Megjegyzés a nem.;Σχολιάστε το no.
Systemeinstellungen;System configuration;Paramétrage système;Parametri del sistema;Systeeminstellingen;Sistem ayarları;Ustawienia systemowe;Ajustes del sistema;Системные настройки;系统设置;Налаштування системи;Rendszerbeállítások;Ρυθμίσεις συστήματος
Administrator kann nicht gelöscht werden!;Administrator cannot be deleted!;L'administrateur ne peut pas être supprimé!;Amministatore non può essere cancellato!;Administrator kan niet gewist worden!;Yönetici silinemiyor!;Administrator nie może zostać usunięty!;¡No se puede borrar el administrador!;Администратор не может быть удален!;无法删除管理员！;Адміністратора не можна видалити!;A rendszergazda nem törölhető!;Ο διαχειριστής δεν μπορεί να διαγραφεί!
Änderungen bei den Benutzerrechten übernehmen?;Accept user rights changes ?;Accepter les modifications de droits d'utilisateur ?;Accettare le modifiche nei diritti dell'utente?;Wijzigingen van de gebruikersrechten overnemen!;Kullanıcı hakklarındaki değişiklikler devralınsın mı?;Zastosować zmiany w uprawnieniach użytkowników?;¿Aplicar cambios a los derechos de usuario?;Применить изменения к правам пользователей?;更改用户权限？;Застосувати зміни до прав користувачів?;Alkalmazza a felhasználói jogok módosítását?;Εφαρμογή αλλαγών στα δικαιώματα χρηστών
Netzwerkeinstellungen sind erst nach einem Systemneustart aktiv!;Network settings will be active after reboot!;Les paramètres de réseau sont  actifs seulement après le redémarrage du système!;Parametri network attivi al nuovo avviamento del sistema. ;Netwerkinstellingen zijn pas actief na opnieuw opstarten systeem!;Ağ ayarları sistemi yeniden başlattıktan sonra aktif!;Ustawienia sieciowe są aktywne dopiero po restarcie systemu!;Los ajustes de red sólo se activan tras reiniciar el sistema.;Сетевые настройки активны только после перезагрузки системы!;网络设置只有在系统重新启动后才有效！;Мережеві налаштування стають активними тільки після перезавантаження системи!;A hálózati beállítások csak a rendszer újraindítása után aktívak!;Οι ρυθμίσεις δικτύου είναι ενεργές μόνο μετά από επανεκκίνηση του συστήματος!
Rezeptur bearbeiten;modify recipe;Modifier la recette;Rielaborare ricetta;Receptuur bewerken ;Reçete düzenlemek;Edycja receptury;Editar receta;Редактирование рецепта;编辑配方;Редагувати рецепт;Recept szerkesztése;Επεξεργασία συνταγής
Wägezelle;scale;Capteur de pesage;Cella di carico;Loadcell;Yük hücresi;Załadować celę;Cargar célula;Загрузить ячейку;加载单元;Тензодатчик;Töltse be a cellát;Φόρτωση κυψέλης
Programm beenden;Exit program;Quitter le logiciel;Chiudere programma;Programma beeindigen;Programı kapat;Zakończyć program;Salir del programa;Выход из программы;退出程序;Вихід з програми;Programból kilépés;Έξοδος από το πρόγραμμα
Zum Verlassen des Programms wenden Sie sich bitte an Ihren Administrator!;Please contact your administrator to exit the program!;Pour quitter le programme, veuillez vous adresser à votre administrateur!;Per chiudere il programma rivolgersi all'amministratore!;Voor het verlaten van het programma neem contact op met de admin!;Programdan çıkmak için lütfen yöneticinizle iletişime geçin!;Aby wyjść z programu, należy skontaktować się z administratorem!;Para salir del programa, póngase en contacto con su administrador.;Чтобы выйти из программы, обратитесь к администратору!;要退出程序，请联系您的管理员！;Щоб вийти з програми, зверніться до адміністратора!;A programból való kilépéshez forduljon a rendszergazdához!;Για να βγείτε από το πρόγραμμα, επικοινωνήστε με το διαχειριστή σας!
Remoteverbindungen konfigurieren;Configure remote connections;Configurer la connexion à distance;Configurare connessione esterna (remota);Herstelverbindingen configereren;Uzak bağlantıları yapılandırma;Konfiguracja połączeń zdalnych;Configurar conexiones remotas;Настройка удаленных соединений;配置远程连接;Налаштування віддалених підключень;Távoli kapcsolatok konfigurálása;Διαμόρφωση απομακρυσμένων συνδέσεων
Akt. Dosierperformanz zu gering;Act. Dose performance too low;Performance dosage actuelle trop basse;Attuale fattore Qmax troppo basso;Actuele doseerprestatie te laag;Mevcut dozajlama performansı çok düşük;Akt. Zbyt niska wydajność dozowania;Act. Rendimiento de dosificación demasiado bajo;Действие. Слишком низкая производительность дозирования;执行。配料性能太低;Діяти. Занадто низька продуктивність дозування;Működés. Túl alacsony adagolási teljesítmény;Η τρέχουσα απόδοση δοσομέτρησης είναι πολύ χαμηλή
Akt. Dosierperformanz zu hoch;Act. Dose performance too high;Performance dosage actuelle trop haute;Attuale fattore Qmax troppo alto;Actuele doseerprestatie te hoog;Mevcut dozajlama performansı çok yüksek;Akt. Wydajność dozowania za wysoka;Act. Rendimiento de dosificación demasiado alto;Фактический Слишком высокая производительность дозирования;实际 配料性能过高;Фактична Занадто висока продуктивність дозування;Színészkedj. Túl magas adagolási teljesítmény;Τρέχουσα απόδοση δοσομέτρησης πολύ υψηλή
Regelfehler;General control error;Erreur commande;Errore comando o regolatore;Regelfout;Kural hatası ;Błąd sterowania;Error de control;Ошибка управления;控制错误;Помилка керування;Vezérlési hiba;Σφάλμα ελέγχου
SLC Fehler;SLC Error;Erreur SLC;Errore SLC;SLC fout;SLC hatası ;Błąd SLC;Error SLC;Ошибка SLC;SLC 错误;Помилка SLC;SLC hiba;Σφάλμα SLC
Fehler beim Zwischenspeichern der Updatedatei!;Error saving temporary update file!;Erreur de sauvegarde du fichier de mise à jour!;Errore nella memorizzazione file Update!;Fout bij het opslaan van update- data!;Güncelleme dosyasını kaydetmekte hata yaşandı!;Błąd podczas buforowania pliku aktualizacyjnego!;¡Error al almacenar en caché el archivo de actualización!;Ошибка при буферизации файла обновления!;缓冲更新文件时出错！;Помилка під час буферизації файлу оновлення!;Hiba a frissítési fájl pufferelésekor!;Σφάλμα κατά την προσωρινή αποθήκευση του αρχείου ενημέρωσης!
Fehler beim Öffnen der Updatedatei!;Error opening update file!;Erreur d’ouverture du fichier de mise à jour!;Errore nell'apertura file Update!;Fout bij het openen van de update-data!;Güncelleme dosyasını açmakta hata yaşandı!;Błąd przy otwieraniu pliku aktualizacyjnego!;¡Error al abrir el archivo de actualización!;Ошибка при открытии файла обновления!;打开更新文件时出错！;Помилка при відкритті файлу оновлення!;Hiba a frissítési fájl megnyitásakor!;Σφάλμα κατά το άνοιγμα του αρχείου ενημέρωσης!
Waagenstörung;Load cell error;Perturbation balance;Guasto (della) bilancia;Weegschaalstoring!;Ölçek hatası;Awaria wagi;Mal funcionamiento de la báscula;Ошибка шкалы;刻度故障;Несправність ваг;Mérleg hiba;Σφάλμα κλίμακας
Externer Alarm;External alarm;Alarme externe;Allarme esterno;Extern alarm!;harici alarm ;Alarm zewnętrzny;Alarma externa;Внешний сигнал тревоги;外部警报;Зовнішня тривога;Külső riasztás;Εξωτερικός συναγερμός
Datei existiert bereits ... trotzdem überschreiben?;File already exits … overwrite ?;Le fichier existe déjà... Remplacer le fichier?;File già esistente…….. nonostante ciò sovrascrivere?;Data functioneert al -- toch overschrijven!;Dosya mevcut… yineden üzerine yazılsın mı?;Plik już istnieje ... nadpisać mimo to?;El archivo ya existe ... ¿sobrescribir de todos modos?;Файл уже существует ... перезаписать?;文件已存在 ... 无论如何都要覆盖？;Файл вже існує ... все одно перезаписати?;A fájl már létezik ... amúgy is felülírja?;Το αρχείο υπάρχει ήδη ... Αντικατάσταση ούτως ή άλλως
Maximale Bandlast erreicht;Max. belt load reached;Poids max. bande atteint;Carico (della) banda massimo raggiunto;Maximale bandbelasting bereikt!;maksimum bant ağırlığı ulaşılmıştır ;Osiągnięto maksymalne obciążenie taśmy;Carga de banda máxima alcanzada;Достигнута максимальная нагрузка на полосу пропускания;达到最大带负荷;Досягнуто максимального навантаження на стрічку;Maximális sávterhelés elérése;Επίτευξη μέγιστου φορτίου ζώνης
Minimale Bandlast erreicht;Min. belt load reached;Poids min. bande atteint;Carico (della) banda minimo raggiunto;Minimale bandbelasting bereikt!;Asgari bant ağırlığı ulaşılmıştır ;Osiągnięto minimalne obciążenie taśmy;Carga de banda mínima alcanzada;Достигнута минимальная нагрузка на полосу пропускания;达到最小带负载;Досягнуто мінімального навантаження на стрічку;Minimális sávterhelés elérve;Έφθασε το ελάχιστο φορτίο ζώνης
Software aktualisieren;Update software;Actualiser logiciel ;Attualizzare software;Software actualiseren!;Yazılımı güncelle ;Zaktualizuj oprogramowanie;Actualizar software;Обновить программное обеспечение;更新软件;Оновити програмне забезпечення;Szoftver frissítése;Ενημέρωση λογισμικού
Host input online;Host input online;Entrée serveur en ligne;Host input online;Host input actief!;Host input online;Host input online;Entrada de host en línea;Ввод данных в режиме онлайн;主机在线输入;Вхід на хост онлайн;Online bemenet a fogadóban;Είσοδος υποδοχής σε απευθείας σύνδεση
existiert bereits ... fortfahren?;already exits … continue?;existe déjà… continuer ?;Già esistente……….. continuare?;bestaat al--- doorgaan?;mevcut… devam et?;już istnieje ... kontynuować?;ya existe ... ¿continuar?;уже существует ... продолжить?;已经存在 ... 继续吗？;вже існує ... продовжувати?;már létezik ... folytatás?;υπάρχει ήδη ... Συνέχιση?
Warnung;warning;Avertissement;Avviso;Waarschuwing;Uyarı;Ostrzeżenie;Advertencia;Предупреждение;警报;Попередження;Figyelmeztetés;Προειδοποίηση
WBF-Alarme;WBF-alarms;Alarme WBF;Allarme-WBF;WBF-alarm;WBF -  alarmları ;Alarmy WBF;Alarmas WBF;Сигналы тревоги WBF;WBF 警报;Сигнали WBF;WBF riasztások;Συναγερμοί WBF
Einstellungen sind erst beim nächsten Programmstart aktiv!;Please restart program to activate new settings!;Les réglages sont actifs seulement lors du prochain démarrage du programme!;Parametri attivi al prossimo avviamento del programma!;Instellingen zijn pas bij de volgende  programmastart actief!;Ayarlar bir sonraki program açılışında aktif olacak!;Ustawienia są aktywne tylko przy następnym uruchomieniu programu!;Los ajustes sólo se activan en el siguiente inicio del programa.;Настройки активны только при следующем запуске программы!;设置仅在下一次启动程序时有效！;Налаштування будуть активні лише під час наступного запуску програми!;A beállítások csak a program következő indításakor lesznek aktívak!;Οι ρυθμίσεις είναι ενεργές μόνο την επόμενη φορά που θα ξεκινήσει το πρόγραμμα!
Nr.;Nr.;n°;nr.;Nr.;No.;Nie.;No.;Нет.;否。;Ні.;Nem.;Όχι.
Anlageneigenschaften;Line properties;Propriétés de ligne;Proprietà dell'impianto o linea;Systeemeigenschappen;Ek özellikleri ;Właściwości systemu;Propiedades de la planta;Свойства системы;系统属性;Властивості системи;A rendszer tulajdonságai;Ιδιότητες συστήματος
Übernehmen;accept;Accepter;Accettare;Overnemen;Devralmak ;Zastosuj;Aplicar;Применить;应用;Застосувати;Elfogadás;Αποδοχή
LWS-Alarme;LWS-alarms;Alarme LWS;Allarme-LWS;LWS-alarm;LWS -  alarmları ;Alarmy LWS;Alarmas LWS;Сигналы тревоги LWS;LWS 警报;Тривоги LWS;LWS riasztások;Συναγερμοί LWS
Differentialdosierwaage - LWS;Loss in Weight Screw - LWS;Balance à dosage différentiel LWS;Bilancia differenziale - LWS;Differentiaal doseerweegunit - LWS;diferansyal dosaj tartısı - LWS;Waga różnicowa - LWS;Alimentador de pesaje diferencial - LWS;Устройство подачи с потерей веса - LWS;失重喂料机 - LWS;Втрата ваги годівниці - LWS;Súlyveszteséget jelző adagoló - LWS;Τροφοδότης απώλειας βάρους - LWS
LWV-Alarme;LWV-alarms;Alarme LWV;Allarme- LWV;LWV-alarm;LWV -  alarmları ;Alarmy LWV;Alarmas LWV;Сигналы тревоги LWV;LWV 警报;Сигналізація LWV;LWV riasztások;Συναγερμοί LWV
Differentialdosierwaage - LWV;Loss in Weight Feeder - LWV;Balance à dosage différentiel LWV;Bilancia differenziale - LWV;Differentiaal doseerweegunit - LWV;diferansyal dosaj tartısı - LWV;Podajnik różnicowy - LWV;Alimentador de peso diferencial - LWV;Питатель с потерями веса - LWV;失重式喂料机 - LWV;Втрата ваги кормороздавача - LWV;Súlyveszteséges adagoló - LWV;Τροφοδότης απώλειας βάρους - LWV
Fehler beim Öffnen der Remoteverbindung!;Error opening remote connection!;Erreur d’ouverture de la connexion à distance !;Errore nell'apertura connessione esterna (remota)!;Fout bij het openen van de herstelverbindung!;Kontrol bağlantısını açmakta hata yaşandı ;Błąd przy otwieraniu połączenia zdalnego!;Error al abrir la conexión remota;Ошибка при открытии удаленного соединения!;打开远程连接时出错！;Помилка при відкритті віддаленого з'єднання!;Hiba a távoli kapcsolat megnyitásakor!;Σφάλμα κατά το άνοιγμα της απομακρυσμένης σύνδεσης!
Nachfüllalarm;Refill alarm;Alarme remplissage ;Allarme riempimento;Navulalarm!;Yeniden doldurma alarmı ;Uzupełnij alarm;Alarma de rellenado;Сигнал пополнения;加料警报;Сигналізація поповнення;Újratöltési riasztás;Συναγερμός επαναπλήρωσης
Rezeptur öffnen ...;Open recipe ...;Ouvrir recette…;Aprire ricetta…..;Receptuur openen…;Reçeteyi aç..;Otwarta receptura ...;Abrir receta ...;Открыть рецепт ...;打开配方 ...;Відкритий рецепт ...;Nyissa meg a receptet ...;Άνοιγμα συνταγής ...
PID-Alarme;PIS-alarms;Alarme PID;Allarme-PID;PID alarm…;PİD - alarmları ;Alarmy PID;Alarmas PID;Сигналы тревоги ПИД-регулятора;PID 警报;PID-сигнали тривоги;PID riasztások;Συναγερμοί PID
PID-Regler - PID;Pid-control - PID;Régulateur PID: PID;Regolatore PID-PID;PID regelaar.. PID;PİD - düzengeç - PİD;Regulator PID - PID;Controlador PID - PID;ПИД-регулятор - PID;PID 控制器 - PID;ПІД-регулятор - PID;PID szabályozó - PID;Ελεγκτής PID - PID
Produktionsdauer;Total production time;Durée de production;Durata della produzione;Productietijd;Üretim süreci;Czas produkcji;Tiempo de producción;Время производства;生产时间;Термін виготовлення;Gyártási idő;Χρόνος παραγωγής
Akt. Totalisator;Totalizer;Totalisateur act.;Consumo attuale;Actueel verbruik;Güncel tüketim ;Akt. Totaliser;Act. Totalizador;Действуйте. Тотализатор;操作 累加器;Акт. Суматор;Act. Totalizáló;Τρέχων αθροιστής
Kein Protokoll;No protocol;Pas de protocole;Nessun protocollo;Geen Protokoll;Protokol mevcut değil ;Brak protokołu;Sin protocolo;Нет протокола;无协议;Немає протоколу;Nincs protokoll;Δεν υπάρχει πρωτόκολλο
Rezeptur wirklich aktivieren?;Really active recipe ?;Voulez-vous vraiment activer la recette ?;Attivare ricetta, eseguire?;Recept werkelijk activeren?;Reçete gerçekten etkinleştirilsin mi?;Czy rzeczywiście aktywowano recepturę?;¿Realmente activa la receta?;Действительно активировать рецепт?;真的激活了配方？;Дійсно активувати рецепт?;Tényleg aktiválja a receptet?;Ενεργοποιήστε πραγματικά τη συνταγή
Die Rezeptur passt nicht zur aktuellen Anlagenkonfiguration!;The recipe does not match the current system configuration!;La recette ne correspond pas à la configuration d'installation actuelle!;Ricetta non corrispondente alla configurazione d'installazione attuale!;Het recept past niet in de actuele recept waarden!;Reçete güncel tesis konfigürasyonuna uymuyor!;Receptura nie pasuje do aktualnej konfiguracji systemu!;¡La receta no coincide con la configuración actual del sistema!;Рецепт не соответствует текущей конфигурации системы!;配方与当前系统配置不匹配！;Рецепт не відповідає поточній конфігурації системи!;A recept nem felel meg a rendszer aktuális konfigurációjának!;Η συνταγή δεν ταιριάζει με την τρέχουσα διαμόρφωση του συστήματος!
Keine Sprache feststellbar!;No language can be determined!;Pas de langue détectable !;Nessuna lingua fissabile o accertabile!;Geen taal keuze mogelijk!;Dil algılanamadı!;Nie można ustalić języka!;¡No se puede determinar el idioma!;Не удается определить язык!;无法确定语言！;Не вдається визначити мову!;Nem érzékelhető a nyelv!;Δεν μπορεί να προσδιοριστεί η γλώσσα!
Die neue Sprache wird mit dem nächsten Programmstart aktiviert!;The new language will be activated after next program start!;La nouvelle langue sera activée lors du prochain démarrage du programme !;Nuova lingua attiva al prossimo avviamento del programma!;De nieuwe taal wordt met de volgende programmastart geactiveerd!;Yeni dil bir sonraki programın başlangıcıyla etkinleştirecek!;Nowy język zostanie aktywowany przy następnym uruchomieniu programu!;¡El nuevo idioma se activará con el próximo inicio del programa!;Новый язык будет активирован при следующем запуске программы!;新语言将在下一次程序启动时激活！;Нова мова буде активована при наступному запуску програми!;Az új nyelv a következő programindításkor aktiválódik!;Η νέα γλώσσα θα ενεργοποιηθεί με την επόμενη εκκίνηση του προγράμματος!
Keine gültige Lizenz!;No valid license!;Pas de licence valide !;Nessuna licenza valida!;Geen geldige licencie!;Geçerli lisans değil!;Brak ważnej licencji!;¡No hay licencia válida!;Нет действующей лицензии!;无有效许可证！;Немає дійсної ліцензії!;Nincs érvényes licenc!;Δεν υπάρχει έγκυρη άδεια χρήσης!
Benutzername existiert bereits!;User name already exists!;Le nom de l'utilisateur existe déjà!;Nome utente già esistente!;Gebruikersnaam bestaat al!;Kullanıcı adı mevcut!;Nazwa użytkownika już istnieje!;El nombre de usuario ya existe.;Имя пользователя уже существует!;用户名已存在！;Ім'я користувача вже існує!;A felhasználónév már létezik!;Το όνομα χρήστη υπάρχει ήδη!
Funktion;Function;Fonction;Funzione;Functie!;İşlev;Funkcja;Función;Функция;功能;Функція;Funkció;Λειτουργία
Ungültiges Passwort, Eingabe wiederholen?;Invalid password, repeat input?;Mot de passe non invalide, recommencer l’entrée ?;Password non valida, ripetere ingresso?;Ongeldig wachtwoord!  Invoeren herhalen!;Geçersiz şifre, tekrar denemek istermisiniz?;Nieprawidłowe hasło, powtórzyć wpis?;Contraseña inválida, ¿repetir entrada?;Неверный пароль, повторить ввод?;密码无效，重复输入？;Неправильний пароль, повторити вхід?;Érvénytelen jelszó, ismételje meg a bevitelt?;Μη έγκυρος κωδικός πρόσβασης, επαναλάβετε την εισαγωγή?
Benutzername ungültig;Invalid username;Nom d´utilisateur invalide;Nome utente non valido;Gebruikersnaam niet geldig;Kullanıcı adı geçersiz;Niewłaściwa nazwa użytkownika;Nombre de usuario no válido;Имя пользователя недействительно;用户名无效;Ім'я користувача невірне;Felhasználónév érvénytelen;Όνομα χρήστη άκυρο
Nein;No;Non;No;Nee;Hayır ;Brak;No;Нет;用户名无效;Ні;Nincs;Δεν υπάρχει
Dosiereigenschaften aktivieren;Activate dosing properties;Activer les propriétés de dosage ?;Attivare proprietà del dosatore;Doseereigenschappen activeren;Dosajlama ayarlarını etkinleştir ;Aktywować właściwości dozowania;Activar propiedades de dosificación;Активация свойств дозирования;激活配料属性;Активувати властивості дозування;Adagolási tulajdonságok aktiválása;Ενεργοποίηση ιδιοτήτων δοσομέτρησης
Dosierungen starten;Start dosing;Démarrer les dosages;Avviare dosaggi;Doseringen starten;Dosajclama başlat;Uruchomić dozowanie;Iniciar dosificación;Начать дозирование;开始配料;Почати дозування;Adagolás indítása;Έναρξη δοσομέτρησης
Anlageneigenschaften aktivieren;Activate line properties;Activer les propriétés d´installation;Attivare proprietà dell'impianto;Systeemeigenschappen starten;Ek ayarlarını etkinleştir ;Aktywować właściwości instalacji;Activar propiedades de la instalación;Активировать свойства системы;激活系统属性;Активувати властивості системи;A rendszer tulajdonságainak aktiválása;Ενεργοποίηση ιδιοτήτων συστήματος
Anlageneigenschaften bearbeiten;Edit line properties;Éditer les propriétés d’installation;Rielaborare proprietà dell'impianto;Systeemeigenschappen bewerken!;Ek ayarlarını düzenle;Edycja właściwości instalacji;Editar propiedades de la planta;Редактировать свойства системы;编辑系统属性;Редагувати властивості системи;Rendszer tulajdonságainak szerkesztése;Επεξεργασία των ιδιοτήτων του συστήματος
Rezeptur aktivieren\nRezeptur aktivieren;Activate recipe\nEnable recipe;Activer la recette\nactiver la recette;Attivare ricetta;Recept activeren/n recept activeren!;Reçete etkinleştir ;Aktywacja receptury Włączenie receptury;Activar receta;Активировать рецепт\nАктивировать рецепт;激活配方（Activate recipe;Активувати рецепт\nАктивувати рецепт;Recept aktiválása\nRecept aktiválása;Ενεργοποίηση συνταγής\nΕνεργοποίηση συνταγής
Totalisator nullen\nTotalisator nullen;Zero totalizer\nZero totalizer;Remettre le totalisateur à zéro\nRemettre le totalisateur à zéro;Azzerare consumo;Verbruik nulstellen/verbruik nulstellen ;Tüketim sıfırla\nTüketim sıfırla;Zerowanie sumatora Zerowanie sumatora;Poner a cero el totalizador Poner a cero el totalizador;Обнулить тотализатор\nОбнулить тотализатор;清零累加器（Zero totaliser;Обнулити лічильник\nОбнулити лічильник;Összesítő nullázása\nSzámláló nullázása;Μηδενισμός αθροιστή\nΜηδενισμός αθροιστή
Totalisator zurücksetzen\nTotalisator zurücksetzen;Reset totalizer\nReset totalizer;Réinitialiser le totalisateur\nréinitialiser le totalisateur;Ripristinare consumo;Verbruik resetten/nverbruik resetten;Tüketim sıfırla\nTüketim sıfırla;Wyzerować sumator;Restablecer totalizador;Сбросить тотализатор\nСбросить тотализатор;Reset totaliser （重置累加器;Скинути лічильник\nСкинути лічильник;Összesítő visszaállítása\nSzámláló visszaállítása;Επαναφορά αθροιστή\nΕπαναφορά αθροιστή
Rezeptur speichern unter ...\nRezeptur speichern unter ...;Save recipe as ...\nSave recipe as ...;Enregistrer la recette sous...\nnEnregistrer la recette sous…;Memorizzare ricetta sotto…….;Receptuur opslaan onder../n receptuur opslaan onder..;Reçeteyi … altında kaydetmek\nReçeteyi … altında kaydetmek;Zapisz przepis jako ...\nZapisz przepis jako …;Guardar receta como ...\nGuardar receta como ...;Сохранить рецепт как ...\nСохранить рецепт как ...;Save recipe as ...（将配方保存为...;Зберегти рецепт як ...\nЗберегти рецепт як ...;Recept mentése ...\nRecept mentése ...;Αποθήκευση συνταγής ως ...\nΑποθήκευση συνταγής ως ...
Rezeptur öffnen\nRezeptur öffnen;Open recipe\nOpen recipe;Ouvrir la recette\nOuvrir la recette;Aprire ricetta\nAprire ricetta;Receptuur openen…\nreceptuur openen onder..;Reçete aç\nReçete aç;Otwórz recepturę Otwórz recepturę;Abrir receta\nAbrir receta;Открыть рецепт\nОткрыть рецепт;打开配方;Відкрити рецепт\nВідкрити рецепт;Recept megnyitása\nRecept megnyitása;Άνοιγμα συνταγής\nΆνοιγμα συνταγής
Rezeptur speichern\nRezeptur speichern;Save recipe\nSave recipe;Enregistrer la recette sous...\nEnregistrer la recette sous…;Memorizzare ricetta;Receptuur opslaan.. /n receptuur opslaan..;Reçete kaydetmek\nReçete kaydetmek;Zapisz przepis;Guardar receta Guardar receta;Сохранить рецепт\nСохранить рецепт;保存配方;Зберегти рецепт\nЗберегти рецепт;Recept mentése\nRecept mentése;Αποθήκευση συνταγής\nΑποθήκευση συνταγής
Vorheriger Dosierer;Previous feeder\nPrevious feeder;Doseur précédant;Dosatore precedente;Vorige doseerunit;önceki dosajcı;Poprzedni dozownik;Dosificador anterior;Предыдущий дозатор;上一个配料器;Попередній дозатор;Előző adagolóegység;Προηγούμενη μονάδα δοσομέτρησης
Nächster Dosierer;Next feeder\nNext feeder;Doseur suivant;Dosatore seguente;Volgende doseerunit;sonraki dosajcı;Następny dozownik;Dosificador siguiente;Следующий дозатор;下一个配料;Наступний дозатор;Következő adagolóegység;Επόμενη μονάδα δοσομέτρησης
Kalender\nKalender;Calendar;Calendrier\ncalendrier;Calendario;Kalender/n kalender;Takvim ;Kalendarz;Calendario;Календарь\nКалендарь;Calendar （日历;Календар\nКалендар;Calendar\nCalendar;Ημερολόγιο\nΗμερολόγιο
Systempfade ändern;Change system paths;Changer le chemin d’accès au système;Cambiare parametri d'allarme;Systeempad wijzigen;Sistem yolları değiştir ;Zmiana ścieżek systemowych;Cambiar rutas del sistema;Изменение системных путей;更改系统路径;Змінити системні шляхи;Rendszerútvonalak módosítása;Αλλαγή διαδρομών συστήματος
Nachfüllgrenzen einstellen;Set refill limits;Régler les limites de remplissage;Determinare limiti di riempimento;Navulgrenzen instellen;Doldurma sınırlarını ayarla ;Ustawianie limitów uzupełnień;Establecer límites de rellenado;Установить пределы пополнения;设置续杯限制;Встановити ліміти на поповнення;Újratöltési határértékek beállítása;Ορισμός ορίων αναπλήρωσης
Rezeptur aktivieren;Activate recipe;Activer la recette;Attivare ricetta;Receptuur activeren;Reçeteyi etkinleştirmek;Aktywacja receptury;Activar receta;Активировать рецепт;激活配方;Активувати рецепт;Recept aktiválása;Ενεργοποίηση συνταγής
Rezeptur löschen;Delete recipe;Effacer la recette;Cancellare ricetta;Receptuur verwijderen;Reçeteyi silmek;Usuń recepturę;Borrar receta;Удалить рецепт;删除配方;Видалити рецепт;Recept törlése;Διαγραφή συνταγής
Rezeptur öffnen;Open recipe;Ouvrir la recette;Aprire ricetta;Receptuur openen;Reçeteyi açmak;Otwórz recepturę;Abrir receta;Открыть рецепт;打开配方;Відкрити рецепт;Recept megnyitása;Άνοιγμα συνταγής
Rezeptur speichern;Save recipe;Enregistrer la recette;Memorizzare ricetta;Receptuur opslaan;Reçeteyi kaydetmek;Zapisz recepturę;Guardar receta;Сохранить рецепт;保存配方;Зберегти рецепт;Recept mentése;Αποθήκευση συνταγής
Sensoradresse setzen;Set sensor address;Saisir l’adresse du capteur;Impostare indirizzo sensore;Sensoradres bepalen;Sensör adresini belirlemek;Ustawianie adresu czujnika;Configurar dirección del sensor;Установить адрес датчика;设置传感器地址;Встановити адресу датчика;Az érzékelő címének beállítása;Ορισμός διεύθυνσης αισθητήρα
Totalisator nullen;Zero totalizer;Mettre le totalisateur à zéro;Azzerare il consumo;Verbruik op nul zetten ;Tüketimi sıfırlamak ;Zerowanie sumatora;Poner a cero el totalizador;Обнулить тотализатор;清零累加器;Нульовий суматор;Nullázza a számlálót;Μηδενισμός αθροιστή
Benutzername unbekannt;Username unknown;Utilisateur inconnu;Nome utente sconosciuto;Gebruiker onbekend;kullanıcı adı belirsiz;Nazwa użytkownika nieznana;Nombre de usuario desconocido;Имя пользователя неизвестно;用户名未知;Ім'я користувача невідоме;Felhasználói név ismeretlen;Άγνωστο όνομα χρήστη
Ja;Yes;Oui;Si;Ja;Evet;Tak;Sí;Да;是;Так;Igen;Ναι
LWP-Alarme;LWP alarms;Alarme LWP;Allarme-LWP;LWP-alarm;LWP - alarmları;Alarmy LWP;Alarmas LWP;Сигналы тревоги LWP;LWP 警报;Сигналізація LWP;LWP riasztások;Συναγερμοί LWP
Differentialdosierwaage - LWP;Loss in weight feeder pump  - LWP;Balance à dosage différentiel LWP;Bilancia differenziale - LWP;Differentiaal doseerweegunit LWP;diferansyal dosaj tartısı - LWP;Różnicowy podajnik wagowy - LWP;Alimentador de pesaje diferencial - LWP;Потеря веса в питателе - LWP;失重喂料机 - LWP;Втрата ваги годівниці - LWP;Súlyveszteség adagoló - LWP;Τροφοδότης απώλειας βάρους - LWP
Level 4;Level 4;Niveau 4;Livello 4;Niveau 4;Seviye 4;Poziom 4;Nivel 4;Уровень 4;第 4 级;Рівень 4;4. szint;Επίπεδο 4
Benutzerdefiniert;User defined;Données utilisateur personnalisées;Personalizzato;Gebruikerbepaald;Kullanıcı kişiye özgün ;Zdefiniowany przez użytkownika;Definido por el usuario;Определено пользователем;用户定义;Визначається користувачем;Felhasználó által meghatározott;Οριζόμενο από τον χρήστη
Externe Freigabe nicht vorhanden!;External release not available!;Validation externe non existante!;Permesso esterno non disponibile!;Externe vrijgave bestaat niet!;harici dalgalanmaya bırakma bulunamadı!;Zewnętrzny wyzwalacz nie jest obecny!;¡Desbloqueo externo no presente!;Внешнее включение недоступно!;外部启用不可用！;Зовнішня активація недоступна!;Külső engedélyezés nem elérhető!;Δεν διατίθεται εξωτερική ενεργοποίηση!
Keine Wägezelle angeschlossen!;No load cell connected!;Capteur de pesage non branché ! ;Nessuna cella di carico collegata!;Geen loadcell aangesloten!;Yük hücresi bağlanmadı!;Nie podłączono ogniwa obciążnikowego!;No hay célula de carga conectada;Не подключен датчик нагрузки!;未连接称重传感器！;Не підключено датчик навантаження!;Nincs csatlakoztatott terhelésmérő cella!;Δεν έχει συνδεθεί κυψέλη φορτίου!
Bitte beachten: Min.Nachfüllgrenze  ist größer als Max.Nachfüllgrenze!;Please note: Min-refill value is larger than Max-refill value!;Attention : Niveau de remplissage min > Niveau de remplissage max!;Attenzione: livello di riempimento min. maggiore di livello di riempimento max.;Attentie! Laagniveau schakelaar is hoger dan maximaal niveau schakelaar;Dikkat: asgari doldurma seviyesi maksimum doldurma seviyesinden daha büyük!;Proszę zwrócić uwagę: Min. poziom napełnienia jest większy niż maks. poziom napełnienia!;Tenga en cuenta: El nivel mínimo de relleno es mayor que el nivel máximo.;Обратите внимание: Минимальный уровень пополнения превышает максимальный уровень пополнения!;请注意 最小加注量大于最大加注量！;Зверніть увагу: Мінімальний рівень заправки більший за максимальний рівень заправки!;Kérjük, vegye figyelembe: A minimális utántöltési szint nagyobb, mint a maximális utántöltési szint!;Παρακαλούμε σημειώστε: Η ελάχιστη στάθμη αναπλήρωσης είναι μεγαλύτερη από τη μέγιστη στάθμη αναπλήρωσης!
Bitte beachten: Alarm-Pegel ist größer Max.Nachfüllgrenze!;Please note: Alarm-refill value is larger than Max-refill value!;Attention : Niveau de l’alarme > Niveau de remplissage max !;Attenzione: livello minmin.maggiore di livello di riempimento max.!;Attentie! Laag-laagniveau schakelaar is lager dan maximaal niveau schakelaar!;Dikkat: MinMin seviyesi maksimum doldurma seviyesinden büyük!;Uwaga: Poziom alarmu jest większy niż Max poziom uzupełnienia!;Atención: El nivel de alarma es mayor que el nivel de llenado máximo.;Обратите внимание: Уровень сигнала тревоги больше максимального уровня пополнения!;请注意 警报水平大于最大加注水平！;Зверніть увагу! Рівень тривоги перевищує максимальний рівень поповнення!;Kérjük, vegye figyelembe! A riasztási szint nagyobb, mint a maximális utántöltési szint!;Παρακαλώ σημειώστε: Η στάθμη συναγερμού είναι μεγαλύτερη από τη μέγιστη στάθμη επαναπλήρωσης!
Bitte beachten: Alarm-Pegel ist größer Min.Nachfüllgrenze!;Please note: Alarm-refill value is larger than Min-refill value!;Attention : Niveau de l’alarme > Niveau de remplissage min. !;Attenzione: livello minmin.maggiore di livello di riempimento min.!;Attentie! Laag-laagniveau schakelaar is hoger dan minimaal niveau schakelaar!;Dikkat: MinMin seviyesi asgari doldurma seviyesinden büyük;Uwaga: Poziom alarmu jest większy niż Min refill level!;Tenga en cuenta que El nivel de alarma es mayor que el nivel de rellenado mínimo.;Пожалуйста, обратите внимание: Уровень сигнала тревоги больше, чем уровень минимального пополнения!;请注意 警报水平大于最小补充液水平！;Зверніть увагу: Рівень тривоги перевищує мінімальний рівень поповнення!;Kérjük, vegye figyelembe! A riasztási szint nagyobb, mint a minimális utántöltési szint!;Παρακαλώ σημειώστε: Το επίπεδο συναγερμού είναι μεγαλύτερο από το ελάχιστο επίπεδο αναπλήρωσης!
erfolgreich gespeichert!;saved successfully!;Enregistré avec succès !;Memorizzato con successo!;succesvol opgeslagen!!;başarı ile kaydedildi!;udało się zapisać!;¡guardado correctamente!;успешно сохранено!;成功保存！;успішно збережено!;sikeresen mentve!;αποθηκεύτηκε επιτυχώς!
heute;today;Aujourd’hui;oggi;vandaag;bugün ;dzisiaj;hoy;сегодня;今天;Сьогодні;today;σήμερα
Übersicht;overview;Aperçu;Panoramica;Overzicht;Genel bakış ;Przegląd;Resumen;Обзор времени;概览;Огляд за;Áttekintés;Επισκόπηση
Zeit;time;Heure;Orario;Tijd;Zaman ;Czas;Hora;Время;时间;Час;Idő;Χρόνος
Fehler beim Speichern der Netzwerkadresse!;Error saving network address!;Erreur d’enregistrement de l’adresse réseau !;Errore nella memorizzazione dell'indirizzo network!;Fout bij het opslaan van netwerkadres!;Ağ adresini kaydetmekte hata yaşandı!;Błąd zapisu adresu sieciowego!;¡Error al guardar la dirección de red!;Ошибка при сохранении сетевого адреса!;保存网络地址出错！;Помилка при збереженні мережевої адреси!;Hiba a hálózati cím mentésekor!;Σφάλμα κατά την αποθήκευση της διεύθυνσης δικτύου!
Intervall muss zwischen 1 und 60 liegen!;Time slice must be between 1 and 60!;L’intervalle doit être compris entre 1 et 60;Posizionare l'intervallo tra 1 e 60!;Inverval moet tussen 1 en 60 liggen!;Aralığın 1 ve 60 arası olaması zorunda!;Interwał musi być pomiędzy 1 a 60!;El intervalo debe estar entre 1 y 60.;Интервал должен быть от 1 до 60!;间隔必须在 1 到 60 之间！;Інтервал повинен бути від 1 до 60!;Az intervallumnak 1 és 60 között kell lennie!;Το διάστημα πρέπει να είναι μεταξύ 1 και 60!
Fehler beim Sichern der Systemdateien!;Error saving system-files!;Erreur de sauvegarde des fichiers systèmes !;Errore nella sicurezza file del sistema!;Fout bij het veiligstellen van de systeemdata!;Sistem dosyalarını kaydetmekte hata yaşandı!;Błąd przy zapisie plików systemowych!;¡Error al guardar los archivos del sistema!;Ошибка при сохранении системных файлов!;保存系统文件时出错！;Помилка при збереженні системних файлів!;Hiba a rendszerfájlok mentésekor!;Σφάλμα κατά την αποθήκευση των αρχείων συστήματος!
Fehler beim Sichern der Recorderdateien!;Error saving recorder-files!;Erreur de sauvegarde des fichiers d’enregistrement !;Errore nella sicurezza file di registrazione!;Fout bij het veiligstellen van de printerdata!;Kayıdedici dosyalarını kaydetmekte hata yaşandı!;Błąd przy zapisywaniu plików rejestratora!;¡Error al guardar los archivos de la grabadora!;Ошибка при сохранении файлов диктофона!;保存记录盒文件时出错;Помилка при збереженні файлів реєстратора!;Hiba a felvevőfájlok mentésekor!;Σφάλμα κατά την αποθήκευση των αρχείων εγγραφής!
Fehler beim Sichern der Rezepturdateien!;Error saving recipe-files!;Erreur de sauvegarde des fichiers de recettes !;Errore nella sicurezza file di ricetta!;Fout bij het veiligstellen van de receptdata!;Reçete dosyalarını kaydetmekte hata yaşandı!;Błąd przy tworzeniu kopii zapasowej plików receptur!;¡Error al guardar los archivos de recetas!;Ошибка при сохранении файлов рецептов!;保存配方文件时出错;Помилка при збереженні файлів рецептів!;Hiba a receptfájlok mentésekor!;Σφάλμα κατά την αποθήκευση των αρχείων συνταγών!
Fehler beim Sichern der Logdateien!;Error saving log-files!;Erreur de sauvegarde des fichiers journal !;Errore nella sicurezza file log!;Fout bij het veiligstellen van de loggingsdata!;Log dosyaları kaydetmekte hata yaşandı!;Błąd przy tworzeniu kopii zapasowej plików dziennika!;¡Error al guardar los archivos de registro!;Ошибка при сохранении файлов журнала!;保存日志文件时出错！;Помилка при збереженні файлів журналу!;Hiba a naplófájlok mentésekor!;Σφάλμα κατά την αποθήκευση των αρχείων καταγραφής!
Ungültige Dateiendung!;Invalid file extension!;Extension du fichier invalide !;Suffisso file non valido!;Ongeldige dataafsluiting!;Geçersiz dosya uzantısı!;Niewłaściwe rozszerzenie pliku!;¡Extensión de archivo no válida!;Неверное расширение файла!;文件扩展名无效！;Неправильне розширення файлу!;Érvénytelen fájlkiterjesztés!;Μη έγκυρη επέκταση αρχείου!
Drehzahl [U/min];Rot. speed [rpm];Vitesse de rotation [tr/min];Regime di rotazione [1/min];Toerental [1/min];Devir sayısı [U/min];Prędkość [obr/min];Velocidad [rpm];Скорость [об/мин];速度 [rpm］;Швидкість [об/хв];Sebesség [fordulatszám];Ταχύτητα [rpm]
Host Input on/offline ändern;Change host input on/offline;Changer entrée serveur en ligne/hors ligne;Cambiare host input on/offline;Host input actief / offline  wijzigen;Host Input on/offline değiştirmek ;Zmiana wejścia hosta on/offline;Cambiar entrada host on/offline;Включение/выключение входа хоста;更改主机输入;Увімкнути/вимкнути вхід хоста;A gazdabemenet be/ki kapcsolása;Αλλαγή εισόδου κεντρικού υπολογιστή on/offline
Lokalbetrieb;Local mode;Mode d´opération local;Modalità operativa locale;Locale bediening;Lokal işlem ;Praca lokalna;Funcionamiento local;Локальная операция;本地操作;Локальна робота;Helyi működés;Τοπική λειτουργία
Volumetrischer Einzelplatzdosierer;Volumetric stand-alone feeder - VOL;Doseur volumétrique individuel;Dosatore volumetrico a sito unico;Volumetrische doseerunit voor één plaats;Volumetrik tek yer dosajcı - VOL;Wolumetryczny podajnik jednorazowy;Alimentador volumétrico monoestación;Объемный одностанционный диспенсер;容积式单工位加油机;Об'ємний одностанційний дозатор;Térfogatos egypozíciós adagoló;Ογκομετρικός αυτόνομος διανομέας
Nachfüllen beenden;Stop refill;Arrêter le remplissage;Stop refill;Navullen stoppen;yeniden doldurma durdur ;Zatrzymanie uzupełniania;Detener rellenado;Конечное пополнение;停止加料;Кінцеве поповнення;Újratöltés leállítása;Σταματήστε την επαναπλήρωση
Dosierperformanz ändern;Change dose performance;Modifier la performance de dosage;Modificare le prestazioni di dosaggio;Doseerprestaties veranderen;Q maksimum faktörü değiştir;Zmiana wydajności dozowania;Cambiar el rendimiento de dosificación;Изменение производительности дозирования;改变配料性能;Зміна продуктивності дозування;Adagolási teljesítmény módosítása;Αλλαγή απόδοσης δοσολογίας
Max. Drehzahl ändern;Change maxrotation;Modifier la vitesse de rotation max.;Modifica la velocità mass.;Toerental veranderen;maksimum devir sayısını değiştir;Maks. Prędkość zmiany;Máx. Cambiar velocidad;Макс. Скорость изменения;最大 改变速度;Макс. Швидкість зміни;Max. Sebesség módosítása;Αλλαγή μέγιστης ταχύτητας
Min. Startbefehl [%];Min. Start command [%];Com. min. de départ [%];Comando min. di avvio [%];Min. Start commando [%];asgari başlatma komutu [%];Min. polecenie uruchomienia [%];Comando de arranque mín.;Мин. команда запуска [%];最小启动指令 [%];Мінімальна команда запуску [%];Min. indítási parancs [%];Ελάχιστη εντολή εκκίνησης [%]
Dosiertyp ändern;Change feeder type;Changer de type de dosage;Cambiare tipo di dosaggio;Veranderen feeder model;Dosajcı tipi değiştir;Zmień typ dozowania;Cambiar tipo de dosificación;Изменение типа дозирования;更改配料类型;Змінити тип дозування;Adagolás típusának módosítása;Αλλαγή τύπου δοσομέτρησης
Anlagenbezugsgröße ändern;Change line reference value;Changer la taille de référence de la ligne;Cambia riferimento dell'impianto;Grote van systeem veranderen;varlık referans miktarını değiştir;Zmiana wartości zadanej systemu;Cambiar valor de referencia del sistema;Изменить системную опорную переменную;更改系统参考变量;Змінити опорну змінну системи;Rendszer referenciaváltozó módosítása;Αλλαγή μεταβλητής αναφοράς συστήματος
Ungültiger ;invalid;invalide;invalido;Ongeldig;geçersiz ;Nieważna ;No válido ;Неверный ;无效 ;Недійсний ;Érvénytelen ;Μη έγκυρο 
Ungültige Profibusliste;Invalid Profibuslist;Liste Profibus invalide;Elenco Profibus non valido;Ongeldige Profibuslijst;geçersiz profil otobüs listesi;Nieważna lista Profibus;Lista Profibus inválida;Неверный список Profibus;Profibus 列表无效;Неправильний список Profibus;Érvénytelen Profibus lista;Μη έγκυρη λίστα Profibus
Intervall muss zwischen 5 und 3600 liegen;Interval must be between 5 and 3600;L'intervalle doit se situer entre 5 et 3600;L'intervallo deve essere compreso tra 5 e 3600;Interval moet tussen 5 en 3600 zijn;Aralığın 5 ve 3600 arası olaması zorunda!;Interwał musi zawierać się między 5 a 3600;El intervalo debe estar entre 5 y 3600;Интервал должен быть между 5 и 3600;间隔必须在 5 和 3600 之间;Інтервал має бути від 5 до 3600;Az intervallumnak 5 és 3600 között kell lennie;Το διάστημα πρέπει να είναι μεταξύ 5 και 3600
Die Laufüberwachung meldet einen Fehler, dass die Bandgeschwindigkeit zu niedrig ist. \nSoll die Tarierung trotzdem fortgesetzt werden?;The run monitor reports an error that the belt speed is too low. \nDo you want to continue taring anyway?;La surveillance de l'exécution signale une erreur indiquant que la vitesse de la bande est trop faible.\nSouhaitez-vous tout de même poursuivre le tarage?;Il monitoraggio della corsa segnala un errore che indica che la velocità del nastro è troppo bassa. \È opportuno continuare a fare il triage in ogni caso?;De draai beveiliging geeft een foutmelding dat de bandsnelheid te laag is.\nWilt u tarrering voortzetten?;Çalışma izletmesi bant hızının fazla düşük olmasından dolayı hata rapor ediyor. Yüzdürme yinede devam edilsin mi?;Kontrola pracy zgłasza błąd, że prędkość taśmy jest zbyt mała. \Czy mimo to należy kontynuować tarcie?;La monitorización de la marcha informa de un error que indica que la velocidad de la cinta es demasiado baja. \n¿Debe continuar la tara de todas formas?;Контроль выполнения сообщает об ошибке, что скорость ленты слишком низкая. \Нужно ли продолжать затаривание?;运行监控报告错误，皮带速度太低。\无论如何都要继续输送吗？;Контроль пробігу повідомляє про помилку, що швидкість стрічки занадто низька. Чи все одно слід продовжувати маркування?;A futásfelügyelet hibát jelez, miszerint a szalag sebessége túl alacsony. \A tarolás mindenképpen folytatódjon?;Η παρακολούθηση λειτουργίας αναφέρει ένα σφάλμα ότι η ταχύτητα του ιμάντα είναι πολύ χαμηλή.\nΘα πρέπει να συνεχιστεί οπωσδήποτε η ταρίχευση
Ungültiges Gewicht! Torfilter anpassen;Invalid weight! Adjust gate filter;Poids invalide! Adapter le filtre de la porte;Peso non valido! Adattare il filtro;Ongeldig gewicht! Pas poort filter aan;geçersiz ağırlık! Kapı filtreleri özelleştir;Niewłaściwy ciężar! Ustawić filtr bramki;Peso no válido Ajustar filtro de puerta;Неверный вес! Отрегулируйте фильтр затвора;重量无效！调整闸门过滤器;Неправильна вага! Налаштуйте решітчастий фільтр;Érvénytelen súly! Állítsa be a kapuszűrőt;Άκυρο βάρος! Ρυθμίστε το φίλτρο πύλης
Möchten Sie die Dosierperformanz beim Betrieb wirklich überschreiben?;Do you really want to override the dose performance when running?;Voulez-vous vraiment remplacer la performance de dosage lors du fonctionnement?;Si sovrascrive davvero la prestazione di dosaggio durante il funzionamento?;Wilt u de doseerprestaties overschrijven tijdens gebruik?;Q maksimum faktörünün gerçekten çalıştığı esnada üstüne yazılsın mı?;Czy naprawdę chcesz nadpisać wydajność dozowania podczas pracy?;¿Realmente desea sobrescribir el rendimiento de dosificación durante el funcionamiento?;Вы действительно хотите переписать характеристики дозирования во время работы?;您真的想在运行期间覆盖配料性能吗？;Ви дійсно хочете перезаписати продуктивність дозування під час роботи?;Tényleg felül akarja írni az adagolási teljesítményt működés közben?;Θέλετε πραγματικά να αντικαταστήσετε την απόδοση της δοσομέτρησης κατά τη διάρκεια της λειτουργίας
Blitzlampe;flash light;Lampe flash;Lampada flash;Flitslamp;flaş ampul;Lampa błyskowa;Lámpara de flash;Мигающая лампа;闪光灯;Миготлива лампа;Villogó lámpa;Λυχνία αναβοσβήνει
Systemeinstellungen\nSystemeinstellungen;System settings\nSystem settings;Paramètres du système\nParamètres du système;Impostazioni di sistema\nImpostazioni di sistema;Systeem instellingens\n Systeem instellingen;sistem ayarları;Ustawienia systemowe;Ajustes del sistema;Системные настройки\nСистемные настройки;系统设置;Налаштування системи\nНалаштування системи;Rendszerbeállítások\nRendszerbeállítások;Ρυθμίσεις συστήματος\nΡυθμίσεις συστήματος
Öffnen;Open;Ouvrir;Aprire;Open;Açmak;Otwórz;Abrir;Открыть;打开;Відкрити;Nyissa meg a;Ανοίξτε το
Vorlagealarm;Alert template;Alarme;Modello Allarme;Alert template;şablon alarmı ;Szablon Alarm;Plantilla Alarma;Сигнал тревоги по шаблону;模板警报;Шаблонний сигнал тривоги;Sablon riasztás;Συναγερμός προτύπου
Filterung [%];Filtering [%];Filtrage [%];Filtraggio [%];Filtering [%];filtreleme [%];Filtrowanie [%];Filtrado [%];Фильтрация [%];过滤 [%];Фільтрація [%];Szűrés [%];Φιλτράρισμα [%]
Sollwertlimit grav. [%];Setpoint limit grav. [%];Lim. valeur cible grav. [%];Setpoint limite grav. [%];Setpoint limit grav. [%];nominal değer limitini oymak [%];Setpoint limit grav. [%];Límite de consigna grav. [%];Предел уставки грав. [%];设定点极限重力 [%];Граничне значення уставки град. [%];Gravimetrikus beállítási határérték [%];Οριακό σημείο ρύθμισης grav. [%]
Kundenalarm;Customer alert;Alarme client;Allarme cliente;Klantenalarm;müşteri alarmı ;Alarm klienta;Alarma cliente;Сигнал тревоги клиента;客户报警;Тривога користувача;Ügyfél riasztás;Συναγερμός πελάτη
Rührwerk;Agitator;Agitateur;Agitatore;Roerwerk;Karıştırıcı;Mieszadło;Agitador;Мешалка;搅拌器;Мішалка;Keverő;Αναδευτήρας
Automatische Tarierung;Automatic taring;Tare automatique;Tara automatica;Automatische tarrering;Otomatik yüzdürme;Automatyczne tarowanie;Tara automática;Автоматическое тарирование;自动剪切;Автоматичне тарування;Automatikus tarolás;Αυτόματη ταρίχευση
Sollw. [kg/h];Setp. [kg/h];Cible [kg/h];Setp. [kg/h];Insp. [kg/h];Nom.değer [kg/h];Wartość [kg/h];Consigna [kg/h];Уставка [кг/ч];设定值 [kg/h］;Уставка [кг/год];Beállított érték [kg/h];Σημείο ρύθμισης [kg/h]
Max. Bandlast [kg/m];Max. belt load [kg/m];Charge max. bande [kg/m];Carico massimo del nastro [kg/m];Max. Bandlast [kg/m];maksimum bant ağırlığı  ;Maks. Obciążenie taśmy [kg/m];Carga máx. Carga cinta [kg/m];Макс. Нагрузка на ленту [кг/м];最大 输送带负荷 [kg/m］;Макс. навантаження на стрічку [кг/м];Max. Szalagterhelés [kg/m];Μέγιστο φορτίο ιμάντα [kg/m]
Erweiterte Kalibrierparameter;Advanced calibration parameters;Paramètres avancés de calibrage;Parametri di calibrazione estesi;Geavanceerde kalibratieparameters;genişletilmiş kalibrasyon parametreleri;Rozszerzone parametry kalibracji;Parámetros de calibración ampliados;Расширенные параметры калибровки;扩展校准参数;Розширені параметри калібрування;Bővített kalibrációs paraméterek;Εκτεταμένες παράμετροι βαθμονόμησης
Kalibrierfaktor [0..5];calibration factor [0..5];Facteur de calibrage [0..5];Fattore di calibrazione [0..5];Kalibratiefactor [0..5];kalibrasyon faktörü [0..5];Współczynnik kalibracji [0..5];Factor de calibración [0..5];Коэффициент калибровки [0..5];校准系数 [0...5］;Коефіцієнт калібрування [0..5];Kalibrációs tényező [0..5];Συντελεστής βαθμονόμησης [0..5]
Rührwerk/Paddel;agitator / paddle;Agitateur/pale;Agitatore/padella;Roerwerk/Paddle;Karıştırıcı/paddle;Mieszadło/łopatka;Agitador/pala;Мешалка/лопасть;搅拌器/桨叶;Мішалка/лопатка;Keverő/lapát;Αναδευτήρας/φτερωτή
Info;Info;Info;Info;Info;bilgi;Info;Información;Информация;信息;Інформація;Info;Πληροφορίες
Grafikauswahl;graphic selection;Sélection graphique;Selezione grafica;Grafische selectie;grafik seçimi;Wybór grafiki;Selección gráfica;Выбор графики;图形选择;Вибір графічного зображення;Grafikus kiválasztás;Επιλογή γραφικών
Report;Report;Rapport;Rapporto;Rapporteer;Rapor ;Raport;Informe;Отчет;报告;Звіт;Jelentés;Αναφορά
1/1 Verwiegung aktivieren;1/1 Activate weighing;1/1 Activer le pesage;Attiva pesatura 1/1;1/1 Wegen activeren;1/1 tartımı etkinleştir;Aktywuj ważenie 1/1;Activar pesada 1/1;Активация взвешивания 1/1;激活 1/1 称重;Активувати зважування 1/1;Aktiválja az 1/1 mérlegelést;Ενεργοποίηση ζύγισης 1/1
beendet;completed;Terminé;completo;eindigt;tamamlandı;kończy się;finaliza;готовый;完成;закінчений;befejezve;τελειωμένο
Bitte beachten! Der eingegebene Sollwert ist größer als die Bezugsgrösse.;Please note! The setpoint entered is greater than the reference value;Attention! La valeur cible saisie est supérieure à la grandeur de référence.;Attenzione! Il valore nominale immesso è superiore al valore di riferimento.;Let op! De ingevoerde streefwaarde is groter dan de referentiewaarde.;Lütfen dikkat edin! Verilen nominal değer tabandan daha büyük ;Proszę zwrócić uwagę! Wprowadzona wartość docelowa jest większa niż wartość referencyjna.;Atención El valor teórico introducido es mayor que el valor de referencia.;Обратите внимание! Введенное целевое значение больше контрольного значения.;请注意 输入的目标值大于参考值。;Зверніть увагу! Введене цільове значення більше, ніж еталонне.;Kérjük, vegye figyelembe! A megadott célérték nagyobb, mint a referenciaérték.;Παρακαλούμε σημειώστε! Η τιμή-στόχος που έχει εισαχθεί είναι μεγαλύτερη από την τιμή αναφοράς.
speichern;save;sauvegarder;salvare;opslaan op plc;kaydetmek;zapisz;guardar;Сохранить;保存;Зберегти;Mentés;Αποθήκευση
Bitte beachten Sie, daß auf dem lokalen Laufwerk die Daten nach 180 Tagen automatisch gelöscht werden.;Please note that the data on the local drive is automatically deleted after 180 days.;Veuillez noter que dans la mémoire locale, les données sont automatiquement supprimées après 180 jours.;Si noti che sull'unità locale i dati vengono eliminati automaticamente dopo 180 giorni.;Op de lokale schijf worden de gegevens na 180 dagen automatisch gewist.;Lütfen yerel sürücüdeki verilerin 180 gün sonra otomatik olarak silindiğini unutmayınız;Proszę pamiętać, że dane na dysku lokalnym zostaną automatycznie usunięte po 180 dniach.;Tenga en cuenta que los datos de la unidad local se borrarán automáticamente transcurridos 180 días.;Обратите внимание, что данные на локальном диске автоматически удаляются через 180 дней.;请注意，本地硬盘上的数据将在 180 天后自动删除。;Зверніть увагу, що дані на локальному диску автоматично видаляються через 180 днів.;Kérjük, vegye figyelembe, hogy a helyi meghajtón lévő adatok 180 nap után automatikusan törlődnek.;Λάβετε υπόψη ότι τα δεδομένα στον τοπικό δίσκο διαγράφονται αυτόματα μετά από 180 ημέρες.
Bitte beachten Sie, daß auf dem lokalen Laufwerk nur begrenzt Speicherplatz\n für lange Aufzeichnungen zur Verfügung steht. Verwenden Sie ggf. bitte \n einen externen Datenträger.;Please note that the local drive has limited space for long recordings.\nIf necessary, please use an external data medium.;Veuillez noter que l'espace disponible dans la mémoire locale est limité pour les enregistrements longs. \nLe cas échéant, utilisez un support de données externe.;Si noti che lo spazio disponibile sull'unità locale per le registrazioni lunghe è limitato. Se necessario, utilizzare un supporto dati esterno.;Houd er rekening mee dat er slechts beperkte ruimte beschikbaar is op de lokale schijf voor lange opnames. Gebruik eventueel een externe gegevensdrager.;Yerel sürücüde uzun kayıtlar için\n sınırlı alan olduğunu lütfen unutmayınız. Gerekirse, lütfen \n harici bir veri ortamı kullanınız;Proszę pamiętać, że na dysku lokalnym dostępna jest tylko ograniczona przestrzeń do przechowywania długich nagrań. W razie potrzeby proszę użyć zewnętrznego nośnika danych.;Tenga en cuenta que el espacio de almacenamiento disponible en la unidad local para grabaciones largas es limitado. En caso necesario, utilice un soporte de datos externo.;Учтите, что для хранения длинных записей на локальном диске имеется лишь ограниченное пространство. При необходимости воспользуйтесь \n внешним носителем данных.;请注意，本地硬盘上可用于长时间记录的存储空间有限。如有必要，请使用外部数据载体。;Зверніть увагу, що для довгих записів на локальному диску доступно лише обмежений простір для зберігання. Будь ласка, використовуйте зовнішній носій даних, якщо це необхідно.;Kérjük, vegye figyelembe, hogy a helyi meghajtón csak korlátozott tárhely áll rendelkezésre a hosszú felvételek tárolására.\nSzükség esetén kérjük, használjon külső adathordozót.;Λάβετε υπόψη ότι ο διαθέσιμος χώρος αποθήκευσης στην τοπική μονάδα δίσκου\nγια εγγραφές μεγάλης διάρκειας είναι περιορισμένος.\nΕάν είναι απαραίτητο, χρησιμοποιήστε έναν εξωτερικό φορέα δεδομένων.
Max. Stellbefehländerung [%];Max. drivecmd. change [%];Chang. max. cmd. de réglage [%];Mass. variazione del comando [%];Max. regelopdracht [%];Maksimum ayar komut değişimi [%];Maks. Zmiana polecenia [%];Máx. Cambio de mando [%];Макс. Изменение управляющей команды [%];最大值 控制指令变化 [%];Максимальна зміна команди приводу [%];Max. Hajtásparancs változás [%];Μέγιστη αλλαγή εντολής ελέγχου [%]
Die Dosierperformanz gibt die maximale Leistung des Dosiergeräts bei 100 % Stellbefehl an.;The dosing performance indicates the maximum output of the dosing device at 100% control command.;La performance de dosage indique la puissance maximale du doseur pour une commande de réglage de 100 %.;La prestazione di dosaggio indica l'uscita massima dell'unità di dosaggio al 100 % del comando di controllo.;Het doseervermogen geeft het maximale vermogen van de doseereenheid bij 100% regelopdracht aan.;Dozajlama performansı, % 100 kontrol komutunda dozajlama ünitesinin maksimum çıkışını gösterir.;Wydajność dozowania wskazuje maksymalną wydajność dozownika przy 100 % komendzie ustawienia.;El rendimiento de dosificación indica el rendimiento máximo de la unidad de dosificación con un comando de ajuste del 100 %.;Производительность дозирования показывает максимальную производительность дозатора при 100 %-ном изменении управляющей команды.;配料性能表示配料装置在 100 % 执行命令时的最大输出。;Продуктивність дозування вказує на максимальну продуктивність дозатора при 100 % зміні команди керування.;Az adagolási teljesítmény az adagolóberendezés maximális teljesítményét jelzi 100 %-os vezérlőparancs mellett.;Η απόδοση δοσομέτρησης υποδεικνύει τη μέγιστη απόδοση της δοσομετρικής συσκευής σε 100 % εντολή ενεργοποίησης.
Bei einer kürzeren Messzeit reagiert der Regler schneller auf Messwertschwankungen.\nEine längere Zeit bewirkt eine größere Trägheit des Reglers.;If the measurement time is shorter, the controller reacts more quickly to fluctuations in the measured value.\nA longer time causes the controller to be more inert;Avec un temps de mesure plus court, le régulateur réagit plus rapidement aux variations des valeurs mesurées.\nUn temps plus long entraîne une plus grande inertie du régulateur.;Con un tempo di misura più breve, il controllore reagisce più rapidamente alle fluttuazioni del valore misurato. Un tempo più lungo causa una maggiore inerzia del controllore.;Bij een kortere meettijd reageert de regelaar sneller op schommelingen in de gemeten waarde.\n Een langere tijd veroorzaakt een grotere traagheid van de regelaar.;Daha kısa bir ölçüm süresi ile kontrolör, ölçülen değerdeki dalgalanmalara daha hızlı tepki verir.\nDaha uzun bir süre, kontrolörün daha fazla ataletine neden olur.;Przy krótszym czasie pomiaru regulator szybciej reaguje na wahania wartości mierzonej.Dłuższy czas powoduje większą bezwładność regulatora.;Con un tiempo de medición más corto, el regulador reacciona más rápidamente a las fluctuaciones del valor medido.\nUn tiempo más largo provoca una mayor inercia del regulador.;При меньшем времени измерения контроллер быстрее реагирует на колебания измеряемого значения.\nБольшее время приводит к большей инерции контроллера.;测量时间越短，控制器对测量值的波动反应越快。;При коротшому часі вимірювання контролер швидше реагує на коливання вимірюваного значення. Більший час призводить до більшої інерційності регулятора.;A rövidebb mérési idővel a szabályozó gyorsabban reagál a mért érték ingadozásaira. A hosszabb idő a szabályozó nagyobb tehetetlenségét eredményezi.;Με μικρότερο χρόνο μέτρησης, ο ελεγκτής αντιδρά πιο γρήγορα στις διακυμάνσεις της μετρούμενης τιμής.\nΜεγαλύτερος χρόνος έχει ως αποτέλεσμα μεγαλύτερη αδράνεια του ελεγκτή.
Ungenügende Anzahl Kalibrierstützwerte! Defaultwert wird hinzugefügt.;Insufficient number of calibration points! Default value is added.;Nombre insuffisant de valeurs de référence d'étalonnage ! Ajout d'une valeur par défaut.;Numero insufficiente di valori di supporto alla calibrazione! Viene aggiunto il valore predefinito.;Onvoldoende kalibratiewaarden! Standaardwaarde is toegevoegd.;Yetersiz sayıda kalibrasyon destek değeri! Varsayılan değer eklenir.;Niewystarczająca liczba wartości pomocniczych kalibracji! Dodana zostaje wartość domyślna.;¡Número insuficiente de valores de soporte de calibración! Se añade el valor por defecto.;Недостаточное количество опорных значений калибровки! Добавляется значение по умолчанию.;校准支持值数量不足！添加默认值。;Недостатня кількість опорних значень калібрування! Додано значення за замовчуванням.;Elégtelen számú kalibrálási segédérték! Az alapértelmezett érték hozzáadásra kerül.;Ανεπαρκής αριθμός τιμών υποστήριξης βαθμονόμησης! Προστίθεται η προεπιλεγμένη τιμή.
Keine Wägezelle verfügbar!;No load cell available!;Aucun capteur de pesage disponible!;Nessuna scala disponibile!;Geen load cell beschikbaar!;Yük hücresi mevcut değil!;Brak ogniwa obciążającego!;No hay célula de carga disponible.;Нет доступного тензодатчика!;没有可用的称重传感器！;Немає датчика навантаження!;Nincs rendelkezésre álló terhelésmérő cella!;Δεν υπάρχει διαθέσιμη κυψέλη φορτίου!
Kalibrierung enthält ungültige Werte!;Calibration contains invalid values;L'étalonnage contient des valeurs invalides !;La calibrazione contiene valori non validi!;Kalibratie bevat ongeldige waarden!;Kalibrasyon geçersiz değerler içeriyor!;Kalibracja zawiera nieprawidłowe wartości!;La calibración contiene valores no válidos.;Калибровка содержит недопустимые значения!;校准包含无效值！;Калібрування містить невірні значення!;A kalibrálás érvénytelen értékeket tartalmaz!;Η βαθμονόμηση περιέχει μη έγκυρες τιμές!
Fehler beim Speichern der Alarmkonfiguration!;Error saving alarm configuration!;Erreur lors de l'enregistrement de la configuration de l'alarme!;Errore durante il salvataggio della configurazione dell'allarme!;Fout bij het opslaan van de alarmconfiguratie!;Alarm yapılandırması kaydedilirken hata oluştu!;Błąd podczas zapisywania konfiguracji alarmów!;¡Error al guardar la configuración de la alarma!;Ошибка при сохранении конфигурации сигнализации!;警报配置保存出错！;Помилка при збереженні конфігурації тривоги!;Hiba a riasztási konfiguráció mentésekor!;Σφάλμα κατά την αποθήκευση της διαμόρφωσης συναγερμού!
Akt. Dosierperformanz zu hoch;Current dosing performance too high;Performance de dosage actuelle trop élevée;Prestazioni di dosaggio attuali troppo alte;Huidige doseerprestatie te hoog;Akt. Dozaj performansı çok yüksek;Akt. Wydajność dozowania za wysoka;Act. Rendimiento de dosificación demasiado alto;Действие. Слишком высокая производительность дозирования;Act. 配料性能过高;Дійте. Занадто висока продуктивність дозування;Színészkedj. Túl magas adagolási teljesítmény;Πολύ υψηλή απόδοση της τρέχουσας δοσολογίας
Akt. Dosierperformanz zu niedrig;Current dosing performance too low;Performance de dosage actuelle trop faible;Prestazione di dosaggio attuale troppo bassa;Huidige doseerprestatie te laag;Akt. Dozaj performansı çok düşük;Akt. Wydajność dozowania za niska;Act. Rendimiento de dosificación demasiado bajo;Действие. Слишком низкая производительность дозирования;实际 配料性能过低;Фактична Занадто низька продуктивність дозування;Tényleges Túl alacsony adagolási teljesítmény;Τρέχουσα απόδοση δοσολογίας πολύ χαμηλή
Allgemeiner Waagenfehler;General scale error;Erreur générale de balance;Errore di scala generale;Algemene weegcelfout;Genel ölçek hatası;Ogólny błąd skali;Error de escala general;Общая ошибка шкалы;一般刻度错误;Загальна похибка шкали;Általános skálahiba;Γενικό σφάλμα κλίμακας
Max. Stellschritt;Max. increment step;Incrément max.;Incremento mass.;Maximale instelstap;Maksimum ayar adımı;Maks. Krok nastawczy;Max. Paso de ajuste;Макс. Шаг регулировки;最大 调整步骤;Макс. Крок регулювання;Max. Beállítási lépés;Μέγιστο βήμα ρύθμισης
Max. Stellschritt [%];Max. increment step [%];Incrément max. [%];Incremento mass. [%];Maximale instelstap [%];Maksimum ayar adımı [%];Maks. Krok nastawczy [%];Max. Paso de ajuste [%];Макс. Шаг срабатывания [%];最大 执行步长 [%];Макс. Крок спрацьовування [%];Max. beállítási lépés [%];Μέγιστο βήμα ενεργοποίησης [%]
Die Dosierperformanz gibt die maximale Leistung des Dosiergeräts bei 100 % Stellbefehl an.;The dosing performance indicates the maximum output of the dosing device at 100% control command;La performance de dosage indique la puissance maximale du doseur pour une commande de réglage de 100 %.;La prestazione di dosaggio indica l'uscita massima dell'unità di dosaggio al 100 % del comando di controllo.;De doseerprestatie geeft het maximale vermogen van de doseereenheid bij 100% regelopdracht aan.;Dozajlama performansı, % 100 kontrol komutunda dozajlama ünitesinin maksimum çıkışını gösterir.;Wydajność dozowania wskazuje maksymalną wydajność dozownika przy 100 % polecenia pozycjonowania.;El rendimiento de dosificación indica la salida máxima de la unidad de dosificación al 100 % de la orden de posicionamiento.;Производительность дозирования определяет максимальную производительность дозатора при 100 %-ной команде управления.;配料性能规定了配料装置在 100 % 执行指令时的最大输出。;Продуктивність дозування визначає максимальну продуктивність дозатора при 100 % керуючому сигналі.;Az adagolási teljesítmény az adagolóberendezés maximális teljesítményét jelzi 100 %-os vezérlőparancs mellett.;Η απόδοση δοσομέτρησης υποδεικνύει τη μέγιστη έξοδο της δοσομετρικής συσκευής στο 100 % της εντολής ενεργοποίησης.
Der Quotient aus Bezugsgröße und Durchsatz definiert die Stellgröße für den Analogausgang Istwert.;The quotient of the reference variable and the throughput defines the manipulated variable for the analog output actual value.;Le quotient de la grandeur de référence et du débit définit la grandeur de commande pour la sortie analogique Valeur réelle.;Il quoziente del valore di riferimento e della portata definisce la variabile manipolata per il valore effettivo dell'uscita analogica.;Het quotiënt van referentiewaarde en doorvoer bepaalt de gemanipuleerde variabele voor de analoge uitgangswerkelijke waarde.;Referans değer ve verimin bölümü, analog çıkış gerçek değeri için manipüle edilen değişkeni tanımlar.;Iloraz wartości zadanej i natężenia przepływu określa wartość regulacyjną dla wyjścia analogowego Aktualna wartość.;El cociente entre el valor de referencia y el caudal define el valor de control para el valor real de la salida analógica.;Коэффициент исходного значения и расхода определяет управляющую переменную для фактического значения аналогового выхода.;参考值和流量的商定义了模拟输出实际值的执行变量。;Співвідношення заданого значення та витрати визначає керуючу змінну для фактичного значення аналогового виходу.;A referenciaváltozó és az áramlási sebesség hányadosa határozza meg az analóg kimenet aktuális értékének vezérlő változóját.;Το πηλίκο της μεταβλητής αναφοράς και του ρυθμού ροής ορίζει τη μεταβλητή ελέγχου για την πραγματική τιμή της αναλογικής εξόδου.
Dosierperformanz ändern;Change dosing performance;Modifier la performance de dosage;Modificare le prestazioni dosaggio;Doseerprestatie veranderen;Dozajlama performansını değiştirin;Zmiana wydajności dozowania;Modificación del rendimiento de dosificación;Изменение производительности дозатора;改变配料性能;Зміна продуктивності дозатора;Az adagolási teljesítmény megváltoztatása;Αλλαγή απόδοσης δοσολογίας
Beim Servicebetrieb sind die externen Verriegelungen deaktiviert.\nBitte beachten Sie ein erhöhtes Sicherheitsrisiko!\nTrotzdem fortfahren?;The external interlocks are deactivated in the service mode.\nPlease note an increased security risk!\nProceed anyway?;En mode service, les verrouillages externes sont désactivés.\nVeuillez noter un risque de sécurité accru !\nContinuer quand même ?;In modalità di servizio, gli interblocchi esterni sono disattivati.\nSi prega di notare un maggiore rischio per la sicurezza!\nContinuare comunque?;In de bedrijfsmodus zijn de externe vergrendelingen gedeactiveerd.\nLet op een verhoogd veiligheidsrisico!\nToch doorgaan?;Servis modunda harici kilitler devre dışı bırakılır.\nLütfen artan güvenlik riskine dikkat edin!\nYine de devam edelim mi?;W trybie serwisowym wyłączone są zewnętrzne blokady.\nProszę zwrócić uwagę na zwiększone ryzyko bezpieczeństwa!\nCzy mimo to kontynuować?;En el modo de servicio se desactivan los enclavamientos externos.\nTenga en cuenta que aumenta el riesgo para la seguridad.\n¿Continuar de todas formas?;При сервисном обслуживании внешние блокировки деактивируются.\nПримите во внимание повышенный риск безопасности!;在检修操作期间，外部联锁将被停用！;Під час сервісного обслуговування зовнішні блокування вимкнені. Зверніть увагу на підвищену небезпеку! Все одно продовжувати?;A külső reteszelések a szervizüzem alatt deaktiválódnak.\nVegye figyelembe a megnövekedett biztonsági kockázatot!\nMindenképpen folytassa?;Οι εξωτερικές ασφάλειες απενεργοποιούνται κατά τη διάρκεια της λειτουργίας σέρβις.\nΠαρακαλώ σημειώστε αυξημένο κίνδυνο ασφάλειας!\nΣυνεχίστε?
[kg/h];[kg/h];[kg/h];[kg/h];[kg/h];[kg/h];[kg/h];[kg/h];[кг/ч];[千克/小时］;[кг/год];[kg/h];[kg/h]
Wägezelle registrieren;Register load cell;Enregistrer la cellule de pesée;registrare scala;Registreer load cell;Yük hücresini kaydedin;Zarejestruj czujnik wagowy;Registrar célula de carga;Зарегистрировать датчик нагрузки;注册称重传感器;Зареєструвати тензодатчик;Nyilvántartó terhelésmérő cella;Καταχωρήστε την κυψέλη φορτίου
CompanyName;CompanyName;CompanyName;CompanyName;Bedrijfsnaam;CompanyName;Nazwa firmy;Nombre de la empresa;Название компании;公司名称;Назва компанії;CompanyName;CompanyName
SmaDotec GmbH;SmaDotec GmbH;SmaDotec GmbH;SmaDotec GmbH;SmaDotec GmbH;SmaDotec GmbH;SmaDotec GmbH;SmaDotec GmbH;SmaDotec GmbH;SmaDotec GmbH;SmaDotec GmbH;SmaDotec GmbH;SmaDotec GmbH
Drehzahl [Upm];Rot.speed [rpm];Vitesse de rot. [trpm];Velocità [rpm];Rot.speed [Upm];Hız [rpm];Prędkość obrotowa [obr/min];Velocidad [rpm];Скорость [об/мин];转速 [rpm］;Швидкість [об/хв];Sebesség [rpm];Ταχύτητα [rpm]
Schrittweite [kg/h];Increment [kg/h];Incrément [kg/h];Incremento [kg/h];Verhoging [kg/h];Adım boyutu [kg/h];Wielkość kroku [kg/h];Tamaño de paso [kg/h];Инкремент [кг/ч];增量 [kg/h］;Приріст [кг/год];Inkrementum [kg/h];Αύξηση [kg/h]
Alarm löschen\nAlarm löschen;Clear alarm\nClear alarm;Effacer l'alarme\nEffacer l'alarme;Cancella allarme\nCancella allarme;Alarm wissen\nAlarm wissen;Alarmı sil\nAlarmı sil;Wyczyść alarm;Borrar alarma\nBorrar alarma;Снять сигнал тревоги\nСнять сигнал тревоги;清除警报;Clear alarm\nЧистий сигнал\nЧистий сигнал;Riasztás törlése\nRiasztás törlése;Εκκαθάριση συναγερμού\nΕκκαθάριση συναγερμού
Nächster Dosierer\nNächster Dosierer;Next feeder\nNext feeder;Doseur suivant\nDoseur suivant;Prossimo dosatore\nProssimo dosatore;Volgende dosering\nVolgende dosering;Sonraki dozajlayıcı\nSonraki dozajlayıcı;Następny podajnik Następny podajnik;Siguiente alimentador\nSiguiente alimentador;Следующий дозатор\nСледующий дозатор;下一个配料单元（Next Dosing Unit;Наступний дозатор\nНаступний дозатор;Következő adagolóegység\nKövetkező adagolóegység;Επόμενη μονάδα δοσομέτρησης\nΕπόμενη μονάδα δοσομέτρησης
Fehler beim Speichern der Benutzerliste!;Error saving user list!;Erreur lors de l'enregistrement de la liste des utilisateurs !;Errore nel salvataggio dell'elenco utenti!;Fout bij het opslaan van de gebruikerslijst!;Kullanıcı listesi kaydedilirken hata oluştu!;Błąd podczas zapisywania listy użytkowników!;Error al guardar la lista de usuarios;Ошибка при сохранении списка пользователей!;保存用户列表时出错！;Помилка при збереженні списку користувачів!;Hiba a felhasználói lista mentésekor!;Σφάλμα κατά την αποθήκευση της λίστας χρηστών!
Vorheriger Dosierer\nVorheriger Dosierer;Previous feeder\nPrevious feeder;Doseur précédent\nDoseur précédent;Precedente Dosatore\nPrecedente Dosatore;Vorige dosering\nVorige dosering;Önceki dozajlayıcı\nÖnceki dozajlayıcı;Poprzedni dozownikPoprzedni dozownik;Dosificador anterior\nDosificador anterior;Предыдущий дозатор\nПредыдущий дозатор;上一个计量器;Попередній дозатор\nПопередній дозатор;Előző adagolóegység\nElőző adagolóegység;Προηγούμενος δοσομετρητής\nΠροηγούμενος δοσομετρητής
alles neu kalibrieren;recalibrate all;tout recalibrer;ricalibrare tutto;Alles opnieuw kalibreren;Her şeyi yeniden ayarlayın;Skalibruj wszystko;Recalibrar todo;Перекалибровать все;重新校准所有内容;Повторно відкалібрувати все;Kalibráljon újra mindent;Επαναβαθμονομήστε τα πάντα
Neu kalibrieren;recalibrate;recalibrer;ricalibrare;Herkalibreren;Yeniden kalibre et;Ponowna kalibracja;Recalibrar;Перекалибровать;重新校准;Перекалібрувати;Újrakalibrálni;Επαναβαθμονόμηση
Startverzögerung [s];Start delay [s];Délai de démarrage [s];Ritardo di avvio [s];Start vertraging [s];Gecikmeyi başlat [s];Opóźnienie startu [s];Retardo de inicio [s];Задержка запуска [с];启动延迟 [s］;Затримка запуску [с];Késleltetés indítása [s];Καθυστέρηση έναρξης [s]
Startverzögerung;Start delay;Délai de démarrage;Ritardo di avvio;Start vertraging;Gecikmeyi başlat [s];Opóźnienie startu;Retardo de arranque;Задержка запуска;启动延迟;Затримка запуску;Késleltetés indítása;Καθυστέρηση έναρξης
Alarmkonfiguration übernehmen;Apply alarm configuration;Appliquer la configuration de l'alarme;Applicare la configurazione dell'allarme;Alarmconfiguratie toepassen;Alarm yapılandırmasını uygula;Przyjęcie konfiguracji alarmu;Aceptar configuración de alarma;Принять конфигурацию сигнала тревоги;接受报警配置;Прийняти конфігурацію будильника;Riasztási konfiguráció elfogadása;Αποδοχή διαμόρφωσης συναγερμού
Alarmkonfiguration speichern;Save alarm configuration;Enregistrer la configuration de l'alarme;Salvare la configurazione dell'allarme;Alarmconfiguratie opslaan;Alarm yapılandırmasını kaydet;Zapisać konfigurację alarmu;Guardar configuración de alarma;Сохранить конфигурацию сигнала тревоги;保存报警配置;Зберегти конфігурацію будильника;Riasztási konfiguráció mentése;Αποθήκευση διαμόρφωσης συναγερμού
Prop. Verstärkung;Prop. Gain;Gain prop.;Guadagno prop.;Prop. Versterking;Oransal kazanç;Prop. Wzmocnienie;Prop. Amplificación;Реквизит. Усиление;建议 增益;Проп. Коефіцієнт підсилення;Proporcionális erősítés;Αναλογική ενίσχυση
Bitte beachten ! Der eingegebene Sollwert ist größer als die aktuelle Dosierperformanz.;Please note! The entered setpoint is greater than the current dosing performance.;Veuillez noter que la valeur cible saisie est supérieure à la performance de dosage actuelle.;Attenzione! Il setpoint immesso è superiore alla prestazione di dosaggio attuale.;Let op! Het ingevoerde setpoint is groter dan het huidige doseervermogen.;Lütfen dikkat ! Girilen ayar noktası mevcut dozajlama performansından daha büyüktür.;Uwaga! Wprowadzona wartość zadana jest większa niż aktualna wydajność dozowania.;Atención El valor de consigna introducido es mayor que el rendimiento de dosificación actual.;Обратите внимание! Введенная уставка больше, чем текущая производительность дозирования.;请注意 ！输入的设定值大于当前配料性能。;Зверніть увагу! Введене задане значення перевищує поточну продуктивність дозування.;Kérjük, vegye figyelembe ! A beállított érték nagyobb, mint az aktuális adagolási teljesítmény.;Παρακαλώ σημειώστε ! Το εισαγόμενο σημείο ρύθμισης είναι μεγαλύτερο από την τρέχουσα απόδοση δοσομέτρησης.
Weniger Eingaben;Fewer inputs;Moins d'entrées;Meno input;Minder inputs;Daha az girdi;Mniej wejść;Menos entradas;Меньше вводов;减少输入;Менше записів;Kevesebb bemenet;Λιγότερες καταχωρήσεις
Weitere Eingaben;More inputs;Autres entrées;Altri input;Verdere inputs;Diğer girdiler;Więcej wejść;Más entradas;Дополнительные вводы;更多输入;Подальші записи;További bejegyzések;Περαιτέρω είσοδοι
Max. Bandgewicht [kg];Max. Belt weight [kg];Poids max. bande [kg];Peso mass. nastro [kg];Max. bandgewicht [kg];Maks. kayış ağırlığı [kg];Maks. Masa pasa [kg];Máx. Peso de la cinta [kg];Макс. Вес ремня [кг];最大 传送带重量 [kg] （公斤;Макс. Вага стрічки [кг];Max. Szalag súlya [kg];Μέγιστο βάρος ιμάντα [kg]
Wägezelle Überlast;Load cell overload;Cellule de pesée Surcharge;Scala di sovraccarico;Load cell overbelasting;Yük hücresi aşırı yüklenmesi;Przeciążenie ogniwa obciążającego;Sobrecarga de la célula de carga;Перегрузка датчика нагрузки;称重传感器过载;Перевантаження тензодатчика;Túlterhelés a terhelésmérő cellán;Υπερφόρτωση κυψέλης φορτίου
Zeitüberschreitung Wägezelle;Timeout load cell;Expiration du temps de la cellule de pesée;Timeout Scala;Time-out laadcel;Zaman aşımı yük hücresi;Timeout Ogniwo obciążeniowe;Tiempo de espera Célula de carga;Тайм-аут датчика нагрузки;称重传感器超时;Тайм-аут тензодатчика;Terhelésmérő cella időkorlátja;Χρονικό όριο κυψέλης φορτίου
Rezepturwerte übernehmen\nRezepturwerte übernehmen;Transfer recipe values\nTransfer recipe values;Appliquer les valeurs de la recette\nAppliquer les valeurs de la recette;Assumere i valori delle ricette\nAssumere i valori delle ricette;Receptwaarden overnemen\nReceptwaarden overnemen;Tarif değerlerini devral\nTarif değerlerini devral;Przejęcie wartości receptury Przejęcie wartości receptury;Asumir valores de receta Asumir valores de receta;Принять значения рецепта\nПринять значения рецепта;Adopt recipe values （采用配方值;Прийняти значення рецепта\nПрийняти значення рецепта;Receptértékek elfogadása\nReceptértékek elfogadása;Υιοθέτηση τιμών συνταγής\nΥιοθέτηση τιμών συνταγής
Passwort zurücksetzen;Reset password;Réinitialiser le mot de passe;Reimpostare la password;Wachtwoord resetten;Şifreyi sıfırla;Resetowanie hasła;Restablecer contraseña;Сброс пароля;重置密码;Скинути пароль;Jelszó visszaállítása;Επαναφορά κωδικού πρόσβασης
Liniensollwert aktiv;Line setpoint active;Valeur cible de la ligne active;Setpoint di linea attivo;Lijnsetpoint actief;Hat ayar noktası aktif;Nastawa linii aktywna;Consigna de línea activa;Уставка линии активна;线路设置点激活;Уставка лінії активна;Vonalbeállítási pont aktív;Ενεργό σημείο ρύθμισης γραμμής
Rampe;Ramp;Ramp;Rampa;helling;Rampa;Rampa;Rampa;Рампа;斜坡;Рампа;Rámpa;Ράμπα
Performanz [kg/h];Performance [kg/h];Performance [kg/h];Prestazione [kg/h];Prestaties [kg/h];Performans [kg/h];Wydajność [kg/h];Rendimiento [kg/h];Производительность [кг/ч];性能 [kg/h］;Продуктивність [кг/год];Teljesítmény [kg/h];Απόδοση [kg/h]
Benutzereinstellungen;User settings;Paramètres utilisateur;Impostazioni utente;Gebruikersinstellingen;Kullanıcı ayarları;Ustawienia użytkownika;Ajustes de usuario;Настройки пользователя;用户设置;Налаштування користувача;Felhasználói beállítások;Ρυθμίσεις χρήστη
Sprachauswahl;Language settings;Sélection de la langue;Selezione della lingua;Taalkeuze;Dil seçimi;Wybór języka;Selección de idioma;Выбор языка;语言选择;Вибір мови;Nyelv kiválasztása;Επιλογή γλώσσας
Programm verlassen\nProgramm verlassen;Exit program\nexit program;Quitter le programme\nQuitter le programme;Uscire dal programma\nUscire dal programma;Programma afsluiten\nProgramma afsluiten;Çıkış programı\nÇıkış programı;Wyjście z programu;Salir del programa\nSalir del programa;Выход из программы\nВыход из программы;退出程序;Програма виходу\nПрограма виходу;Programból kilépés\nProgramból kilépés;Έξοδος από το πρόγραμμα\nΈξοδος από το πρόγραμμα
hinzufügen;add;ajouter;aggiungere;toevoegen;ekle;dodaj;añadir;Добавить программу;添加程序;Додати програму;Program hozzáadása;Προσθήκη προγράμματος
Linienmodus;Line mode;Mode ligne;Modalità linea;Lijnmodus;Hat modu;Tryb pracy linii;Modo de línea;Режим линии;生产线模式;Режим лінії;Vonal üzemmód;Λειτουργία γραμμής
Linienstatus\nLinienstatus;Line status\nLine status;Statut de la ligne\nStatut de la ligne;Stato della linea\nStato della linea;Lijnstatus\nLijnstatus;Hat durumu\nHat durumu;Stan linii;Estado de la línea;Состояние линии\nСостояние линии;线路状态;Стан лінії\nСтан лінії;Vonal állapota\n Vonal állapota;Κατάσταση γραμμής\nΚατάσταση γραμμής
Servicemode;Service mode;Mode de service;Modalità di servizio;Service modus;Servis modu;Tryb serwisowy;Modo de servicio;Режим обслуживания;服务模式;Сервісний режим;Szerviz üzemmód;Λειτουργία υπηρεσίας
Fehler beim Laden der DoseServer XML-Datei!;Error loading DoseServer XML file!;Erreur lors du chargement du fichier XML DoseServer!;Errore nel caricamento del file XML di DoseServer!;Fout bij het laden van het DoseServer XML-bestand!;DoseServer XML dosyası yüklenirken hata oluştu!;Błąd ładowania pliku DoseServer XML!;Error al cargar el archivo XML DoseServer.;Ошибка при загрузке XML-файла DoseServer!;加载 DoseServer XML 文件出错！;Помилка завантаження XML-файлу DoseServer!;Hiba a DoseServer XML fájl betöltése!;Σφάλμα φόρτωσης του αρχείου DoseServer XML!
Fehler beim Laden der Logo XML-Datei!;Error loading logo XML file!;Erreur lors du chargement du fichier XML du logo!;Errore nel caricare il file XML del logo!;Fout bij het laden van het logo XML-bestand!;Logo XML dosyası yüklenirken hata oluştu!;Błąd ładowania pliku Logo XML!;Error al cargar el archivo XML Logo;Ошибка при загрузке XML-файла Logo!;加载 Logo XML 文件时出错！;Помилка завантаження XML-файлу логотипу!;Hiba a Logo XML fájl betöltése!;Σφάλμα φόρτωσης του αρχείου Logo XML!
Fehler beim Laden der Systemconfig XML-Datei!;Error loading  Systemconfig XML file!;Erreur lors du chargement du fichier XML Systemconfig!;Errore durante il caricamento del file XML Systemconfig!;Fout bij het laden van het logo XML-bestand!;Systemconfig XML dosyası yüklenirken hata oluştu!;Błąd przy ładowaniu pliku XML Systemconfig!;¡Error al cargar el archivo Systemconfig XML!;Ошибка при загрузке XML-файла Systemconfig!;加载 Systemconfig XML 文件出错！;Помилка завантаження XML-файлу Systemconfig!;Hiba a Systemconfig XML fájl betöltése!;Σφάλμα φόρτωσης του αρχείου Systemconfig XML!
Fehler beim Initialisieren des Remoteservers!;Error while initializing remote server!;Erreur lors de l'initialisation du serveur distant!;Errore durante l'inizializzazione del server remoto!;Fout bij het initialiseren van de externe server!;Uzak sunucu başlatılırken hata oluştu!;Błąd podczas inicjalizacji zdalnego serwera!;Error al inicializar el servidor remoto;Ошибка инициализации удаленного сервера!;初始化远程服务器时出错！;Помилка ініціалізації віддаленого сервера!;Hiba a távoli kiszolgáló inicializálásában!;Σφάλμα αρχικοποίησης του απομακρυσμένου διακομιστή!
Fehler beim Öffnen des Remoteservers!;Error when opening remote server!;Erreur à l'ouverture du serveur distant!;Errore nell'apertura del server remoto!;Fout bij het openen van de externe server!;Uzak sunucu açılırken hata oluştu!;Błąd podczas otwierania serwera zdalnego!;Error al abrir el servidor remoto;Ошибка открытия удаленного сервера!;打开远程服务器出错;Помилка відкриття віддаленого сервера!;Hiba a távoli kiszolgáló megnyitásakor!;Σφάλμα ανοίγματος του απομακρυσμένου διακομιστή!
Fehler beim Öffnen der Datendatei!;Error when opening data file!;Erreur lors de l'ouverture du fichier de données!;Errore all'apertura del file dati!;Fout bij het openen van het gegevensbestand!;Veri dosyası açılırken hata oluştu!;Błąd przy otwieraniu pliku danych!;Error al abrir el archivo de datos;Ошибка при открытии файла данных!;打开数据文件时出错！;Помилка відкриття файлу даних!;Hiba az adatfájl megnyitásakor!;Σφάλμα ανοίγματος του αρχείου δεδομένων!
Fehler beim Speichern der Datendatei!;Error while saving data file!;Erreur lors de l'enregistrement du fichier de données!;Errore nel salvataggio del file di dati!;Fout bij het opslaan van het gegevensbestand!;Veri dosyası kaydedilirken hata oluştu!;Błąd przy zapisywaniu pliku danych!;Error al guardar el archivo de datos;Ошибка сохранения файла данных!;保存数据文件出错！;Помилка збереження файлу даних!;Hiba az adatfájl mentése!;Σφάλμα αποθήκευσης του αρχείου δεδομένων!
Dosierperformanz zu niedrig!;Dose performance too low!;Performance de dosage trop basses!;Prestazione di dosaggio troppo bassa!;Doseerprestatie te laag!;Dozajlama performansı çok düşük!;Zbyt niska wydajność dozowania!;El rendimiento de dosificación es demasiado bajo.;Слишком низкая производительность дозирования!;配料性能太低！;Занадто низька продуктивність дозування!;Túl alacsony adagolási teljesítmény!;Η απόδοση της δοσολογίας είναι πολύ χαμηλή!
Sie haben keine ausreichenden Berechtigungen den Dosierer zu starten oder zu stoppen!;You do not have sufficient authorization to start or stop the feeder!;Vous n'avez pas les autorisations suffisantes pour démarrer ou arrêter le doseur!;Non si dispone di un'autorizzazione sufficiente per avviare o arrestare il dosatore!;U heeft niet voldoende bevoegdheid om de doseereenheid te starten of te stoppen!;Dozajlama ünitesini başlatmak veya durdurmak için yeterli yetkiniz yok!;Nie masz wystarczających uprawnień do uruchomienia lub zatrzymania dozownika!;No dispone de autorización suficiente para iniciar o detener la unidad de dosificación.;Вы не имеете достаточных полномочий для запуска или остановки дозатора!;您没有足够的授权启动或停止配料装置！;Ви не маєте достатніх повноважень для запуску або зупинки дозатора!;Nincs elegendő jogosultsága az adagoló indításához vagy leállításához!;Δεν έχετε επαρκή εξουσιοδότηση για την εκκίνηση ή τη διακοπή της δοσομετρικής μονάδας!
In Input-Offline Modus wechseln;Switch to input offline mode;Passer en mode d'entrée hors ligne;Passare alla modalità Input Offline;Schakel over naar Input Offline Mode;Giriş Çevrimdışı Moduna Geçiş;Przełączyć na tryb Input-Offline;Cambie al modo Input-Offline;Переключитесь в автономный режим ввода;切换到离线输入模式;Перехід в автономний режим роботи входу;Váltson át offline üzemmódú beviteli módra;Εναλλαγή σε λειτουργία εισόδου χωρίς σύνδεση
Alarmeinstellungen;Alarm settings;Paramètres d'alarme;Impostazioni dell'allarme;Alarminstellingen;Alarm ayarları;Ustawienia alarmów;Configuración de la alarma;Настройки сигнализации;报警设置;Налаштування тривог;Riasztási beállítások;Ρυθμίσεις συναγερμού
Layoutkonfiguration;Layout configuration;Configuration de la mise en page;Configurazione del layout;Lay-out configuratie;Düzen yapılandırması;Konfiguracja układu;Configuración de la disposición;Конфигурация макета;布局配置;Конфігурація розкладки;Elrendezési konfiguráció;Διαμόρφωση διάταξης
Archiveinstellungen;Archive settings;Paramètres des archives;Impostazioni dell'archivio;Archief instellingen;Arşiv ayarları;Ustawienia archiwum;Configuración del archivo;Настройки архива;存档设置;Налаштування архіву;Archiválási beállítások;Ρυθμίσεις αρχείου
Remotekonfiguration;Remote settings;Configuration à distance;Configurazione remota;Externe configuratie;Uzaktan yapılandırma;Konfiguracja zdalna;Configuración remota;Удаленная конфигурация;远程配置;Віддалене конфігурування;Távoli konfiguráció;Απομακρυσμένη διαμόρφωση
Fehler bei der Checksummenberechnung Datendatei!;Error in checksum calculation data file!;Erreur lors du calcul de la somme de contrôle Fichier de données!;Errore nel calcolo del checksum File dati!;Fout tijdens  berekening Gegevensbestand!;Sağlama toplamı hesaplaması sırasında hata Veri dosyası!;Błąd podczas obliczania sumy kontrolnej Plik danych!;Error durante el cálculo de la suma de comprobación ¡Fichero de datos!;Ошибка вычисления контрольной суммы в файле данных!;数据文件校验和计算错误！;Помилка при обчисленні контрольної суми у файлі даних!;Hiba az ellenőrző összeg kiszámításában az adatfájlban!;Σφάλμα υπολογισμού αθροίσματος ελέγχου στο αρχείο δεδομένων!
Fehler beim Laden der Datendatei!;Error loading data file!;Erreur lors du chargement du fichier de données!;Errore nel caricamento del file di dati!;Fout bij het laden van het gegevensbestand!;Veri dosyası yüklenirken hata oluştu!;Błąd ładowania pliku danych!;¡Error al cargar archivo de datos!;Ошибка при загрузке файла данных!;加载数据文件出错！;Помилка завантаження файлу даних!;Hiba az adatfájl betöltése!;Σφάλμα φόρτωσης του αρχείου δεδομένων!
Fehler beim Speichern der BAK-Datei!;Error while saving BAK file!;Erreur lors de l'enregistrement du fichier BAK!;Errore nel salvataggio del file BAK!;Fout bij het opslaan van het BAK-bestand!;BAK dosyası kaydedilirken hata oluştu!;Błąd przy zapisie pliku BAK!;¡Error al guardar el archivo BAK!;Ошибка сохранения файла BAK!;保存 BAK 文件出错！;Помилка збереження BAK-файлу!;Hiba a BAK fájl mentése!;Σφάλμα αποθήκευσης του αρχείου BAK!
Ungültige Länge der Datendatei!;Invalid length of data file!;Longueur du fichier de données non valide!;Lunghezza del file di dati non valida!;Ongeldige lengte van het gegevensbestand!;Veri dosyasının uzunluğu geçersiz!;Niewłaściwa długość pliku danych!;¡Longitud no válida del archivo de datos!;Неверная длина файла данных!;数据文件长度无效！;Неправильна довжина файлу даних!;Az adatfájl érvénytelen hossza!;Μη έγκυρο μήκος του αρχείου δεδομένων!
Bitte beachten Sie, daß auf dem lokalen Laufwerk nur begrenzt Speicherplatz\n für lange Aufzeichnungen zur Verfügung steht. Verwenden Sie ggf. bitte \n einen externen Datenträger!;Please note that there is only limited space available on the local drive for long recordings.\nIf necessary, please use an external data device!;Veuillez noter que l'espace disponible dans la mémoire locale est limité pour les longs enregistrements.\nLe cas échéant, utilisez un support de données externe.;Si noti che lo spazio disponibile sull'unità locale per le registrazioni lunghe è limitato.\nSe necessario, utilizzare un supporto dati esterno!;Houd er rekening mee dat er slechts beperkte ruimte beschikbaar is op de lokale schijf voor lange opnames.\nGebruik eventueel een externe gegevensdrager!;Lütfen uzun kayıtlar için yerel sürücüde yalnızca sınırlı alan bulunduğunu unutmayın.\nGerekirse, lütfen harici bir veri taşıyıcı kullanın!;Należy pamiętać, że na dysku lokalnym dostępna jest tylko ograniczona ilość miejsca na długie nagrania. W razie potrzeby prosimy o użycie zewnętrznego nośnika danych!;Tenga en cuenta que el espacio de almacenamiento disponible en la unidad local para grabaciones largas es limitado. En caso necesario, utilice un soporte de datos externo.;Обратите внимание, что для длинных записей на локальном диске имеется лишь ограниченное пространство. При необходимости используйте \n внешний носитель данных!;请注意，本地硬盘的存储空间有限，无法存储长时间的记录。如有必要，请使用外部数据载体！;Зверніть увагу, що на локальному диску доступно лише обмежене місце для довгих записів. У разі необхідності, будь ласка, використовуйте зовнішній носій даних!;Kérjük, vegye figyelembe, hogy a helyi meghajtón csak korlátozott tárhely\náll rendelkezésre a hosszú felvételek számára.\nSzükség esetén használjon külső adathordozót!;Λάβετε υπόψη ότι ο διαθέσιμος χώρος αποθήκευσης στην τοπική μονάδα δίσκου για εγγραφές μεγάλης διάρκειας είναι περιορισμένος. Εάν είναι απαραίτητο, χρησιμοποιήστε έναν εξωτερικό φορέα δεδομένων!
Diagramm;Diagram;Diagramme;Diagramma;Diagram;Diyagram;Diagram;Diagrama;Диаграмма;图表;Діаграма;Ábra;Διάγραμμα
Prozeß;Process;Processus;Processo;Proces;Süreç;Proces;Proceso;Процесс;过程;Процес;Folyamat;Διαδικασία
Torfilter;Gate filter;Filtre de porte;Filtro gate;Gatefilter;Kapı filtresi;Filtr bramkowy;Filtro de puerta;Фильтр затвора;门滤波器;Режекторний фільтр;Kapuszűrő;Φίλτρο πύλης
Istwertfilter;Massflowfilter;Filtre de valeur réelle;Filtro valore reale;Werkelijke waardefilter;Gerçek değer filtresi;Filtr wartości rzeczywistej;Filtro de valor real;Фильтр фактического значения;实际值过滤器;Фільтр фактичних значень;Tényérték szűrő;Φίλτρο πραγματικής τιμής
Meldung;Message;Message;Messaggio;Message;Mesaj;Komunikat;Mensaje;Сообщение;信息;Повідомлення;Üzenet;Μήνυμα
OpenModbus TCP;OpenModbus TCP;OpenModbus TCP;OpenModbus TCP;OpenModbus TCP;OpenModbus TCP;OpenModbus TCP;OpenModbus TCP;OpenModbus TCP;OpenModbus TCP;OpenModbus TCP;OpenModbus TCP;OpenModbus TCP
ProfiBus Protokoll;ProfiBus Protocol;Protocole ProfiBus;Protocollo ProfiBus;ProfiBus Protocol;ProfiBus protokolü;Protokół ProfiBus;Protocolo ProfiBus;Протокол ProfiBus;ProfiBus 协议;Протокол ProfiBus;ProfiBus protokoll;Πρωτόκολλο ProfiBus
ProfiBus Version 2.0;ProfiBus Version 2.0;ProfiBus Version 2.0;ProfiBus versione 2.0;ProfiBus Version 2.0;ProfiBus protokolü 2.0;ProfiBus wersja 2.0;ProfiBus versión 2.0;ProfiBus версии 2.0;ProfiBus 2.0 版;ProfiBus версії 2.0;ProfiBus 2.0 verzió;Έκδοση ProfiBus 2.0
ProfiNet Protokoll;ProfiNet Protocol;Protocole ProfiNet;Protocollo ProfiNet;ProfiNet Protocol;ProfiNet protokolü;Protokół ProfiNet;Protocolo ProfiNet;Протокол ProfiNet;ProfiNet 协议;Протокол ProfiNet;ProfiNet protokoll;Πρωτόκολλο ProfiNet
S7-Protokoll ( Version 1.0 );S7-Protocol ( Version 1.0 );Protocole S7 ( Version 1.0 );Protocollo S7 (versione 1.0);S7-Protocol ( Version 1.0 );S7 protokolü (sürüm 1.0);Protokół S7 ( wersja 1.0 );Protocolo S7 ( versión 1.0 );Протокол S7 (версия 1.0);S7 协议（1.0 版）;Протокол S7 (версія 1.0);S7 protokoll ( 1.0 verzió );Πρωτόκολλο S7 ( Έκδοση 1.0 )
S7-Protokoll ( Version 2.0 );S7-Protocol ( Version 2.0 );Protocole S7 ( Version 2.0 );Protocollo S7 (versione 2.0);S7-Protocol ( Version 2.0 );S7 protokolü (sürüm 2.0);Protokół S7 ( wersja 2.0 );Protocolo S7 ( versión 2.0 );Протокол S7 ( Версия 2.0 );S7 协议（2.0 版）;Протокол S7 (версія 2.0);S7 protokoll ( 2.0 verzió );Πρωτόκολλο S7 ( Έκδοση 2.0 )
Simulator;Simulator;Simulateur;Simulatore;Simulator;Simulator;Symulator;Simulador;Симулятор;模拟器;Симулятор;Szimulátor;Προσομοιωτής
Archiv;Archive;Archives;Archivio;Archief;Arşiv;Archiwum;Archivo;Архив;存档;Архів;Archívum;Αρχείο
Layout;Layout;Mise en page;Layout;Layout;Düzen;Układ;Disposición;Макет;布局;Макет;Layout;Διάταξη
Die maximale Drehzahl entspricht der Motordrehzahl bei 100 % Stellbefehl.;The maximum speed is the speed of the motor at 100 % drive command.;La vitesse de rotation maximale correspond à la vitesse de rotation du moteur pour une commande de réglage de 100 %.;La velocità massima è la velocità del motore al 100 % del comando di controllo.;Het maximumtoerental is het toerental van de motor bij 100% aansturing.;Maksimum hız, motorun %100 kontrol komutundaki hızıdır.;Prędkość maksymalna to prędkość silnika przy 100 % polecenia sterującego.;La velocidad máxima es la velocidad del motor al 100 % de la orden de control.;Максимальная скорость соответствует скорости двигателя при 100 %-ной команде управления.;最大速度相当于控制指令为 100 % 时的电机速度。;Максимальна швидкість відповідає швидкості двигуна при 100% команді позиціонування.;A maximális fordulatszám megfelel a motor fordulatszámának 100 %-os vezérlőparancs mellett.;Η μέγιστη ταχύτητα αντιστοιχεί στην ταχύτητα του κινητήρα στην εντολή ελέγχου 100 %.
Die Startverzögerung verzögert das Anlaufen des Dosierers nach der Freigabe.;The start delay delays the start-up of the dosing unit after release.;Le délai de démarrage retarde la mise en route du doseur après la validation.;Il ritardo di avvio ritarda l'avvio del dosatore dopo il rilascio.;De startvertraging vertraagt het opstarten van de doseereenheid na vrijgave.;Başlatma gecikmesi, dozajlama ünitesinin serbest bırakıldıktan sonra başlatılmasını geciktirir.;Opóźnienie startu opóźnia uruchomienie dozownika po wydaniu.;El retardo de arranque retrasa la puesta en marcha del dosificador tras la liberación.;Задержка запуска задерживает запуск дозатора после включения.;启动延时使配料装置在启用后延迟启动。;Затримка запуску затримує запуск дозатора після відпускання.;Az indítási késleltetés késlelteti az adagoló indítását az engedélyezés után.;Η καθυστέρηση εκκίνησης καθυστερεί την εκκίνηση της δοσομετρικής μονάδας μετά την ενεργοποίηση.
Wird beim Nachfüllen die Grenze 'Max.Nachfüllgrenze' erreicht, so wird der automatische Nachfüllvorgang beendet und der Dosierer kann wieder zurück zum gravimetrischen Betrieb übergehen.;If the 'Max. refill level' limit is reached during refilling, the automatic refilling process is terminated and the feeder can return to gravimetric operation.;Si la limite 'Niveau de remplissage max.' est atteinte lors du remplissage, le processus de remplissage automatique s'arrête et le doseur peut revenir au mode gravimétrique.;Se durante il riempimento viene raggiunto il limite 'Livello massimo di riempimento', il processo di riempimento automatico viene interrotto e il dosatore può tornare al funzionamento gravimetrico.;Als tijdens het bijvullen de grens 'Max. bijvulniveau' wordt bereikt, wordt het automatische bijvulproces beëindigd en kan de doseereenheid weer gravimetrisch werken.;Yeniden doldurma sırasında 'Maks. yeniden doldurma seviyesi' sınırına ulaşılırsa, otomatik yeniden doldurma işlemi sonlandırılır ve dozajlama ünitesi gravimetrik çalışmaya geri dönebilir.;Jeśli podczas uzupełniania zostanie osiągnięta granica 'Max. poziom uzupełniania', automatyczny proces uzupełniania zostaje przerwany i dozownik może powrócić do pracy grawimetrycznej.;Si durante el rellenado se alcanza el límite 'Nivel máx. de rellenado', el proceso de rellenado automático se interrumpe y la unidad de dosificación puede volver al funcionamiento gravimétrico.;Если во время дозаправки достигается предел 'Макс. Если во время дозаправки достигается предел «Макс. уровень долива», автоматический процесс дозаправки прекращается, и дозатор может вернуться к гравиметрическому режиму работы.;如果达到最大加料量，则自动加料过程终止，配料装置可返回重力式操作。如果达到最大加料液位，则自动加料过程终止，配料装置可返回重力式操作。;Якщо під час дозування досягнуто максимального рівня заповнення, процес автоматичного дозування завершується і дозатор може повернутися до гравіметричного режиму роботи.;Ha az utántöltés során a maximális utántöltési szintet elérik, az automatikus utántöltési folyamat befejeződik, és az adagolóegység visszatérhet a gravimetrikus üzemmódhoz.;Εάν η ένδειξη 'Max. Στάθμη αναπλήρωσης' επιτυγχάνεται κατά τη διάρκεια της αναπλήρωσης, η διαδικασία αυτόματης αναπλήρωσης τερματίζεται και η δοσομετρική μονάδα μπορεί να επιστρέψει στη βαρυμετρική λειτουργία.
Wird beim Dosieren die Grenze 'Min.Nachfüllgrenze' unterschritten, so wird der automatische Nachfüllvorgang aktiviert.;If the level falls below the 'Min. refill level' limit during dosing, the automatic refill process is activated.;Si, lors du dosage, la limite 'Niveau min. de remplissage' n'est pas atteinte, le processus de remplissage automatique est activé.;Se durante il dosaggio il livello scende al di sotto del limite 'Livello di riempimento minimo', si attiva il processo di riempimento automatico.;Als het niveau tijdens de dosering onder de grens 'Min. bijvulniveau' komt, wordt het automatische bijvulproces geactiveerd.;Dozajlama sırasında seviye 'Min. yeniden doldurma seviyesi' sınırının altına düşerse, otomatik yeniden doldurma işlemi etkinleştirilir.;Jeśli podczas dozowania poziom spadnie poniżej granicy 'Min. poziom uzupełnienia', aktywowany jest proces automatycznego uzupełniania.;Si el nivel cae por debajo del límite 'Nivel mín. de rellenado' durante la dosificación, se activa el proceso de rellenado automático.;Если во время дозирования не достигнут предел 'Мин. уровень пополнения', автоматический процесс пополнения активируется.;如果在配料过程中未达到最低加料液位，则会启动自动加料程序。;Якщо під час дозування не досягається мінімальний рівень заповнення, активується процес автоматичного заповнення.;Ha a minimális utántöltési szintet nem éri el az adagolás során, az automatikus utántöltési folyamat aktiválódik.;Εάν το όριο 'Ελάχιστη στάθμη επαναπλήρωσης' δεν επιτευχθεί κατά τη διάρκεια της δοσομέτρησης, ενεργοποιείται η διαδικασία αυτόματης επαναπλήρωσης.
Wird beim Dosieren die Grenze 'Alarmpegel leer' unterschritten, so wird der Alarm 'Dosierer leer' aktiviert.;If the 'Alarm level empty' limit is not reached during batching, the 'Batcher empty' alarm is activated.;Si, lors du dosage, la limite 'niveau d'alarme vide' n'est pas atteinte, l'alarme 'doseur vide' est activée.;Se il limite 'Livello di allarme vuoto' non viene raggiunto durante il dosaggio, si attiva l'allarme 'Dosatore vuoto'.;Als de grens van het 'Alarmniveau leeg' tijdens de dosering niet wordt bereikt, wordt het alarm 'Doseereenheid leeg' geactiveerd.;Dozajlama sırasında 'Alarm seviyesi boş' sınırına ulaşılmazsa, 'Dozajlama ünitesi boş' alarmı etkinleştirilir.;Jeśli podczas dozowania nie zostanie osiągnięta granica 'Alarm level empty', to włącza się alarm 'Dosing unit empty'.;Si durante la dosificación no se alcanza el límite 'Nivel de alarma vacío', se activa la alarma 'Dosificador vacío'.;Если во время дозирования не достигнут предел «Уровень тревоги пуст», активируется сигнал тревоги «Дозатор пуст».;如果在配料过程中报警液位低于空报警液位限值，则激活空配料器报警。;Якщо під час дозування рівень опускається нижче рівня тривоги порожнього дозатора, активується тривога порожнього дозатора.;Ha a szint az adagolás során az üres riasztási szint alá csökken, akkor az 'Adagoló üres' riasztás aktiválódik.;Εάν το όριο 'Επίπεδο συναγερμού κενό' υπολείπεται κατά τη διάρκεια της δοσομέτρησης, ενεργοποιείται ο συναγερμός 'Δοσομετρική μονάδα κενή'.
Automatische Tarierung abbrechen;Cancel automatic taring;Annuler le tarage automatique;Annullamento della tara automatica;Automatisch tarreren annuleren;Otomatik taramayı iptal et;Anulowanie automatycznego tarowania;Anular el tarado automático;Отмена автоматического дозирования;取消自动加料;Скасувати автоматичне тарування;Az automatikus adagolás leállítása;Ακύρωση της αυτόματης ταρίχευσης
Verbindung zum Remotegerät unterbrochen;Connection to remote device interrupted;Connexion à l'appareil distant interrompue;Connessione all'unità remota interrotta;Verbinding met afstandsbediening onderbroken;Uzak üniteye bağlantı kesildi;Przerwanie połączenia z jednostką zdalną;Conexión con la unidad remota interrumpida;Прервано соединение с удаленным устройством;与远程设备的连接中断;З'єднання з віддаленим пристроєм перервано;A távoli készülékkel való kapcsolat megszakadt;Διακόπηκε η σύνδεση με την απομακρυσμένη συσκευή
Die Umschaltverzögerung definiert die Zeit, die nach dem Erreichen des 'Max.Nachfüllgrenze' gewartet wird, bis der Dosierer wieder in den gravimetrischen Betrieb übergeht.;The switchover delay defines the time that is waited after the 'Max. refill level' has been reached until the feeder switches back to gravimetric operation.;Le délai de commutation définit le temps d'attente après avoir atteint le 'niveau de remplissage maximal' avant que le doseur ne repasse en mode gravimétrique.;Il ritardo di commutazione definisce il tempo atteso dopo il raggiungimento del 'Livello massimo di riempimento' fino a quando il dosatore passa nuovamente al funzionamento gravimetrico.;De omschakelingsvertraging bepaalt de tijd die na het bereiken van het 'Max. navulniveau' wordt gewacht totdat de doseereenheid weer op gravimetrische werking overschakelt.;Geçiş gecikmesi, 'Maks. dolum seviyesi 'ne ulaşıldıktan sonra dozajlama ünitesi gravimetrik çalışmaya geri dönene kadar beklenecek süreyi tanımlar.;Opóźnienie przełączenia definiuje czas, który jest odczekiwany po osiągnięciu 'Maks. poziomu uzupełnienia', aż dozownik przełączy się ponownie na pracę grawimetryczną.;El retardo de conmutación define el tiempo que se espera tras alcanzar el 'Nivel máx. de rellenado' hasta que la unidad de dosificación vuelve a conmutar al funcionamiento gravimétrico.;Задержка переключения определяет время, которое необходимо выждать после достижения значения 'Макс. Уровень пополнения', пока дозатор не переключится в гравиметрический режим работы.;切换延迟定义了达到最大值后的等待时间。在定量给料装置切换回重力式操作之前，达到加料水平。;Затримка перемикання визначає час, який очікується після досягнення максимального рівня заповнення, перш ніж дозатор знову переключиться на гравіметричний режим роботи.;Az átkapcsolási késleltetés azt az időt határozza meg, amelyet a 'Max. Utántöltési szint' eléréséig, amíg az adagolóegység vissza nem kapcsol gravimetrikus üzemmódra.;Η καθυστέρηση μεταγωγής ορίζει το χρόνο που περιμένει μετά την επίτευξη του ορίου 'Max. Στάθμη αναπλήρωσης' μέχρι η δοσομετρική μονάδα να μεταβεί ξανά σε βαρυμετρική λειτουργία.
Die Nachfülldauer definiert die maximale Zeit, die für den Nachfüllvorgang erlaubt ist. Nach erfolglosem Ablauf der Zeit wird ein Nachfüllalarm ausgelöst.;The refill duration defines the maximum time allowed for the refill process. After the time has expired unsuccessfully, a refill alarm is triggered.;La durée de remplissage définit le temps maximal autorisé pour le processus de remplissage. Une fois le temps écoulé sans succès, une alarme de remplissage se déclenche.;Il tempo di ricarica definisce il tempo massimo consentito per il processo di ricarica. Allo scadere del tempo senza successo, scatta l'allarme di ricarica.;De bijvultijd bepaalt de maximaal toegestane tijd voor het bijvulproces. Nadat de tijd zonder succes is verstreken, wordt een bijvulalarm geactiveerd.;Yeniden doldurma süresi, yeniden doldurma işlemi için izin verilen maksimum süreyi tanımlar. Süre başarısız bir şekilde sona erdikten sonra, bir yeniden doldurma alarmı tetiklenir.;Czas uzupełniania definiuje maksymalny czas dozwolony dla procesu uzupełniania. Po bezskutecznym upływie czasu uruchamiany jest alarm uzupełnienia.;El tiempo de rellenado define el tiempo máximo permitido para el proceso de rellenado. Una vez transcurrido el tiempo sin éxito, se activa una alarma de rellenado.;Время пополнения определяет максимальное время, допустимое для процесса пополнения. При неудачном истечении этого времени включается сигнал тревоги.;加料时间定义加料过程的最长允许时间。超过该时间仍未成功加料将触发加料警报。;Час дозавантаження визначає максимальний час, дозволений для процесу дозавантаження. Якщо цей час минув безрезультатно, спрацьовує сигнал тривоги про необхідність дозавантаження.;Az újratöltési idő határozza meg az újratöltési folyamat maximálisan megengedett idejét. Az újratöltési riasztás akkor lép életbe, ha az idő eredménytelenül telik le.;Ο χρόνος επαναπλήρωσης ορίζει τον μέγιστο επιτρεπόμενο χρόνο για τη διαδικασία επαναπλήρωσης. Ένας συναγερμός επαναπλήρωσης ενεργοποιείται εάν ο χρόνος έχει παρέλθει ανεπιτυχώς.
Mit dem Korrekturfaktor wird der Gewichtswert auf das tatsächliche Gewicht linear skaliert. Der Korrekturfaktor sollte standardmäßig immer auf 1 stehen und nur im Notfall (Messzelle defekt) verändert werden;The correction factor is used to linearly scale the weight value to the actual weight. The correction factor should always be set to 1 by default and should only be changed in an emergency (measuring cell defective).;Le facteur de correction permet de mettre à l'échelle de manière linéaire la valeur du poids sur le poids réel. Le facteur de correction devrait toujours être réglé par défaut sur 1 et n'être modifié qu'en cas d'urgence ( cellule de mesure défectueuse ).;Con il fattore di correzione, il valore del peso viene scalato linearmente al peso effettivo. Il fattore di correzione deve essere sempre impostato di default su 1 e deve essere modificato solo in caso di emergenza (cella di misura difettosa).;Met de correctiefactor wordt de gewichtswaarde lineair geschaald naar het werkelijke gewicht. De correctiefactor moet altijd standaard op 1 staan en mag alleen in geval van nood ( meetcel defect ) worden gewijzigd.;Düzeltme faktörü ile ağırlık değeri gerçek ağırlığa doğrusal olarak ölçeklendirilir. Düzeltme faktörü varsayılan olarak her zaman 1'e ayarlanmalıdır ve yalnızca acil durumlarda değiştirilmelidir (ölçüm hücresi arızalı).;Dzięki współczynnikowi korekcji wartość masy jest liniowo skalowana do masy rzeczywistej. Współczynnik korekcyjny powinien być zawsze domyślnie ustawiony na 1 i powinien być zmieniany tylko w sytuacjach awaryjnych ( uszkodzona cela pomiarowa ).;Con el factor de corrección, el valor de peso se escala linealmente al peso real. El factor de corrección debe ajustarse siempre a 1 por defecto y sólo debe modificarse en caso de emergencia ( célula de medición defectuosa).;Поправочный коэффициент используется для линейного масштабирования значения веса к фактическому весу. По умолчанию поправочный коэффициент всегда должен быть равен 1 и может быть изменен только в экстренных случаях (неисправность измерительной ячейки).;修正系数用于将重量值线性调整为实际重量。默认情况下，校正系数应始终设置为 1，只有在紧急情况下（测量单元损坏）才可更改。;Поправочний коефіцієнт використовується для лінійного масштабування значення ваги до фактичної ваги. За замовчуванням поправочний коефіцієнт завжди має бути встановлений на 1 і змінювати його слід лише в екстрених випадках (несправність вимірювальної комірки).;A korrekciós tényezőt a súlyérték lineáris skálázására használják a tényleges súlyhoz. A korrekciós tényezőt alapértelmezés szerint mindig 1-re kell állítani, és csak vészhelyzetben (mérőcella meghibásodása) szabad megváltoztatni.;Ο συντελεστής διόρθωσης χρησιμοποιείται για τη γραμμική αναγωγή της τιμής βάρους στο πραγματικό βάρος. Ο συντελεστής διόρθωσης θα πρέπει να είναι πάντα προεπιλεγμένος στο 1 και θα πρέπει να αλλάζει μόνο σε περίπτωση έκτακτης ανάγκης (ελαττωματικό κελί μέτρησης).
Der Max. Stellschritt definiert die maximal zulässige Änderung des Stellbefehls bei einem Regelschritt.;The Max. increment step [%] defines the maximum permissible change of the drive command for a control step.;La valeur max. Le pas de réglage maximal définit la modification maximale autorisée de la commande de réglage pour un pas de régulation.;Il passo di controllo max. Il passo di controllo max. definisce la variazione massima consentita del comando di controllo per un passo di controllo.;De max. De max. regelstap definieert de maximaal toegestane verandering van de regelopdracht voor een regelstap.;Maks. Maks. kontrol adımı, bir kontrol adımı için kontrol komutunda izin verilen maksimum değişikliği tanımlar.;Funkcja Max. Maks. krok sterowania określa maksymalną dopuszczalną zmianę polecenia sterującego dla danego kroku sterowania.;El paso de control Máx. El paso de control máx. define el cambio máximo permitido en el comando de control para un paso de control.;Макс. Макс. шаг регулировки определяет максимально допустимое изменение команды регулировки для шага регулирования.;最大值 最大调整步长定义了一个控制步长中调整指令允许的最大变化。;Максимальний крок позиціонування визначає максимально допустиму зміну команди позиціонування для кроку керування.;A Max. vezérlési lépés határozza meg a vezérlőparancs maximálisan megengedett változását egy vezérlési lépéshez.;Το Max. Max. βήμα ρύθμισης ορίζει τη μέγιστη επιτρεπόμενη αλλαγή στην εντολή ρύθμισης για ένα βήμα ελέγχου.
Konfigurierte Wägezelle ist inkompatibel!;Configured load cell is incompatible!;La cellule de pesée configurée est incompatible !;La cella di carico configurata è incompatibile!;Geconfigureerde load cell is niet compatibel!;Yapılandırılmış yük hücresi uyumsuz!;Skonfigurowany czujnik wagowy jest niekompatybilny!;La célula de carga configurada es incompatible.;Настроенный тензодатчик несовместим!;配置的称重传感器不兼容！;Сконфігурований датчик несумісний!;A konfigurált terhelésmérő cella nem kompatibilis!;Η ρυθμισμένη κυψέλη φορτίου είναι ασύμβατη!
Keine Wägezelle detektiert!;No load cell detected!;Aucune cellule de pesée détectée !;Nessuna cella di carico rilevata!;Geen dosering gedetecteerd!;Yük hücresi algılanmadı!;Nie wykryto ogniwa obciążnikowego!;No se ha detectado ninguna célula de carga.;Тензодатчик не обнаружен;未检测到称重传感器！;Тензодатчик не виявлено!;Nincs terhelésmérő cella észlelve!;Δεν ανιχνεύεται κυψέλη φορτίου!
Wägezelle an Zieladresse bereits belegt!;Load cell at destination address already occupied!;Cellule de pesée déjà occupée à l'adresse de destination !;Cella di carico all'indirizzo di destinazione già occupata!;Loadcel op bestemmingsadres al bezet!;Hedef adresteki yük hücresi zaten dolu!;Komórka ładunkowa pod adresem docelowym jest już zajęta!;La célula de carga en la dirección de destino ya está ocupada.;Ячейка нагрузки по адресу назначения уже занята!;目标地址的传感器已被占用！;Тензодатчик за цільовою адресою вже зайнятий!;A célcímen lévő terhelésmérő cella már foglalt!;Η κυψέλη φορτίου στη διεύθυνση στόχου είναι ήδη κατειλημμένη!
Wägezelle an neuer Busadresse verfügbar!;Load cell available at new bus address!;Cellule de pesée disponible à la nouvelle adresse de bus !;Cella di carico disponibile al nuovo indirizzo bus!;Load cell beschikbaar op nieuw busadres!;Yük hücresi yeni veri yolu adresinde mevcut!;Ogniwo obciążeniowe dostępne pod nowym adresem magistrali!;Célula de carga disponible en la nueva dirección de bus;Ячейка нагрузки доступна по новому адресу шины!;新总线地址上的称重传感器可用！;Тензодатчик доступний за новою адресою шини!;Új buszcímen rendelkezésre álló terhelési cella!;Η κυψέλη φορτίου είναι διαθέσιμη στη νέα διεύθυνση διαύλου!
Der Istwertfilter definiert die Gewichtung mit der ein neuer Messwert in die gesamte Istwertberechnung einfliesst.;The actual value filter defines the weighting with which a new measured value is included in the overall actual value calculation.;Le filtre de valeur réelle définit la pondération avec laquelle une nouvelle valeur de mesure est prise en compte dans le calcul global de la valeur réelle.;Il filtro del valore effettivo definisce la ponderazione con cui un nuovo valore misurato viene incluso nel calcolo complessivo del valore effettivo.;Het werkelijke waarde filter bepaalt de weging waarmee een nieuwe meetwaarde wordt opgenomen in de totale werkelijke waarde berekening.;Gerçek değer filtresi, yeni bir ölçüm değerinin genel gerçek değer hesaplamasına dahil edileceği ağırlıklandırmayı tanımlar.;Filtr wartości rzeczywistej definiuje wagę, z jaką nowa wartość pomiarowa jest uwzględniana w ogólnym obliczeniu wartości rzeczywistej.;El filtro de valor real define la ponderación con la que se incluye un nuevo valor medido en el cálculo global del valor real.;Фильтр фактического значения определяет вес, с которым новое измеренное значение включается в общий расчет фактического значения.;实际值滤波器定义新测量值在整个实际值计算中的权重。;Фільтр дійсного значення визначає вагу, з якою нове виміряне значення включається в загальний розрахунок дійсного значення.;Az aktuális értékszűrő határozza meg, hogy egy új mért érték milyen súlyozással kerül bele a teljes aktuális értékszámításba.;Το φίλτρο πραγματικής τιμής καθορίζει τη στάθμιση με την οποία μια νέα μετρούμενη τιμή περιλαμβάνεται στον συνολικό υπολογισμό της πραγματικής τιμής.
Die Prop.Verstärkung definiert die Konstante im P-Anteil des Reglers. Die Stellgröße steigt somit proportional zur Regeldifferenz mit dem Faktor Prop. Verstärkung.;The Prop. gain defines the constant in the P component of the controller. The manipulated variable thus increases proportionally to the control difference with the factor Prop. Gain.;Le gain prop. définit la constante dans la partie P du régulateur. La grandeur de commande augmente ainsi proportionnellement à la différence de régulation avec le facteur Prop. Amplification.;Il guadagno prop. definisce la costante della componente P del regolatore. La variabile manipolata aumenta quindi proporzionalmente alla differenza di regolazione con il fattore Prop. Guadagno.;De prop. versterking bepaalt de constante in de P-component van de regelaar. De gemanipuleerde variabele stijgt dus evenredig met het regelverschil met de factor Prop. Gain.;Prop. kazancı kontrolörün P bileşenindeki sabiti tanımlar. Böylece manipüle edilen değişken, kontrol farkı ile orantılı olarak Prop. Kazancı ile orantılı olarak artar.;Wzmocnienie prop. określa stałą w składowej P regulatora. Zmienna manipulowana wzrasta więc proporcjonalnie do różnicy sterowań ze współczynnikiem Prop. Gain.;La ganancia prop. define la constante en el componente P del regulador. La variable manipulada aumenta así proporcionalmente a la diferencia de regulación con el factor Prop. Gain.;Коэффициент усиления определяет константу в P-компоненте регулятора. Таким образом, управляющее значение увеличивается пропорционально разности регулирования с коэффициентом усиления Prop. Gain.;Prop. 增益定义控制器 P 分量中的常数。因此，控制值的增加与控制差值和 Prop. 增益。;Пропорційний коефіцієнт підсилення визначає константу в P-компоненті регулятора. Таким чином, регулююче значення збільшується пропорційно до різниці регулювання з коефіцієнтом підсилення Prop. коефіцієнтом підсилення.;A prop. erősítés a szabályozó P komponensének állandóját határozza meg. A manipulált változó tehát arányosan növekszik a szabályozási különbséggel a Prop. Erősítéssel.;Το prop. gain ορίζει τη σταθερά στη συνιστώσα P του ελεγκτή. Η τιμή ελέγχου αυξάνεται έτσι αναλογικά με τη διαφορά ελέγχου με το Prop. Κέρδος.
Überschreitet der Istwert diesen Schwellwert, so wird der entsprechende Alarm ausgelöst.;If the process value exceeds this threshold, the corresponding alarm is triggered.;Si la valeur réelle dépasse ce seuil, l'alarme correspondante est déclenchée.;Se il valore effettivo supera questa soglia, scatta l'allarme corrispondente.;Als de werkelijke waarde deze drempel overschrijdt, wordt het desbetreffende alarm geactiveerd.;Gerçek değer bu eşiği aşarsa, ilgili alarm tetiklenir.;Jeśli Aktualna wartość przekracza ten próg, uruchamiany jest odpowiedni alarm.;Si el valor real supera este umbral, se activa la alarma correspondiente.;Если фактическое значение превышает это пороговое значение, включается соответствующий сигнал тревоги.;如果实际值超过该阈值，则触发相应的警报。;Якщо фактичне значення перевищує це порогове значення, спрацьовує відповідна тривога.;Ha a tényleges érték meghaladja ezt a küszöbértéket, akkor a megfelelő riasztás aktiválódik.;Εάν η πραγματική τιμή υπερβαίνει αυτή την τιμή κατωφλίου, ενεργοποιείται ο αντίστοιχος συναγερμός.
Unterschreitet der Istwert diesen Schwellwert, so wird der entsprechende Alarm ausgelöst.;If the process value falls below this threshold, the corresponding alarm is triggered.;Si la valeur réelle est inférieure à ce seuil, l'alarme correspondante est déclenchée.;Se il valore effettivo scende al di sotto di questa soglia, scatta l'allarme corrispondente.;Indien de werkelijke waarde onder deze drempel valt, wordt het desbetreffende alarm geactiveerd.;Gerçek değer bu eşiğin altına düşerse, ilgili alarm tetiklenir.;Jeśli Aktualna wartość spadnie poniżej tego progu, wyzwalany jest odpowiedni alarm.;Si el valor real cae por debajo de este umbral, se activa la alarma correspondiente.;Если фактическое значение падает ниже этого порогового значения, срабатывает соответствующий сигнал тревоги.;如果实际值低于该阈值，则触发相应警报。;Якщо фактичне значення опускається нижче цього порогового значення, спрацьовує відповідна тривога.;Ha a tényleges érték e küszöbérték alá csökken, a megfelelő riasztás lép működésbe.;Εάν η πραγματική τιμή πέσει κάτω από αυτή την τιμή κατωφλίου, ενεργοποιείται ο αντίστοιχος συναγερμός.
Überschreitet der Stellbefehl diesen Schwellwert, so wird der entsprechende Alarm ausgelöst.;If the drive command exceed this threshold value, the corresponding alarm is triggered.;Si l'instruction de réglage dépasse cette valeur seuil, l'alarme correspondante est déclenchée.;Se il comando di posizionamento supera questa soglia, scatta l'allarme corrispondente.;Indien de positioneringsopdracht deze drempel overschrijdt, wordt het overeenkomstige alarm geactiveerd.;Konumlandırma komutu bu eşiği aşarsa, ilgili alarm tetiklenir.;Jeśli polecenie pozycjonowania przekracza ten próg, uruchamiany jest odpowiedni alarm.;Si la orden de posicionamiento supera este umbral, se activa la alarma correspondiente.;Если команда позиционирования превышает это пороговое значение, срабатывает соответствующий сигнал тревоги.;如果定位命令超过该阈值，则触发相应的警报。;Якщо команда позиціонування перевищує це порогове значення, спрацьовує відповідна тривога.;Ha a pozícionálási parancs meghaladja ezt a küszöbértéket, a megfelelő riasztás aktiválódik.;Εάν η εντολή τοποθέτησης υπερβαίνει αυτή την τιμή κατωφλίου, ενεργοποιείται ο αντίστοιχος συναγερμός.
Unterschreitet der Stellbefehl diesen Schwellwert, so wird der entsprechende Alarm ausgelöst.;If the drive command falls below this threshold, the corresponding alarm is triggered.;Si l'instruction de réglage passe en dessous de cette valeur seuil, l'alarme correspondante est déclenchée.;Se il comando di posizionamento scende al di sotto di questa soglia, scatta l'allarme corrispondente.;Indien de positioneringsopdracht onder deze drempel valt, wordt het overeenkomstige alarm geactiveerd.;Konumlandırma komutu bu eşiğin altına düşerse, ilgili alarm tetiklenir.;Jeśli polecenie pozycjonowania spadnie poniżej tego progu, to zostanie uruchomiony odpowiedni alarm.;Si la orden de posicionamiento cae por debajo de este umbral, se activa la alarma correspondiente.;Если команда позиционирования падает ниже этого порогового значения, срабатывает соответствующий сигнал тревоги.;如果定位命令低于该阈值，则触发相应的警报。;Якщо команда позиціонування опускається нижче цього порогового значення, спрацьовує відповідна тривога.;Ha a pozícionálási parancs e küszöbérték alá esik, a megfelelő riasztás aktiválódik.;Εάν η εντολή τοποθέτησης πέσει κάτω από αυτή την τιμή κατωφλίου, ενεργοποιείται ο αντίστοιχος συναγερμός.
Wird ein Alarm generiert, so muss erst die Alarmverzögerungszeit abgelaufen sein, bevor der Alarm auch tatsächlich ausgelöst wird.;If an alarm is generated, the alarm delay time must first elapse before the alarm is actually triggered.;Si une alarme est générée, il faut que le délai de temporisation de l'alarme soit écoulé avant que l'alarme ne se déclenche effectivement.;Se viene generato un allarme, il tempo di ritardo dell'allarme deve trascorrere prima che l'allarme venga effettivamente attivato.;Als een alarm wordt gegenereerd, moet eerst de alarmvertragingstijd verstrijken voordat het alarm daadwerkelijk wordt geactiveerd.;Bir alarm oluşturulursa, alarm gerçekten tetiklenmeden önce alarm gecikme süresinin geçmesi gerekir.;W przypadku wygenerowania alarmu, zanim zostanie on faktycznie wywołany, musi upłynąć czas opóźnienia alarmu.;Si se genera una alarma, primero debe transcurrir el tiempo de retardo de la alarma antes de que ésta se active realmente.;Если сигнал тревоги сгенерирован, то до его фактического срабатывания должно пройти время задержки сигнала тревоги.;如果发出警报，警报延迟时间必须在警报实际触发之前结束。;Якщо тривогу згенеровано, час затримки тривоги має сплинути до того, як тривога фактично спрацює.;Ha riasztás generálódik, a riasztási késleltetési időnek el kell telnie, mielőtt a riasztás ténylegesen működésbe lép.;Εάν δημιουργηθεί συναγερμός, ο χρόνος καθυστέρησης συναγερμού πρέπει να έχει παρέλθει πριν από την πραγματική ενεργοποίηση του συναγερμού.
Die Start Alarmverzögerung definiert die Zeit nach dem Start des Programms bis der erste Alarm aktiviert wird.;The Start alarm delay defines the time after the start of the program until the first alarm is activated.;La temporisation de l'alarme de démarrage définit le temps écoulé après le démarrage du programme jusqu'à ce que la première alarme soit activée.;Il ritardo dell'allarme di avvio definisce il tempo che intercorre tra l'avvio del programma e l'attivazione del primo allarme.;De startalarmvertraging bepaalt de tijd na de start van het programma totdat het eerste alarm wordt geactiveerd.;Alarm Başlatma Gecikmesi, programın başlamasından sonra ilk alarmın etkinleştirilmesine kadar geçecek süreyi tanımlar.;Opóźnienie alarmu początkowego określa czas po rozpoczęciu programu do momentu aktywacji pierwszego alarmu.;El Retardo de Alarma de Inicio define el tiempo que transcurre desde el inicio del programa hasta que se activa la primera alarma.;Задержка срабатывания сигнала тревоги определяет время после запуска программы до активации первого сигнала тревоги.;开始报警延迟时间定义了程序开始后到第一次报警触发前的时间。;Затримка тривоги при запуску визначає час після запуску програми до моменту активації першої тривоги.;A riasztás indítási késleltetése meghatározza a program indításától az első riasztás aktiválásáig eltelt időt.;Η καθυστέρηση έναρξης συναγερμού ορίζει το χρόνο μετά την έναρξη του προγράμματος μέχρι να ενεργοποιηθεί ο πρώτος συναγερμός.
Unterschreitet oder überschreitet die aktuelle Dosierperformanz die kalibrierte Dosierperformanz um den prozentualen Schwellwert, so wird der Alarm Dosierperformanz niedrig bzw. hoch ausgelöst.;If the current dosing performance falls below or exceeds the calibrated dosing performance by the percentage threshold, the Dosing performance low or high alarm is triggered.;Si la performance de dosage actuelle est inférieure ou supérieure à la performance de dosage calibrée par le pourcentage de la valeur seuil, l'alarme de performance de dosage basse ou haute est déclenchée.;Se la prestazione di dosaggio attuale è inferiore o superiore alla prestazione di dosaggio calibrata della soglia percentuale, viene attivato l'allarme di prestazione di dosaggio bassa o alta.;Als het actuele doseervermogen onder of boven het gekalibreerde doseervermogen komt met de procentuele drempelwaarde, wordt het alarm voor het lage of hoge doseervermogen geactiveerd.;Mevcut dozajlama performansı kalibre edilmiş dozajlama performansının yüzde eşiğinin altına düşerse veya üstüne çıkarsa dozajlama performansı düşük veya yüksek alarmı tetiklenir.;Jeśli aktualna wydajność dozowania spadnie poniżej lub przekroczy skalibrowaną wydajność dozowania o próg procentowy, zostanie uruchomiony alarm niskiej lub wysokiej wydajności dozowania.;Si el rendimiento de dosificación actual es inferior o superior al rendimiento de dosificación calibrado en el umbral porcentual, se activa la alarma de rendimiento de dosificación bajo o alto.;Если текущая производительность дозирования ниже или выше откалиброванной производительности дозирования на пороговое значение в процентах, срабатывает сигнал тревоги о низкой или высокой производительности дозирования.;如果当前配料性能低于或超过校准配料性能的百分比阈值，则会触发低或高配料性能警报。;Якщо поточна продуктивність дозування падає нижче або перевищує відкалібровану продуктивність дозування на порогове значення у відсотках, спрацьовує сигнал тривоги про низьку або високу продуктивність дозування.;Ha az aktuális adagolási teljesítmény a kalibrált adagolási teljesítményt a százalékos küszöbértéknél kisebb vagy nagyobb mértékben meghaladja, akkor az adagolási teljesítmény alacsony vagy magas riasztás lép életbe.;Εάν η τρέχουσα απόδοση δοσομέτρησης υπολείπεται ή υπερβαίνει τη βαθμονομημένη απόδοση δοσομέτρησης κατά την ποσοστιαία τιμή κατωφλίου, ενεργοποιείται ο συναγερμός χαμηλής ή υψηλής απόδοσης δοσομέτρησης.
Wägezellenfehler beim Leeren des Dosierers;Load cell error when emptying the feeder;Erreur du capteur de pesage lors du vidage du doseur;Errore della cella di carico durante lo svuotamento dell'alimentatore;Fout in de loadcel bij het legen van de feeder;Besleyiciyi boşaltırken yük hücresi hatası;Błąd ogniwa obciążającego przy opróżnianiu podajnika;Error de la célula de carga al vaciar el cargador;Ошибка тензодатчика при опорожнении дозатора;清空配料装置时加载单元出错;Помилка тензодатчика під час спорожнення дозатора;Az adagolóegység kiürítésekor fellépő terheléscellahiba;Σφάλμα κυψέλης φορτίου κατά το άδειασμα της δοσομετρικής μονάδας
Keine Freigabe vorhanden um Dosierer zu leeren;No release available to empty dosing unit;Pas d'autorisation disponible pour vider le doseur;Nessun rilascio disponibile per lo svuotamento del dosatore;Geen vrijgave beschikbaar om de doseerunit te legen;Dozajlama ünitesini boşaltmak için serbest bırakma mevcut değil;Brak możliwości opróżnienia dozownika;No hay liberación disponible para vaciar la unidad de dosificación;Отсутствует возможность опорожнения дозатора;无释放装置可清空配料装置;Відсутній розблокування для спорожнення дозатора;Az adagolóegység kiürítéséhez nem áll rendelkezésre kioldás;Δεν υπάρχει διαθέσιμη απελευθέρωση για την εκκένωση της δοσομετρικής μονάδας
Allgemeiner Fehler beim Leeren des Dosierers;General error when emptying the dosing unit;Erreur générale lors du vidage du doseur;Errore generale durante lo svuotamento del dosatore;Algemene fout bij het legen van de doseereenheid;Dozajlama ünitesini boşaltırken genel hata;Ogólny błąd przy opróżnianiu dozownika;Error general al vaciar el dosificador;Общая ошибка при опорожнении дозатора;清空配料单元时出现一般错误;Загальна помилка під час спорожнення дозатора;Általános hiba az adagolóegység kiürítésekor;Γενικό σφάλμα κατά την εκκένωση της δοσομετρικής μονάδας
Keine Freigabe vorhanden ! Fehler beim Tarieren;No release available ! Error during taring;Pas de validation disponible ! Erreur lors du tarage;Nessuna autorizzazione disponibile! Errore durante il taramento;Geen vrijgave beschikbaar ! Fout tijdens het tarreren;Boşluk yok ! Dara alma sırasında hata;Brak prześwitu! Błąd podczas tarowania;¡No hay holgura disponible ! Error durante el tarado;Нет доступной разблокировки! Ошибка при тарировании;无释放装置！装料时出错;Відсутнє розблокування! Помилка під час дозування;Nincs rendelkezésre álló kioldás! Hiba a tarolás során;Δεν υπάρχει διαθέσιμη απελευθέρωση! Σφάλμα κατά την ταρίχευση
Allgemeiner Fehler beim Tarieren;General error during taring;Erreur générale de tarage;Errore generale durante la tara;Algemene fout bij het tarreren;Tarama sırasında genel hata;Ogólny błąd przy tarowaniu;Error general al tarar;Общая ошибка при тарировании;装料时出现一般错误;Загальна помилка під час тарування;Általános hiba a tarolás során;Γενικό σφάλμα κατά την ταρίχευση
Fehler beim Kalibrieren in der Messzelle;Error during calibration in the measuring cell;Erreur lors du calibrage dans la cellule de mesure;Errore durante la calibrazione nella cella di misura;Fout tijdens kalibratie in de meetcel;Ölçüm hücresinde kalibrasyon sırasında hata;Błąd podczas kalibracji w celi pomiarowej;Error durante la calibración en la célula de medición;Ошибка калибровки измерительной ячейки;测量单元校准错误;Помилка калібрування у вимірювальній комірці;A mérőcella kalibrálási hibája;Σφάλμα βαθμονόμησης στην κυψελίδα μέτρησης
Allgemeiner Fehler beim Kalibrieren;General error during calibration;Erreur générale lors de l'étalonnage;Errore generale durante la calibrazione;Algemene fout tijdens kalibratie;Kalibrasyon sırasında genel hata;Ogólny błąd podczas kalibracji;Error general durante la calibración;Общая ошибка при калибровке;校准过程中出现一般错误;Загальна помилка під час калібрування;Általános hiba a kalibrálás során;Γενικό σφάλμα κατά τη βαθμονόμηση
Nachfüllvorgang noch aktiv;Refill process still active;processus de remplissage encore actif;Processo di riempimento ancora attivo;Bijvulproces nog steeds actief;Yeniden doldurma işlemi hala aktif;Proces uzupełniania nadal aktywny;El proceso de rellenado sigue activo;Процесс пополнения еще активен;加注过程仍在进行;Процес перезаправлення ще активний;Az újratöltési folyamat még mindig aktív;Η διαδικασία επαναπλήρωσης είναι ακόμη ενεργή
Keine Freigabe vorhanden. Fehler beim Kalibrieren;No release available. Error during calibration;Aucune validation n'est disponible. Erreur lors de l'étalonnage;Nessuna release disponibile. Errore durante la calibrazione;Geen vrijgave beschikbaar. Fout tijdens kalibratie;Mevcut sürüm yok. Kalibrasyon sırasında hata;Brak dostępnego wydania. Błąd podczas kalibracji;No hay liberación disponible. Error durante el calibrado;Выпуск не доступен. Ошибка при калибровке;无法释放。校准过程中出错;Відновлення недоступне. Помилка під час калібрування;Nincs szabaddá tétel. Hiba a kalibrálás során;Δεν υπάρχει διαθέσιμη απελευθέρωση. Σφάλμα κατά τη βαθμονόμηση
Zeitüberschreitung beim Kalibrieren;Timeout during calibration;Dépassement du temps d'étalonnage;Timeout di calibrazione;Time-out kalibratie;Kalibrasyon zaman aşımı;Limit czasu kalibracji;Tiempo de espera de calibración;Тайм-аут во время калибровки;校准过程中超时;Тайм-аут під час калібрування;Időkiesés a kalibrálás során;Διακοπή χρόνου κατά τη βαθμονόμηση
Ungültige Parameter beim Kalibrieren;Invalid parameters during calibration;Paramètres non valides lors de l'étalonnage;Parametri non validi durante la calibrazione;Ongeldige parameters tijdens de kalibratie;Kalibrasyon sırasında geçersiz parametreler;Nieprawidłowe parametry podczas kalibracji;Parámetros no válidos durante la calibración;Неверные параметры при калибровке;校准过程中参数无效;Неправильні параметри під час калібрування;Érvénytelen paraméterek a kalibrálás során;Μη έγκυρες παράμετροι κατά τη βαθμονόμηση
Fehler beim Tarieren in der Messzelle;Error during taring in the measuring cell;Error during taring in the measuring cell;Errore di tara nella cella di misura;Fout tijdens het tarreren in de meetcel;Ölçüm hücresinde dara alma sırasında hata;Błąd podczas tarowania w celi pomiarowej;Error durante el tarado en la célula de medición;Ошибка при тарировании в измерительной ячейке;在测量池中测量时出错;Помилка під час тарування у вимірювальній комірці;Hiba a mérőcella tarolása során;Σφάλμα κατά την ταρίχευση στην κυψέλη μέτρησης
Nachfüllvorgang aktiv ! Fehler beim Tarieren;Refill process active ! Error during taring;Remplissage actif ! Erreur lors du tarage;Processo di riempimento attivo! Errore durante la tara;Navulproces actief ! Fout tijdens het tarreren;Yeniden doldurma işlemi aktif ! Dara alma sırasında hata;Proces uzupełniania aktywny ! Błąd podczas tarowania;¡Proceso de rellenado activo ! Error durante el tarado;Процесс пополнения активен! Ошибка во время тарирования;重新填充过程已启动！测量过程中出错;Процес заповнення активний! Помилка під час тарування;Újratöltési folyamat aktív! Hiba a kátrányozás során;Διαδικασία επαναπλήρωσης ενεργή ! Σφάλμα κατά την ταρίχευση
Unterschreitet der Istwert den Sollwert um mehr als den Torfilteranteil des Sollwerts oder überschreitet der Istwert den Sollwert entsprechend, dann wird der Istwert verworfen.;If the actual value falls below the setpoint by more than the gate filter portion of the setpoint or if the actual value exceeds the setpoint accordingly, then the actual value is discarded.;Si la valeur réelle est inférieure à la valeur de consigne de plus de la part de filtre de porte de la valeur de consigne ou si la valeur réelle dépasse la valeur de consigne en conséquence, la valeur réelle est rejetée.;Se il valore effettivo scende al di sotto del setpoint per un valore superiore alla porzione di filtro gate del setpoint o se il valore effettivo supera di conseguenza il setpoint, il valore effettivo viene scartato.;Als de werkelijke waarde meer dan het poortfiltergedeelte van het setpoint onder het setpoint valt of als de werkelijke waarde het setpoint dienovereenkomstig overschrijdt, wordt de werkelijke waarde genegeerd.;Gerçek değer, ayar noktasının geçit filtresi kısmından daha fazla ayar noktasının altına düşerse veya gerçek değer ayar noktasını uygun şekilde aşarsa, gerçek değer atılır.;Jeśli Aktualna wartość spadnie poniżej wartości zadanej o więcej niż część filtra bramkowego wartości zadanej lub jeśli Aktualna wartość przekroczy odpowiednio wartość zadaną, wówczas Aktualna wartość jest odrzucana.;Si el valor real queda por debajo del valor de consigna en una cantidad superior a la porción de filtro de puerta del valor de consigna o si el valor real supera el valor de consigna en consecuencia, entonces se descarta el valor real.;Если фактическое значение ниже заданного значения на величину, превышающую часть заданного значения, или если фактическое значение превышает заданное значение, фактическое значение отбрасывается.;如果实际值低于设定值超过设定值的门滤波部分，或者实际值相应地超过设定值，则实际值将被丢弃。;Якщо фактичне значення падає нижче заданого значення на величину, більшу, ніж частина заданого значення, або якщо фактичне значення перевищує задане значення, то фактичне значення відкидається.;Ha az aktuális érték a beállított értéknél nagyobb mértékben marad el a beállított érték kapuszűrő részétől, vagy ha az aktuális érték ennek megfelelően meghaladja a beállított értéket, az aktuális értéket el kell vetni.;Εάν η πραγματική τιμή υπολείπεται της τιμής ρύθμισης κατά περισσότερο από το τμήμα του φίλτρου πύλης της τιμής ρύθμισης ή εάν η πραγματική τιμή υπερβαίνει αντίστοιχα την τιμή ρύθμισης, η πραγματική τιμή απορρίπτεται.
Zeitüberschreitung beim Leerfahren;Timeout during empty run;Dépassement du temps de marche à vide;Timeout durante la guida a vuoto;Time-out bij leeg rijden;Boş sürüş sırasında zaman aşımı;Timeout podczas jazdy na pusto;Tiempo de espera al conducir en vacío;Тайм-аут при работе вхолостую;空运行时超时;Тайм-аут під час роботи вхолосту;Időkorlátozás üresjárat esetén;Χρονικό όριο κατά την εκκένωση
Die Rauschgrenze definiert die Obergrenze um wieviel Prozent der reale Gewichtswert bzw. Istwert vom Erwartungswert abweichen darf bevor ein Alarm ausgelöst wird.;The noise limit defines the upper limit by how many percent the real weight value or actual value may deviate from the expected value before an alarm is triggered.;La limite de bruit définit la limite supérieure de combien de pour cent la valeur de poids réelle ou la valeur réelle peut s'écarter de la valeur attendue avant qu'une alarme ne se déclenche.;Il limite di rumore definisce il limite superiore di quanti punti percentuali il valore reale del peso o il valore effettivo possono discostarsi dal valore previsto prima che venga attivato un allarme.;De ruisgrens bepaalt de bovengrens met hoeveel procent de werkelijke gewichtswaarde of de werkelijke waarde mag afwijken van de verwachte waarde voordat een alarm wordt gegeven.;Gürültü limiti, bir alarm tetiklenmeden önce gerçek ağırlık değerinin veya fiili değerin beklenen değerden yüzde kaç sapabileceğine ilişkin üst limiti tanımlar.;Granica szumu określa górną granicę, o ile procent rzeczywista wartość masy lub Aktualna wartość może odbiegać od wartości oczekiwanej, zanim zostanie wywołany alarm.;El límite de ruido define el límite superior en cuántos porcentajes puede desviarse el valor de peso real o el valor real del valor esperado antes de que se active una alarma.;Предел шума определяет верхний предел, на сколько процентов реальное значение веса или фактическое значение может отклоняться от ожидаемого значения, прежде чем будет подан сигнал тревоги.;噪声限值规定了在触发警报前实际重量值或实际值与预期值偏差的百分比上限。;Межа шуму визначає верхню межу, на скільки відсотків реальне значення ваги або фактичне значення може відхилятися від очікуваного значення, перш ніж спрацює сигнал тривоги.;A zajhatár határozza meg azt a felső határt, hogy a valós súlyérték vagy a tényleges érték hány százalékkal térhet el az elvárt értéktől, mielőtt riasztás lépne életbe.;Το όριο θορύβου ορίζει το ανώτατο όριο κατά πόσα τοις εκατό μπορεί να αποκλίνει η πραγματική τιμή βάρους ή η πραγματική τιμή από την αναμενόμενη τιμή πριν ενεργοποιηθεί συναγερμός.
Der Drehzahlmonitor überwacht die Drehzahl des Motors. Ist der Parameter NULL, ist die Überwachung deaktiviert. Liegt die Drehzahl über dem Wert, dann wird der Betriebszustand RUN angezeigt, ansonsten wird STOP signalisiert.;The speed monitor monitors the speed of the motor. If the parameter is ZERO, monitoring is disabled. If the speed is above the value, then the RUN operating state is displayed, otherwise STOP is signaled.;Le moniteur de vitesse surveille la vitesse du moteur. Si le paramètre est NULL, la surveillance est désactivée. Si la vitesse est supérieure à la valeur, l'état de fonctionnement RUN est affiché, sinon STOP est signalé.;Il controllo della velocità monitora la velocità del motore. Se il parametro è ZERO, il monitoraggio è disattivato. Se la velocità è superiore al valore, viene visualizzato lo stato operativo RUN, altrimenti viene segnalato STOP.;Het toerentalbewakingsrelais bewaakt het toerental van de motor. Als de parameter NUL is, is de bewaking uitgeschakeld. Als de snelheid boven de waarde ligt, wordt de bedrijfstoestand RUN weergegeven, anders wordt STOP gesignaleerd.;Hız monitörü motorun hızını izler. Parametre SIFIR ise, izleme devre dışı bırakılır. Hız değerin üzerindeyse RUN çalışma durumu görüntülenir, aksi takdirde STOP sinyali verilir.;Czujnik prędkości obrotowej monitoruje prędkość obrotową silnika. Jeżeli parametr ma wartość ZERO, monitorowanie jest wyłączone. Jeśli prędkość obrotowa jest powyżej wartości, wyświetlany jest stan roboczy RUN, w przeciwnym razie sygnalizowany jest STOP.;El monitor de velocidad supervisa la velocidad del motor. Si el parámetro es CERO, se desactiva la supervisión. Si la velocidad es superior al valor, se muestra el estado de funcionamiento RUN, de lo contrario se indica STOP.;Контроль скорости контролирует скорость вращения двигателя. Если параметр равен НУЛЮ, контроль отключается. Если скорость превышает заданное значение, отображается состояние работы RUN, в противном случае подается сигнал STOP.;速度监控器监控电机速度。如果参数为零，则停止监控。如果转速高于该值，则显示运行状态 RUN，否则发出停止信号。;Монітор швидкості контролює швидкість двигуна. Якщо параметр дорівнює НУЛЮ, моніторинг вимкнено. Якщо швидкість перевищує значення, відображається робочий стан RUN, в іншому випадку сигналізується STOP.;A fordulatszám-ellenőrző a motor fordulatszámát figyeli. Ha a paraméter értéke NULLA, a felügyelet ki van kapcsolva. Ha a fordulatszám meghaladja az értéket, akkor a RUN üzemállapot jelenik meg, ellenkező esetben STOP jelzést kap.;Το όργανο ελέγχου ταχύτητας παρακολουθεί την ταχύτητα του κινητήρα. Εάν η παράμετρος είναι μηδενική, η παρακολούθηση απενεργοποιείται. Εάν η ταχύτητα είναι πάνω από την τιμή, εμφανίζεται η κατάσταση λειτουργίας RUN, διαφορετικά σηματοδοτείται STOP.
Die Istwertkorrektur beschreibt einen Faktor, mit dem der analoge Rückgabewert angepasst wird.;The actual value correction describes a factor with which the analogue return value is adjusted.;La correction de la valeur réelle décrit un facteur avec lequel la valeur de retour analogique est adaptée.;La correzione del valore effettivo descrive un fattore con cui viene adeguato il valore di ritorno analogico.;De werkelijke waarde correctie beschrijft een factor waarmee de analoge retourwaarde wordt aangepast.;Gerçek değer düzeltmesi, analog dönüş değerinin ayarlandığı bir faktörü tanımlar.;Korekta wartości rzeczywistej opisuje współczynnik, za pomocą którego korygowana jest analogowa wartość powrotna.;La corrección del valor real describe un factor con el que se ajusta el valor de retorno analógico.;Коррекция фактического значения описывает коэффициент, с которым корректируется аналоговое обратное значение.;实际值修正描述了调整模拟返回值的系数。;Корекція фактичного значення описує коефіцієнт, за допомогою якого коригується аналогове значення зворотного зв'язку.;A tényleges értékkorrekció egy olyan tényezőt ír le, amellyel az analóg visszatérési értéket kiigazítják.;Η διόρθωση πραγματικής τιμής περιγράφει έναν συντελεστή με τον οποίο προσαρμόζεται η αναλογική τιμή επιστροφής.
Remoteeinstellungen sind erst nach einem Neustart aktiv!;Remote settings are only active after a restart!;Les réglages à distance ne sont actifs qu'après un redémarrage !;Le impostazioni remote sono attive solo dopo un riavvio!;Instellingen op afstand zijn pas actief na een herstart!;Uzak ayarlar yalnızca yeniden başlatmadan sonra etkin olur!;Ustawienia zdalne są aktywne dopiero po ponownym uruchomieniu!;Los ajustes remotos sólo se activan tras un reinicio.;Дистанционные настройки активны только после перезапуска!;远程设置只有在重新启动后才有效！;Дистанційні налаштування активні лише після перезапуску!;A távoli beállítások csak újraindítás után aktívak!;Οι απομακρυσμένες ρυθμίσεις είναι ενεργές μόνο μετά από επανεκκίνηση!
Standard;Default;Standard;Standard;Standaard;Standart;Standard;Estándar;Стандартный;标准;Стандартний;Standard;Στάνταρ
Erweitert;Extended;Élargi;Esteso;Uitgebreid;Genişletilmiş;Rozszerzony;Ampliado;Расширенная;扩展;Розширений;Speciális;Εκτεταμένη
Um einen bestimmten Alarm auf dem Bildschrim anzuzeigen, muss in dieser Spalte ein Häkchen gesetzt werden;To display a specific alarm on the screen, a check mark must be placed in this column;Pour afficher une alarme particulière à l'écran, il faut cocher cette colonne.;Per visualizzare un allarme specifico sullo schermo, è necessario inserire un segno di spunta in questa colonna.;Om een specifiek alarm op het scherm weer te geven, moet in deze kolom een vinkje worden gezet;Ekranda belirli bir alarmı görüntülemek için bu sütuna bir tik işareti konulmalıdır;Aby wyświetlić określony alarm na ekranie, należy zaznaczyć go w tej kolumnie;Para visualizar una alarma específica en la pantalla, debe marcarse esta columna;Чтобы отобразить на экране определенный сигнал тревоги, необходимо поставить галочку в этой колонке;要在屏幕上显示特定警报，必须在此栏打勾;Для виведення на екран конкретної тривоги необхідно поставити галочку в цій колонці;Egy adott riasztás megjelenítéséhez a képernyőn ebben az oszlopban kell egy pipa elhelyezni.;Για να εμφανιστεί ένας συγκεκριμένος συναγερμός στην οθόνη, πρέπει να τοποθετηθεί ένα τικ σε αυτή τη στήλη
Um bei einem bestimmten Alarm die Blitzlampe einzuschalten, muss in dieser Spalte ein Häkchen gesetzt werden;In order to switch on the flashing lamp in case of a certain alarm, a check mark must be set in this column;Pour allumer la lampe flash lors d'une alarme donnée, il faut cocher cette colonne.;Per accendere la lampada flash in caso di un determinato allarme, è necessario impostare un segno di spunta in questa colonna;Om de flitslamp in te schakelen bij een bepaald alarm, moet in deze kolom een vinkje worden gezet;Belirli bir alarm durumunda flaş lambasını yakmak için bu sütunda bir onay işareti ayarlanmalıdır;Aby włączyć lampę błyskową w przypadku określonego alarmu, należy zaznaczyć pole w tej kolumnie;Para encender la luz de flash en caso de alarma, hay que marcar esta columna.;Чтобы включить лампу-вспышку для определенного сигнала, необходимо поставить галочку в этой колонке;要在发生特定警报时打开闪光灯，必须在此栏打勾;Щоб увімкнути миготливу лампу в разі певної тривоги, необхідно поставити галочку в цій колонці;A villanólámpa bekapcsolásához egy adott riasztás esetén ebben az oszlopban kell egy pipa elhelyezni.;Για να ανάψει η λυχνία φλας σε περίπτωση συγκεκριμένου συναγερμού, πρέπει να σημειωθεί ένα τικ σε αυτή τη στήλη.
Um bei einem bestimmten Alarm den gesamten Dosierprozeß  zu beenden und den Ausgang L2 zu setzen, muss in dieser Spalte ein Häkchen gesetzt werden;In order to stop the entire dosing process and set the output L2 in case of a certain alarm, a check mark must be set in this column;Pour mettre fin à l'ensemble du processus de dosage et activer la sortie L2 en cas d'alarme spécifique, il faut cocher cette colonne.;Per arrestare l'intero processo di dosaggio e impostare l'uscita L2 in caso di un allarme specifico, è necessario impostare un segno di spunta in questa colonna;Om het hele doseerproces te stoppen en uitgang L2 in te stellen bij een specifiek alarm, moet in deze kolom een vinkje worden gezet;Belirli bir alarm durumunda tüm dozajlama işlemini durdurmak ve L2 çıkışını ayarlamak için bu sütunda bir onay işareti ayarlanmalıdır;Aby zatrzymać cały proces dozowania i ustawić wyjście L2 w przypadku określonego alarmu, należy ustawić znacznik w tej kolumnie;Para detener todo el proceso de dosificación y ajustar la salida L2 en caso de una alarma específica, hay que marcar esta columna con una cruz.;Чтобы завершить весь процесс дозирования и установить выход L2 в случае определенного сигнала тревоги, необходимо поставить галочку в этой колонке;若要结束整个配料过程并在出现特定警报时设置输出 L2，则必须在此栏中打勾。;Щоб завершити весь процес дозування і встановити вихід L2 в разі певної тривоги, необхідно поставити галочку в цій колонці;A teljes adagolási folyamat befejezéséhez és az L2 kimenet beállításához egy adott riasztás esetén ebben az oszlopban kell egy pipa elhelyezése.;Για να τερματιστεί ολόκληρη η διαδικασία δοσομέτρησης και να ρυθμιστεί η έξοδος L2 σε περίπτωση συγκεκριμένου συναγερμού, πρέπει να τοποθετηθεί ένα τικ σε αυτή τη στήλη.
Soll bei einem Nachfüllalarm zusätzlich der Linienausgang L3 gesetzt werden, muss in dieser Spalte ein Häkchen gesetzt werden;If the line output L3 is to be set additionally for a refill alarm, a check mark must be set in this column;Si la sortie de ligne L3 doit également être activée en cas d'alarme de remplissage, il faut cocher cette colonne.;Se l'uscita di linea L3 deve essere impostata in aggiunta in caso di allarme di riempimento, è necessario impostare un segno di spunta in questa colonna.;Als de lijnuitgang L3 extra moet worden ingesteld bij een bijvulalarm, moet in deze kolom een vinkje worden gezet;Bir dolum alarmı durumunda L3 hat çıkışı ek olarak ayarlanacaksa, bu sütuna bir onay işareti konulmalıdır;Jeśli wyjście liniowe L3 ma być dodatkowo ustawione w przypadku alarmu ponownego napełnienia, w tej kolumnie należy zaznaczyć pole wyboru;Si la salida de línea L3 debe activarse adicionalmente en caso de alarma de rellenado, debe marcarse esta columna.;Если линейный выход L3 также должен быть настроен на сигнализацию пополнения, необходимо поставить галочку в этой колонке;如果在发生加料警报时也要设置线路输出 L3，则必须在此栏中打勾。;Якщо лінійний вихід L3 також повинен бути налаштований на сигнал тривоги заповнення, у цій колонці слід поставити галочку;Ha az L3 vonal kimenetet is be kell kapcsolni újratöltési riasztás esetén, akkor ebben az oszlopban kell egy pipa állítani.;Εάν η έξοδος γραμμής L3 πρέπει επίσης να ενεργοποιηθεί σε περίπτωση συναγερμού επαναπλήρωσης, πρέπει να τοποθετηθεί ένα τικ σε αυτή τη στήλη.
Um bei einem bestimmten Alarm den Dosierer zu stoppen, muss in dieser Spalte ein Häkchen gesetzt werden;To stop the dosing unit at a certain alarm, a check mark must be set in this column;Pour arrêter le doseur en cas d'alarme spécifique, il faut cocher cette colonne.;Per arrestare il dosatore a un determinato allarme, è necessario impostare un segno di spunta in questa colonna.;Om de doseereenheid bij een bepaald alarm te stoppen, moet in deze kolom een vinkje worden gezet;Dozajlama ünitesini belirli bir alarmda durdurmak için bu sütunda bir onay işareti ayarlanmalıdır;Aby zatrzymać jednostkę dozującą przy określonym alarmie, należy ustawić znacznik w tej kolumnie;Para detener la unidad de dosificación ante una alarma determinada, debe marcarse una casilla en esta columna;Чтобы остановить дозатор при возникновении определенного сигнала тревоги, необходимо поставить галочку в этой колонке.;要在发生特定警报时停止配料装置，必须在此栏中打勾。;Щоб зупинити дозатор у разі певної тривоги, у цій колонці слід поставити галочку;Ha az adagolóegységet egy adott riasztás esetén le akarja állítani, akkor ebben az oszlopban kell egy pipa elhelyezni.;Για να σταματήσει η μονάδα δοσομέτρησης σε περίπτωση ειδικού συναγερμού, πρέπει να τοποθετηθεί ένα τικ σε αυτή τη στήλη.
Dieser Alarm wird angezeigt, wenn die interne Kommunikation mit den externen IOs gestört ist, z.B. durch eine fehlende EtherCat-Verbindung.;This alarm is displayed if the internal communication with the external IOs is disturbed, e.g. due to a missing EtherCat connection.;Cette alarme s'affiche lorsque la communication interne avec les E/S externes est perturbée, par exemple en raison d'une connexion EtherCat manquante.;Questo allarme viene visualizzato se la comunicazione interna con gli IO esterni è disturbata, ad esempio a causa di una connessione EtherCat mancante.;Dit alarm wordt weergegeven als de interne communicatie met de externe IO's verstoord is, bijvoorbeeld door een ontbrekende EtherCat-verbinding.;Bu alarm, harici IO'larla dahili iletişim, örneğin eksik bir EtherCat bağlantısı nedeniyle bozulursa görüntülenir.;Ten alarm jest wyświetlany, jeśli wewnętrzna komunikacja z zewnętrznymi wejściami/wyjściami jest zakłócona, np. z powodu braku połączenia EtherCat.;Esta alarma se muestra si la comunicación interna con las IOs externas está perturbada, por ejemplo, debido a la falta de una conexión EtherCat.;Этот сигнал тревоги отображается, если внутренняя связь с внешними IOs нарушена, например, из-за отсутствия EtherCat-соединения.;如果与外部 IO 的内部通信出现故障，例如由于 EtherCat 连接缺失，则会显示该警报。;Ця тривога відображається, якщо внутрішній зв'язок із зовнішніми вводами-виводами несправний, наприклад, через відсутність з'єднання EtherCat.;Ez a riasztás akkor jelenik meg, ha a külső IO-kkal való belső kommunikáció megszakad, például egy hiányzó EtherCat-kapcsolat miatt.;Αυτός ο συναγερμός εμφανίζεται εάν η εσωτερική επικοινωνία με τις εξωτερικές IO είναι ελαττωματική, π.χ. λόγω έλλειψης σύνδεσης EtherCat.
Überschreitet die aktuelle Dosierperformanz die Initialdosierperformanz um einen Schwellwert, dann wird der Alarm Dosierperformanz hoch ausgelöst.;If the current dosing performance exceeds the initial dosing performance by a threshold value, the Dosing performance high alarm is triggered.;Si la performance de dosage actuelle dépasse la performance de dosage initiale d'une valeur seuil, l'alarme de performance de dosage élevée se déclenche.;Se la prestazione di dosaggio attuale supera la prestazione di dosaggio iniziale di un valore soglia, scatta l'allarme Prestazione di dosaggio elevata.;Als de huidige doseerprestatie de oorspronkelijke doseerprestatie met een drempelwaarde overschrijdt, wordt het alarm Doseerprestatie hoog geactiveerd.;Mevcut dozajlama performansı başlangıç dozajlama performansını bir eşik değer kadar aşarsa, Dozajlama performansı yüksek alarmı tetiklenir.;Jeśli bieżąca wydajność dozowania przekracza początkową wydajność dozowania o wartość progową, uruchamiany jest alarm Wysoka wydajność dozowania.;Si el rendimiento de dosificación actual supera el rendimiento de dosificación inicial en un valor umbral, se activa la alarma Rendimiento de dosificación alto.;Если текущая производительность дозирования превышает начальную производительность дозирования на пороговое значение, включается сигнал тревоги «Высокая производительность дозирования».;如果当前配料性能超过初始配料性能的临界值，则触发配料性能高警报。;Якщо поточна продуктивність дозування перевищує початкову продуктивність дозування на порогове значення, спрацьовує тривога 'Висока продуктивність дозування'.;Ha az aktuális adagolási teljesítmény egy küszöbértékkel meghaladja a kezdeti adagolási teljesítményt, akkor az Adagolási teljesítmény magas riasztás aktiválódik.;Εάν η τρέχουσα απόδοση δοσομέτρησης υπερβαίνει την αρχική απόδοση δοσομέτρησης κατά μια τιμή κατωφλίου, ενεργοποιείται ο συναγερμός Dosing performance high (Υψηλή απόδοση δοσομέτρησης).
Unterschreitet die aktuelle Dosierperformanz die Initialdosierperformanz um einen Schwellwert, dann wird der Alarm Dosierperformanz tief ausgelöst.;If the current dosing performance falls below the initial dosing performance by a threshold value, the Dosing performance high alarm is triggered.;Si la performance de dosage actuelle est inférieure à la performance de dosage initiale d'une valeur seuil, l'alarme de performance de dosage élevée est alors déclenchée.;Se la prestazione di dosaggio attuale è inferiore alla prestazione di dosaggio iniziale di un valore di soglia, scatta l'allarme Prestazione di dosaggio elevata.;Als de huidige doseerprestatie een drempelwaarde lager is dan de oorspronkelijke doseerprestatie, wordt het alarm Doseerprestatie hoog geactiveerd.;Mevcut dozajlama performansı başlangıç dozajlama performansının bir eşik değer kadar altına düşerse, Dozajlama performansı yüksek alarmı tetiklenir.;Jeśli bieżąca wydajność dozowania spadnie poniżej początkowej wydajności dozowania o wartość progową, uruchomiony zostanie alarm Wysoka wydajność dozowania.;Si el rendimiento de dosificación actual es inferior al rendimiento de dosificación inicial en un valor umbral, se activa la alarma de rendimiento de dosificación alto.;Если текущая производительность дозирования опускается ниже начальной производительности дозирования на пороговое значение, срабатывает сигнал тревоги «Низкая производительность дозирования».;如果当前配料性能低于初始配料性能的临界值，则触发配料性能低警报。;Якщо поточна продуктивність дозування падає нижче початкової продуктивності дозування на порогове значення, спрацьовує сигнал тривоги про низьку продуктивність дозування.;Ha az aktuális adagolási teljesítmény egy küszöbértékkel a kezdeti adagolási teljesítmény alá csökken, akkor az adagolási teljesítmény alacsony riasztás lép életbe.;Εάν η τρέχουσα απόδοση δοσομέτρησης υπολείπεται της αρχικής απόδοσης δοσομέτρησης κατά μια τιμή κατωφλίου, ενεργοποιείται ο συναγερμός χαμηλής απόδοσης δοσομέτρησης.
Dieser Alarm wird angezeigt, wenn der Dosierer in den Stop-Modus versetzt wurde. Der Stop-Modus wird ausgelöst durch ein Unterschreiten des Wertes Drehzahlmonitor [pm].;This alarm is displayed when the feeder has been set to Stop mode. The stop mode is triggered by falling below the value of the speed monitor [pm].;Cette alarme s'affiche lorsque le doseur a été mis en mode d'arrêt. Le mode d'arrêt est déclenché lorsque la valeur du moniteur de vitesse [pm] n'est pas atteinte.;Questo allarme viene visualizzato quando il dosatore è stato impostato in modalità di arresto. La modalità di arresto viene attivata quando si scende al di sotto del valore del monitor di velocità [pm].;Dit alarm wordt weergegeven als de doseereenheid in de stopmodus is gezet. De stopmodus wordt geactiveerd door het onderschrijden van de waarde van de snelheidsbewaking [pm].;Bu alarm, dozajlama ünitesi durdurma moduna ayarlandığında görüntülenir. Durdurma modu, hız monitörünün [pm] değerinin altına düşülmesiyle tetiklenir.;Ten alarm jest wyświetlany, gdy dozownik został ustawiony na tryb zatrzymania. Tryb zatrzymania jest wyzwalany przez spadek poniżej wartości monitora prędkości [pm].;Esta alarma se muestra cuando la unidad de dosificación se ha puesto en modo de parada. El modo de parada se activa al caer por debajo del valor del monitor de velocidad [pm].;Этот сигнал отображается, если дозатор был переведен в режим остановки. Режим останова включается, когда значение падает ниже значения контроля скорости [pm].;如果配料装置已设置为停止模式，则会显示该警报。当值低于速度监控器 [pm] 值时触发停止模式。;Цей сигнал тривоги відображається, якщо дозатор переведено в режим зупинки. Режим зупинки спрацьовує, коли значення опускається нижче значення монітора швидкості [pm].;Ez a riasztás akkor jelenik meg, ha az adagolóegységet leállítási üzemmódba állították. A leállítási üzemmód akkor lép működésbe, ha az érték a sebességfigyelő [pm] érték alá csökken.;Αυτός ο συναγερμός εμφανίζεται εάν η μονάδα δοσομέτρησης έχει ρυθμιστεί σε λειτουργία διακοπής. Η λειτουργία διακοπής ενεργοποιείται όταν η τιμή πέσει κάτω από την τιμή παρακολούθησης ταχύτητας [pm].
Dieser Alarm wird angezeigt, wenn ein extern angeschlossenes System am digitalen Eingang einen Alarm ausgelöst hat.;This alarm is displayed when an externally connected system has triggered an alarm at the digital input.;Cette alarme s'affiche lorsqu'un système externe connecté à l'entrée numérique a déclenché une alarme.;Questo allarme viene visualizzato quando un sistema collegato esternamente ha attivato un allarme sull'ingresso digitale.;Dit alarm wordt weergegeven wanneer een extern aangesloten systeem een alarm heeft geactiveerd op de digitale ingang.;Bu alarm, harici olarak bağlı bir sistem dijital girişte bir alarm tetiklediğinde görüntülenir.;Ten alarm jest wyświetlany, gdy podłączony zewnętrznie system wyzwolił alarm na wejściu cyfrowym.;Esta alarma se muestra cuando un sistema conectado externamente ha activado una alarma en la entrada digital.;Этот сигнал отображается, если внешняя система подала сигнал тревоги на цифровой вход.;如果外部连接的系统在数字输入端触发了警报，则显示该警报。;Цей сигнал тривоги відображається, якщо зовнішня підключена система викликала тривогу на цифровому вході.;Ez a riasztás akkor jelenik meg, ha egy külsőleg csatlakoztatott rendszer riasztást váltott ki a digitális bemeneten.;Αυτός ο συναγερμός εμφανίζεται εάν ένα εξωτερικά συνδεδεμένο σύστημα έχει προκαλέσει συναγερμό στην ψηφιακή είσοδο.
Dieser Alarm wird angezeigt, wenn das aktuelle Gesamtgewicht die Waagenkapazität überschreitet.;This alarm is displayed when the current total weight exceeds the scale capacity.;Cette alarme s'affiche lorsque le poids total actuel dépasse la capacité de la balance.;Questo allarme viene visualizzato quando il peso totale corrente supera la capacità della bilancia.;Dit alarm wordt weergegeven wanneer het huidige totale gewicht de capaciteit van de weegschaal overschrijdt.;Bu alarm, mevcut toplam ağırlık terazi kapasitesini aştığında görüntülenir.;Ten alarm jest wyświetlany, gdy aktualna masa całkowita przekracza nośność wagi.;Esta alarma aparece cuando el peso total actual supera la capacidad de la báscula.;Этот сигнал отображается, если текущий общий вес превышает вместимость весов.;当前总重量超过衡器容量时显示此警报。;Сигнал тривоги з'являється, якщо поточна загальна вага перевищує межу зважування.;Ez a riasztás akkor jelenik meg, ha az aktuális össztömeg meghaladja a mérleg kapacitását.;Αυτός ο συναγερμός εμφανίζεται εάν το τρέχον συνολικό βάρος υπερβαίνει τη χωρητικότητα της ζυγαριάς.
Dieser Alarm wird angezeigt, wenn keine Kommunikation zu einer konfigurierten Waage besteht.;This alarm is displayed when there is no communication to a configured scale.;Cette alarme s'affiche lorsqu'il n'y a pas de communication avec une balance configurée.;Questo allarme viene visualizzato quando non c'è comunicazione con una bilancia configurata.;Dit alarm wordt weergegeven wanneer er geen communicatie is met een geconfigureerde weegschaal.;Bu alarm, yapılandırılmış bir terazi ile iletişim olmadığında görüntülenir.;Ten alarm jest wyświetlany, gdy nie ma komunikacji ze skonfigurowaną wagą.;Esta alarma aparece cuando no hay comunicación con una báscula configurada.;Этот сигнал отображается при отсутствии связи с настроенными весами.;如果与配置的衡器之间没有通信，则显示此警报。;Ця тривога з'являється, якщо відсутній зв'язок зі сконфігурованими вагами.;Ez a riasztás akkor jelenik meg, ha nincs kommunikáció egy konfigurált mérleggel.;Αυτός ο συναγερμός εμφανίζεται εάν δεν υπάρχει επικοινωνία με μια διαμορφωμένη ζυγαριά.
Dieser Alarm wird angezeigt, wenn die maximale Antwortzeit der Waage überschritten wurde.;This alarm is displayed when the maximum response time of the scale has been exceeded.;Cette alarme s'affiche lorsque le temps de réponse maximal de la balance a été dépassé.;Questo allarme viene visualizzato quando viene superato il tempo di risposta massimo della bilancia.;Dit alarm wordt weergegeven wanneer de maximale reactietijd van de weegschaal is overschreden.;Bu alarm, terazinin maksimum yanıt süresi aşıldığında görüntülenir.;Alarm ten jest wyświetlany po przekroczeniu maksymalnego czasu reakcji wagi.;Esta alarma aparece cuando se ha superado el tiempo máximo de respuesta de la báscula.;Этот сигнал отображается при превышении максимального времени отклика весов.;超过衡器的最大响应时间时会显示此警报。;Сигнал тривоги з'являється у разі перевищення максимального часу спрацьовування ваг.;Ez a riasztás akkor jelenik meg, ha a mérleg maximális válaszidejét túllépték.;Αυτός ο συναγερμός εμφανίζεται όταν έχει ξεπεραστεί ο μέγιστος χρόνος απόκρισης της ζυγαριάς.
Dieser Alarm wird angezeigt, wenn die Nachfüllzeit abgelaufen ist und das Materialgewicht im Dosierer noch nicht den Max.Nachfüllgrenze erreicht hat.;This alarm is displayed when the refill time has elapsed and the material weight in the feeder has not yet reached the max. refill level.;Cette alarme s'affiche lorsque le temps de remplissage est écoulé et que le poids du matériau dans le doseur n'a pas encore atteint le niveau de remplissage maximal.;Questo allarme viene visualizzato quando il tempo di riempimento è scaduto e il peso del materiale nel dosatore non ha ancora raggiunto il livello di riempimento massimo.;Dit alarm wordt weergegeven als de bijvultijd is verstreken en het materiaalgewicht in de doseereenheid nog niet het maximale bijvulniveau heeft bereikt.;Bu alarm, yeniden doldurma süresi dolduğunda ve dozajlama ünitesindeki malzeme ağırlığı henüz maks. yeniden doldurma seviyesine ulaşmadığında görüntülenir.;Ten alarm jest wyświetlany, gdy upłynął czas uzupełniania, a masa materiału w dozowniku nie osiągnęła jeszcze maksymalnego poziomu uzupełniania.;Esta alarma se muestra cuando el tiempo de rellenado ha expirado y el peso del material en la unidad de dosificación aún no ha alcanzado el nivel máximo de rellenado.;Этот сигнал отображается, если время пополнения истекло, а вес материала в дозаторе еще не достиг максимального уровня пополнения.;当加料时间已过，而配料装置中的物料重量尚未达到最大加料水平时，将显示此警报。;Сигнал тривоги з'являється, якщо закінчився час заправки, а вага матеріалу в дозаторі ще не досягла максимального рівня заправки.;Ez a riasztás akkor jelenik meg, ha az utántöltési idő lejárt, és az adagolóban lévő anyagtömeg még nem érte el a maximális utántöltési szintet.;Αυτός ο συναγερμός εμφανίζεται όταν έχει λήξει ο χρόνος αναπλήρωσης και το βάρος του υλικού στη μονάδα δοσομέτρησης δεν έχει φτάσει ακόμη στο μέγιστο επίπεδο αναπλήρωσης.
Messzeitintervall ändern;Change measurement time interval;Modifier l'intervalle de temps de mesure;Modifica dell'intervallo di tempo di misurazione;Meetinterval wijzigen;Ölçüm zaman aralığını değiştirme;Zmiana przedziału czasu pomiaru;Cambiar el intervalo de tiempo de medición;Изменить интервал времени измерения;更改测量时间间隔;Змінити часовий інтервал вимірювання;Mérési időintervallum módosítása;Αλλαγή χρονικού διαστήματος μέτρησης
Alarmgrenzen ändern;Change alarm limits;Modifier les limites d'alarme;Modifica dei limiti di allarme;Alarmgrenzen wijzigen;Alarm limitlerini değiştirme;Zmiana limitów alarmów;Modificar los límites de alarma;Изменить пределы сигнализации;更改警报限值;Змінити межі тривоги;Riasztási határértékek módosítása;Αλλαγή ορίων συναγερμού
Der Alarm wird angezeigt, wenn ein Shutdown erfolgt ist;The alarm is displayed when a shutdown has occurred;L'alarme s'affiche lorsqu'un shutdown a eu lieu;L'allarme viene visualizzato quando si verifica un arresto.;Het alarm wordt weergegeven wanneer een uitschakeling heeft plaatsgevonden;Bir kapatma gerçekleştiğinde alarm görüntülenir;Alarm jest wyświetlany po wystąpieniu wyłączenia;La alarma se muestra cuando se ha producido una desconexión;Сигнал отображается, если произошло отключение.;发生停机时显示警报;Сигнал тривоги відображається, коли сталося вимкнення;A riasztás akkor jelenik meg, ha leállás történt.;Ο συναγερμός εμφανίζεται όταν έχει συμβεί διακοπή λειτουργίας
Paddelgeschwindigkeit ändern;Change paddle speed;Modifier la vitesse de la pagaie;Modifica della velocità della paletta;Wijzig de peddelsnelheid;Kürek hızını değiştirme;Zmiana prędkości łopatek;Cambiar la velocidad de las palas;Скорость вращения лопастей;改变桨叶速度;Зміна швидкості обертання лопатей;Lapát sebességének módosítása;Αλλαγή της ταχύτητας του πτερυγίου
Dieser Alarm wird angezeigt, wenn ein externer Nachfüllalarm am digitalen Eingang ausgelöst wurde.;This alarm is displayed when an external refill alarm has been triggered at the digital input.;Cette alarme s'affiche lorsqu'une alarme de réapprovisionnement externe a été déclenchée sur l'entrée numérique.;Questo allarme viene visualizzato quando è stato attivato un allarme di riempimento esterno sull'ingresso digitale.;Dit alarm wordt weergegeven als een extern bijvulalarm is geactiveerd op de digitale ingang.;Bu alarm, dijital girişte harici bir yeniden doldurma alarmı tetiklendiğinde görüntülenir.;Ten alarm jest wyświetlany, gdy na wejściu cyfrowym wyzwolony został zewnętrzny alarm uzupełnienia.;Esta alarma se muestra cuando se ha disparado una alarma de rellenado externo en la entrada digital.;Этот сигнал отображается, когда на цифровом входе срабатывает сигнал внешнего пополнения.;如果数字输入端触发了外部加料警报，则显示该警报。;Сигнал тривоги відображається, якщо на цифровому вході спрацював зовнішній сигнал тривоги поповнення.;Ez a riasztás akkor jelenik meg, ha a digitális bemeneten külső utántöltési riasztás lépett életbe.;Αυτός ο συναγερμός εμφανίζεται εάν έχει ενεργοποιηθεί ένας εξωτερικός συναγερμός επαναπλήρωσης στην ψηφιακή είσοδο.
Servicebetrieb;Service mode;Mode de service;Modalità di servizio;Servicemodus;Servis modu;Tryb serwisowy;Modo de servicio;Режим обслуживания;服务模式;Сервісний режим;Szerviz üzemmód;Λειτουργία σέρβις
Externer Nachfüllalarm;External refill alarm;Alarme de remplissage externe;Allarme di riempimento esterno;Extern bijvulalarm;Harici dolum alarmı;Zewnętrzny alarm napełnienia;Alarma externa de rellenado;Сигнал внешней дозаправки;外部注油警报;Сигнал тривоги про зовнішнє поповнення;Külső utántöltési riasztás;Εξωτερικός συναγερμός επαναπλήρωσης
Diese Meldung nicht mehr anzeigen;Do not show this message again;Ne plus afficher ce message;Non visualizzare più questo messaggio;Dit bericht niet meer tonen;Bu mesajı bir daha göstermeyin;Nie pokazuj tego komunikatu ponownie;No volver a mostrar este mensaje;Это сообщение больше не отображается;不再显示此信息;Більше не відображати це повідомлення;Ne jelenítse meg újra ezt az üzenetet;Δεν εμφανίζεται πλέον αυτό το μήνυμα
started den Nachfüllvorgang bis der maximale Nachfüllgrenze erreicht wurde oder die Nachfüllzeit abgelaufen ist.;starts the refill process until the maximum refill level has been reached or the refill time has expired.;démarre le processus de remplissage jusqu'à ce que le niveau de remplissage maximal soit atteint ou que le temps de remplissage soit écoulé.;avvia il processo di riempimento fino al raggiungimento del livello massimo di riempimento o allo scadere del tempo di riempimento.;start het bijvulproces totdat het maximale bijvulniveau is bereikt of de navultijd is verstreken.;maksimum dolum seviyesine ulaşılana veya dolum süresi dolana kadar dolum işlemini başlatır.;rozpoczyna proces uzupełniania do momentu osiągnięcia maksymalnego poziomu lub upływu czasu uzupełniania.;inicia el proceso de rellenado hasta que se haya alcanzado el nivel máximo de rellenado o haya expirado el tiempo de rellenado.;запускает процесс пополнения до тех пор, пока не будет достигнут максимальный уровень пополнения или не истечет время пополнения.;开始注墨过程，直到达到最大注墨量或注墨时间结束。;Запускає процес дозаправлення, доки не буде досягнуто максимального рівня дозаправлення або не закінчиться час дозаправлення.;elindítja az utántöltési folyamatot, amíg el nem éri a maximális utántöltési szintet vagy le nem jár az utántöltési idő.;Ξεκινά τη διαδικασία επαναπλήρωσης μέχρι να επιτευχθεί η μέγιστη στάθμη επαναπλήρωσης ή να λήξει ο χρόνος επαναπλήρωσης.
leert den Dosierer mit maximalem Stellbefehl. Der Vorgang endet, sobald das Gewicht konstant bleibt oder die Leerfahrzeit abgelaufen ist;empties the feeder with maximum drive command. The process ends as soon as the weight remains constant or the empty travel time has elapsed.;vide le doseur avec un ordre de réglage maximal. Le processus se termine dès que le poids reste constant ou que le temps de marche à vide est écoulé.;svuota il dosatore con il comando di posizionamento massimo. Il processo termina non appena il peso rimane costante o è trascorso il tempo di funzionamento a vuoto.;Leegt de doseereenheid met maximaal positioneringscommando. Het proces eindigt zodra het gewicht constant blijft of de leeglooptijd is verstreken.;maksimum konumlandırma komutu ile dozajlama ünitesini boşaltır. Ağırlık sabit kaldığında veya boş çalışma süresi dolduğunda işlem sona erer.;opróżnia dozownik z maksymalnym poleceniem pozycjonowania. Proces kończy się, gdy waga pozostanie stała lub upłynie czas opróżniania.;vacía el dosificador con la orden de posicionamiento máximo. El proceso finaliza en cuanto el peso se mantiene constante o ha transcurrido el tiempo de funcionamiento en vacío.;Опорожнение дозатора с помощью команды максимальной настройки. Процесс заканчивается, как только вес остается постоянным или истекает время опорожнения.;使用最大设置指令清空机器。一旦重量保持不变或清空时间结束，该过程即结束。;Випорожнює дозатор за командою максимального налаштування. Процес закінчується, як тільки вага залишається постійною або закінчився час спорожнення;Az adagolót a maximális pozícionálási paranccsal üríti ki. A folyamat véget ér, amint a súly állandó marad, vagy az ürítési idő lejárt.;αδειάζει τον διανομέα με την εντολή μέγιστης τοποθέτησης. Η διαδικασία ολοκληρώνεται μόλις το βάρος παραμείνει σταθερό ή παρέλθει ο χρόνος εκκένωσης.
Nachfüllfreigabe;Refill release;Validation de la recharge;Rilascio della ricarica;Navulling vrijgave;Dolum serbest bırakma;Zwolnienie uzupełnienia;Liberación de recarga;Разблокировка пополнения;注墨释放;Розблокування дозаправки;Utántöltés feloldása;Απελευθέρωση επαναπλήρωσης
Die Nachfüllfreigabe definiert, ob die automatische Nachfüllung grundsätzlich gestartet werden kann.\nIst die Nachfüllfreigabe nicht eingeschaltet, findet keine Nachfüllung mehr statt und der Dosierer läuft leer.\nWenn  ein roter Punkt auf der Schaltfläche erscheint, wird die Nachfüllfreigabe über ein externes Digitalsignal festgelegt.;The refill enable defines whether automatic refilling can generally be started.\nIf the refill enable is not switched on, refilling no longer takes place and the dosing unit runs empty.\nIf a red dot appears on the button, the refill enable is defined via an external digital signal.;L'autorisation de remplissage définit si le remplissage automatique peut en principe être lancé.\nSi la validation de la recharge n'est pas activée, la recharge n'a plus lieu et le doseur tourne à vide.\nSi un point rouge apparaît sur le bouton, la validation du remplissage est définie par un signal numérique externe.;L'abilitazione al riempimento definisce se il riempimento automatico può essere avviato in generale.\nSe l'abilitazione al riempimento non è attivata, il riempimento non avviene più e il dosatore si svuota.\nSe sul pulsante compare un punto rosso, l'abilitazione al riempimento è impostata tramite un segnale digitale esterno.;De bijvulvrijgave bepaalt of automatisch bijvullen in het algemeen gestart kan worden.\nAls de bijvulvrijgave niet is ingeschakeld, wordt er niet meer bijgevuld en loopt de doseereenheid leeg.\nAls er een rode stip op de knop verschijnt, is de bijvulvrijgave via een extern digitaal signaal ingesteld.;Yeniden doldurma etkinleştirmesi, otomatik yeniden doldurmanın genel olarak başlatılıp başlatılamayacağını tanımlar.\nYeniden doldurma etkinleştirmesi açık değilse, yeniden doldurma artık gerçekleşmez ve dozajlama ünitesi boş çalışır.\nDüğme üzerinde kırmızı bir nokta belirirse, yeniden doldurma etkinleştirmesi harici bir dijital sinyal aracılığıyla ayarlanır.;Włączenie uzupełniania określa, czy generalnie można uruchomić automatyczne uzupełnianie.\nJeśli aktywacja uzupełniania nie jest włączona, uzupełnianie nie jest kontynuowane, a dozownik jest pusty.\nPojawienie się czerwonej kropki na przycisku oznacza, że aktywacja uzupełniania jest ustawiona za pomocą zewnętrznego sygnału cyfrowego.;La habilitación de rellenado define si el rellenado automático puede iniciarse de forma general.\nSi la habilitación de rellenado no está activada, el rellenado ya no tiene lugar y el dosificador funciona en vacío.\nSi aparece un punto rojo en el botón, la habilitación de rellenado se ajusta mediante una señal digital externa.;Разрешение дозаправки определяет, всегда ли может быть запущена автоматическая дозаправка.\nЕсли разрешение дозаправки не включено, дозаправка больше не происходит, и диспенсер работает вхолостую.\nЕсли на кнопке появляется красная точка, разрешение дозаправки устанавливается с помощью внешнего цифрового сигнала.;如果按钮上出现一个红点，则表示通过外部数字信号定义了加料释放。;За допомогою розблокування повторного наповнення визначається, чи можна в принципі запустити автоматичне наповнення. Якщо дозвіл на повторне заповнення не увімкнено, заповнення більше не відбувається, і диспенсер працює порожнім. Якщо на кнопці з'являється червона крапка, це означає, що дозвіл на повторне наповнення встановлено за допомогою зовнішнього цифрового сигналу.;Az utántöltés engedélyezése meghatározza, hogy az automatikus utántöltés mindig elindítható-e.\nHa az utántöltés engedélyezése nincs bekapcsolva, az utántöltés nem történik meg, és az adagoló üresen fut.\nHa a gombon egy piros pont jelenik meg, az utántöltés engedélyezése külső digitális jel segítségével történik.;Η ενεργοποίηση επαναπλήρωσης καθορίζει αν μπορεί να ξεκινήσει πάντα η αυτόματη επαναπλήρωση.\nΕάν η ενεργοποίηση επαναπλήρωσης δεν είναι ενεργοποιημένη, η επαναπλήρωση δεν πραγματοποιείται πλέον και ο διανομέας λειτουργεί άδειος.\nΕάν εμφανίζεται μια κόκκινη κουκκίδα στο κουμπί, η ενεργοποίηση επαναπλήρωσης ρυθμίζεται μέσω ενός εξωτερικού ψηφιακού σήματος.
Alarm Stop;Alarm Stop;Alarm Stop;Alarm Stop;Alarm Stop;Alarm Stop;Alarm Stop;Alarm Stop;Аварийная остановка;警报停止;Аварійна зупинка;Riasztás leállítása;Διακοπή συναγερμού
Stoppt den Dosierer beim Alarm;Stops the dosing unit at alarm;Arrête le doseur en cas d'alarme;Arresta il dosatore in caso di allarme;Stopt de dosator bij alarm;Dozlayıcıyı alarm durumunda durdurur;Zatrzymuje dozownik w przypadku alarmu;Detiene el dosificador en caso de alarma;Остановка автомата в случае тревоги.;发生警报时停止配料装置;Зупиняє роботу дозатора у випадку тривоги;Riasztás esetén leállítja az adagolót.;Διακόπτει τη λειτουργία του διανομέα σε περίπτωση συναγερμού.
Leerfahrdrehzahl %;Empty speed %;Vitesse à vide %.;Velocità minima %;Onbelast toerental %;Rölanti hızı %;Prędkość biegu jałowego %;Velocidad de ralentí %.;Скорость опорожнения %;清空速度 %;Швидкість спорожнення, %;Üresjárati fordulatszám %;Ταχύτητα αδειάσματος %
Linie start;Start line;Ligne start;Inizio linea;Lijnstart;Hat başlangıcı;Start linii;Inicio de línea;Старт линии;生产线启动;Запуск лінії;Vonalindítás;Έναρξη γραμμής
Linie stop;Stop line;Arrêter la ligne;Linea di arresto;Stoplijn;Durma çizgisi;Linia zatrzymania;Línea de parada;Остановка линии;生产线停止;Зупинка лінії;Vonal leállítása;Στάση γραμμής
Rührwerk/Paddelgeschwindigkeit [%];Agitator/paddle speed [%];Agitateur/vitesse de la pale [%];Velocità dell'agitatore/paletta [%];Roerwerk/paddelsnelheid [%];Karıştırıcı/kürek hızı [%];Prędkość mieszadła/łopatki [%];Velocidad del agitador/pala [%].;Скорость вращения мешалки/лопастей [%];搅拌器/桨叶速度 [%];Швидкість мішалки/лопаті [%];Keverő/lapát sebesség [%];Ταχύτητα αναδευτήρα/φτερού [%]
Achsenskalierung;Axis scaling;Échelle des axes;Scala degli assi;Asverschaling;Eksen ölçeklendirme;Skalowanie osi;Escalado de ejes;Масштабирование осей;轴缩放;Масштабування по осях;Tengely skálázás;Κλιμάκωση άξονα
Min. Totband [kg/h];Min. dead band [kg/h];Bande morte min. [kg/h];Banda morta min. [kg/h];Minimale dode band [kg/u];Minimum ölü bant [kg/h];Min. strefa nieczułości [kg/h];Banda muerta mín. [kg/h];Мин. мертвая зона [кг/ч];最小死区 [kg/h］;Мінімальна зона нечутливості [кг/год];Minimális holt sáv [kg/h];Ελάχιστη νεκρή ζώνη [kg/h]
Hysterese [kg/h];Hysteresis [kg/h];Hystérésis [kg/h];Isteresi [kg/h];Vertraging [kg/h];Histerezis [kg/h];Histereza [kg/h];Histéresis [kg/h];Гистерезис [кг/ч];滞后 [kg/h］;Гістерезис [кг/год];Hiszterézis [kg/h];Υστέρηση [kg/h]
Sollwert / Durchsatz;Set point / massflow;Consigne / débit;Set point / portata;Instelpunt / doorvoer;Ayar noktası / verim;Nastawa / przepustowość;Punto de consigna / rendimiento;Уставка / пропускная способность;设定值/产量;Уставка / пропускна здатність;Beállítási pont/átbocsátási teljesítmény;Σημείο ρύθμισης / απόδοση
Gewicht;Weight;Poids;Peso;Gewicht;Ağırlık;Waga;Peso;Вес;重量;Вага;Súly;Βάρος
Linienfreigabe;Line release;Validation de la ligne;Rilascio di linea;Lijnvrijgave;Hat serbest bırakma;Zwolnienie linii;Liberación de línea;Разблокировка линии;生产线释放;Розблокування лінії;Vonalkioldás;Απελευθέρωση γραμμής
Linienfreigabe beenden;Terminate line release;Terminer la validation de la ligne;Rilascio della linea finale;Lijn vrijgeven;Hat sonu serbest bırakma;Zwolnienie linii końcowej;Fin de línea de liberación;Разблокировка конечной линии;生产线末端释放;Вивільнення кінцевої лінії;Végső vonalkioldás;Απελευθέρωση τελικής γραμμής
Rührwerk/Paddelgeschwindigkeit [%];Agitator/paddle speed [%];Agitateur/vitesse de la pale [%];Velocità dell'agitatore/paletta [%];Roerwerk/ paddelsnelheid [%];Karıştırıcı/kürek hızı [%];Prędkość mieszadła/łopatki [%];Velocidad del agitador/pala [%].;Скорость вращения мешалки/лопастей [%];搅拌器/桨叶速度 [%];Швидкість обертання мішалки/лопаті [%];Keverő/lapát sebesség [%];Ταχύτητα αναδευτήρα/φτερού [%]
Eine Sollwertänderung wird erst übernommen, wenn sich der neue Sollwert um mindestens x Prozent vom alten Sollwert unterscheidet;A setpoint change is only accepted when the new setpoint differs from the old setpoint by at least x percent;Une modification de la valeur de consigne n'est prise en compte que si la nouvelle valeur de consigne diffère d'au moins x pour cent de l'ancienne valeur de consigne.;Una modifica del setpoint viene accettata solo se il nuovo setpoint differisce dal precedente di almeno x per cento.;Een setpointwijziging wordt alleen geaccepteerd als het nieuwe setpoint ten minste x procent verschilt van het oude setpoint.;Bir ayar noktası değişikliği yalnızca yeni ayar noktası eski ayar noktasından en az yüzde x oranında farklı olduğunda kabul edilir;Zmiana wartości zadanej jest akceptowana tylko wtedy, gdy nowa wartość zadana różni się od starej wartości zadanej o co najmniej x procent;Un cambio de consigna sólo se acepta cuando la nueva consigna difiere de la antigua en al menos un x por ciento;Изменение уставки принимается только в том случае, если новая уставка отличается от старой не менее чем на x процентов;只有当新设定点与旧设定点相差至少 x% 时，才接受设定点更改;Зміна заданого значення приймається тільки в тому випадку, якщо нове значення відрізняється від старого принаймні на x відсотків;A beállítási pont módosítása csak akkor fogadható el, ha az új beállítási pont legalább x százalékkal eltér a régi beállítási ponttól.;Μια αλλαγή του σημείου ρύθμισης γίνεται αποδεκτή μόνο εάν το νέο σημείο ρύθμισης διαφέρει από το παλιό σημείο ρύθμισης κατά τουλάχιστον x τοις εκατό
Mind. Sollwertänderung [%];Min. setpoint change [%];Modification min. de la consigne [%];Modifica minima del setpoint [%];Min. verandering setpoint [%];Minimum ayar noktası değişimi [%];Minimalna zmiana nastawy [%];Cambio mínimo de consigna [%];Минимальное изменение уставки [%];最小设定值变化 [%];Мінімальна зміна уставки [%];Minimális beállítási pontváltozás [%];Ελάχιστη αλλαγή σημείου ρύθμισης [%]
Istwert;Actual value;Valeur actuelle;Valore attuale;Actuele waarde;Gerçek değer;Aktualna wartość;Valor actual;Фактическое значение;实际值;Фактичне значення;Tényleges érték;Πραγματική τιμή
Digitale Eingänge;Digital inputs;Entrées digitales;Ingressi digitali;Digitale ingangen;Dijital girişler;Wejścia cyfrowe;Entradas Digitales;Цифровые входы;数字输入;Цифрові входи;Digitális bemenetek;Ψηφιακές είσοδοι
Batchgröße;Batch size;Taille du lot;Dimensione del lotto;Batch grootte;Parti büyüklüğü;Wielkość partii;Tamaño del lote;Размер партии;批量大小;Розмір партії;Tétel mérete;Μέγεθος παρτίδας
Batchgröße [kg];Batch size [kg];Taille du lot [kg];Dimensione del lotto [kg];Batch grootte [kg];Parti büyüklüğü [kg];Wielkość partii [kg];Tamaño del lote [kg];Размер партии [кг];批量[公斤］;Розмір партії [кг];Tétel mérete [kg];Μέγεθος παρτίδας [kg]
Grobstrom;Coarse flow;Courant grossier;Flusso grossolano;Grof debiet;Kaba akış;Przepływ zgrubny;Caudal grueso;Грубый расход;粗电流;Грубий потік;Durva áramlás;Χονδρική ροή
Grobstrom [%];Coarse flow [%];Courant grossier [%];Flusso grossolano [%];Grof debiet [%];Kaba akış [%];Przepływ zgrubny [%];Caudal grueso [%];Расход грубой фракции [%];粗电流 [%];Грубий потік [%];Durva áramlás [%];Χονδροειδής ροή [%]
Feinstrom;Fine stream;Courant fin;Flusso fine;Fijne stroom;İnce akış;Przepływ drobny;Flujo fino;Тонкий поток;细电流;Тонкий потік;Finom áramlás;Λεπτή ροή
Feinstrom [%];Fine flow [%];Courant fin [%];Flusso fine [%];Fijne stroom [%];İnce akış [%];Przepływ drobny [%];Flujo fino [%];Тонкий поток [%];细电流 [%];Тонкий потік [%];Finom áramlás [%];Λεπτή ροή [%]
Umschaltpunkt [kg];Changeover point [kg];Point de commutation [kg];Punto di cambio [kg];Omschakelpunt [kg];Değişim noktası [kg];Punkt przełączenia [kg];Punto de cambio [kg];Точка переключения [кг];切换点 [kg］;Точка перемикання [кг];Átkapcsolási pont [kg];Σημείο εναλλαγής [kg]
Ext. Waage;Ext. scale;Balance ext.;Estensione della scala;Ext. schaal;Dış ölçek;Rozszerzona skala;Escala ext.;Внешняя шкала;扩展刻度;Доп. шкала;Ext. skála;Εκτεταμένη κλίμακα
Linienbatchgröße;Line batch size;Taille du lot de ligne;Dimensione del lotto di linea;Seriegrootte;Hat parti büyüklüğü;Wielkość partii linii;Tamaño de lote de línea;Размер линейной партии;生产线批量;Лінійна продуктивність;Vonali tételméret;Μέγεθος παρτίδας γραμμής
Linienbatchgröße [kg];Line batch size [kg];Taille du lot de ligne [kg];Dimensione del lotto di linea [kg];Lijnbatchgrootte [kg];Hat parti büyüklüğü [kg];Wielkość partii linii [kg];Tamaño lote línea [kg];Размер партии [кг];生产线批量 [kg];Розмір лінійної партії [кг];Vonali tételméret [kg];Μέγεθος παρτίδας γραμμής [kg]
Liniensollwert;Line setpoint;Consigne de ligne;Setpoint di linea;Lijn setpoint;Hat ayar noktası;Nastawa linii;Consigna de línea;Уставка линии;生产线设定值;Уставка лінії;Vonali beállítási pont;Σημείο ρύθμισης γραμμής
Batchgröße [kg];Batch size [kg];Taille du lot [kg];Dimensione del batch [kg];Batchgrootte [kg];Parti büyüklüğü [kg];Wielkość partii [kg];Tamaño lote [kg];Размер партии [кг];批量大小 [kg］;Розмір партії [кг];Tétel mérete [kg];Μέγεθος παρτίδας [kg]
Der Batchprozess wurde unterbrochen. Fortsetzen;The batch process was interrupted. Continue;Le processus de lot a été interrompu. Reprendre;Il processo di batch è stato interrotto. Continua;Het batchproces is onderbroken. Doorgaan;Toplu işlem kesintiye uğradı. Devam et;Proces wsadowy został przerwany. Kontynuuj;El proceso de lote se ha interrumpido. Continuar;Процесс дозирования был прерван. Возобновить;批次过程中断。恢复;Процес дозування було перервано. Відновити;A tételes folyamat megszakadt. Folytatás;Η διαδικασία της παρτίδας διακόπηκε. Συνέχιση
Min.Nachfüllgrenze wird auf die neue Batchgröße angepasst;Min refill level is adjusted to the new batch size;Le niveau de remplissage minimal est adapté à la nouvelle taille de lot.;Il livello di riempimento minimo viene adattato alla nuova dimensione del batch.;Min bijvulniveau wordt aangepast aan de nieuwe batchgrootte;Min dolum seviyesi yeni parti boyutuna göre ayarlanır;Min. poziom napełnienia jest dostosowywany do nowej wielkości wsadu;El nivel de llenado mínimo se ajusta al nuevo tamaño de lote;Уровень минимального пополнения устанавливается в соответствии с новым размером партии;最小补给量调整为新的批量大小;Мінімальний рівень дозування пристосовано до нового розміру партії;A minimális utántöltési szint az új tételmérethez van igazítva.;Το ελάχιστο επίπεδο αναπλήρωσης προσαρμόζεται στο νέο μέγεθος της παρτίδας
Neuer Batchprozess wird gestartet;New batch process is started;Le nouveau processus de lot est lancé;Viene avviato un nuovo processo di batch;Nieuw batchproces wordt gestart;Yeni toplu işlem başlatıldı;Rozpoczyna się nowy proces wsadowy;Se inicia un nuevo proceso de lote;Запускается новый порционный процесс;开始新的配料过程;Запущено новий процес дозування;Új adagolási folyamat indul;Ξεκινά νέα διαδικασία παρτίδας
Rührw./Paddelgeschw;Agitator/paddle speed;Agitateur/vitesse de la pale;Velocità dell'agitatore/padella;Roerwerk-/paddelsnelheid;Karıştırıcı/kürek hızı;Prędkość mieszadła/łopatek;Velocidad del agitador/pala;Скорость перемешивания/скорость вращения лопастей;搅拌速度/桨叶速度;Швидкість перемішування / частота обертання мішалки;Keverő/lapát sebesség;Ταχύτητα αναδευτήρα/φτερωτής
Rührw./Paddelgeschw. [%];Agitator/paddle speed [%];Agitateur/vitesse de la pale [%];Velocità dell'agitatore/padella [%];Roerwerk-/paddelsnelheid [%];Karıştırıcı/kürek hızı [%];Prędkość mieszadła/łopatek [%];Velocidad del agitador/pala [%];Скорость перемешивания/скорость вращения лопастей [%];搅拌速度/桨叶速度 [%] (%);Швидкість перемішування / частота обертання мішалки [%];Keverő/lapát sebesség [%];Ταχύτητα αναδευτήρα/φτερωτής [%]
Fehler beim Importieren der Daten;Error when importing the data;Erreur lors de l'importation des données;Errore durante l'importazione dei dati;Fout bij het importeren van de gegevens;Verileri içe aktarırken hata oluştu;Błąd podczas importowania danych;Error al importar los datos;Ошибка при импорте данных;导入数据时出错;Помилка під час імпорту даних;Hiba az adatok importálásakor;Σφάλμα κατά την εισαγωγή των δεδομένων
Fehler beim Exportieren der Daten;Error when exporting the data;Erreur lors de l'exportation des données;Errore durante l'esportazione dei dati;Fout bij het exporteren van de gegevens;Verileri dışa aktarırken hata oluştu;Błąd podczas eksportowania danych;Error al exportar los datos;Ошибка при экспорте данных;导出数据时出错;Помилка під час експорту даних;Hiba az adatok exportálásakor;Σφάλμα κατά την εξαγωγή των δεδομένων
Fehler beim Schreiben der Recorderdatei;Error when writing the recorder file;Erreur lors de l'écriture du fichier de l'enregistreur;Errore durante la scrittura del file del registratore;Fout bij het schrijven van het recorderbestand;Kaydedici dosyası yazılırken hata oluştu;Błąd podczas zapisu pliku rejestratora;Error al escribir el archivo de la grabadora;Ошибка при записи файла регистратора;写入记录仪文件时出错;Помилка під час запису файлу реєстратора;Hiba a felvevőfájl írása során;Σφάλμα κατά την εγγραφή του αρχείου καταγραφής
Produktdatenbank;Product database;Base de données produits;Database dei prodotti;Productdatabase;Ürün veritabanı;Baza danych produktów;Base de datos de productos;База данных продукта;产品数据库;База даних продуктів;Termékadatbázis;Βάση δεδομένων προϊόντος
Fehler beim Laden der Produktdatenbank;Error loading the product database;Erreur lors du chargement de la base de données des produits;Errore nel caricamento del database dei prodotti;Fout bij het laden van de productdatabase;Ürün veritabanı yüklenirken hata oluştu;Błąd ładowania bazy danych produktów;Error al cargar la base de datos de productos;Ошибка при загрузке базы данных продуктов;加载产品数据库时出错;Помилка завантаження бази даних продуктів;Hiba a termékadatbázis betöltése;Σφάλμα κατά τη φόρτωση της βάσης δεδομένων προϊόντος
Fehler beim Speichern der Produktdatenbank;Error when saving the product database;Erreur lors de l'enregistrement de la base de données des produits;Errore durante il salvataggio del database dei prodotti;Fout bij het opslaan van de productdatabase;Ürün veritabanı kaydedilirken hata oluştu;Błąd podczas zapisywania bazy danych produktów;Error al guardar la base de datos de productos;Ошибка при сохранении базы данных продуктов;保存产品数据库时出错;Помилка збереження бази даних товарів;Hiba a termékadatbázis mentése;Σφάλμα κατά την αποθήκευση της βάσης δεδομένων προϊόντων
Produktliste;Product list;Liste des produits;Elenco dei prodotti;Productlijst;Ürün listesi;Lista produktów;Lista de productos;Список продуктов;产品列表;Список товарів;Terméklista;Κατάλογος προϊόντων
Ist die Batchoperation nach Ablauf einer vorgegebenen Zeit noch nicht beendet, so wird der entsprechende Alarm ausgelöst;If the batch operation has not been completed after a specified time, the corresponding alarm is triggered;Si l'opération par lots n'est pas terminée à l'issue d'un temps donné, l'alarme correspondante est déclenchée.;Se l'operazione di batch non è stata completata dopo un determinato periodo di tempo, viene attivato l'allarme corrispondente.;Als de batchbewerking na een bepaalde tijd nog niet is voltooid, wordt het bijbehorende alarm geactiveerd.;Toplu işlem belirli bir süre sonra tamamlanmamışsa, ilgili alarm tetiklenir;Jeśli operacja wsadowa nie zostanie zakończona po określonym czasie, uruchomiony zostanie odpowiedni alarm;Si la operación por lotes no se ha completado después de un tiempo especificado, se activa la alarma correspondiente;Если пакетная операция не была завершена по истечении заданного времени, включается соответствующий сигнал тревоги;如果批处理操作在指定时间后仍未完成，则会触发相应警报;Якщо пакетна операція не була завершена через певний час, спрацьовує відповідний сигнал тривоги;Ha a kötegelt művelet nem fejeződik be a megadott idő elteltével, a megfelelő riasztás aktiválódik.;Εάν η λειτουργία της παρτίδας δεν έχει ολοκληρωθεί μετά από ένα καθορισμένο χρονικό διάστημα, ενεργοποιείται ο αντίστοιχος συναγερμός
Produktname existiert bereits;Product name already exists;Le nom du produit existe déjà;Il nome del prodotto esiste già;Productnaam bestaat al;Ürün adı zaten mevcut;Nazwa produktu już istnieje;El nombre del producto ya existe;Название продукта уже существует;产品名称已存在;Назва продукту вже існує;A termék neve már létezik;Το όνομα του προϊόντος υπάρχει ήδη
QM-Nummer existiert bereits;QM number already exists;Le numéro QM existe déjà;Il numero QM esiste già;QM-nummer bestaat al;QM numarası zaten mevcut;Numer QM już istnieje;El número QM ya existe;Номер ККМ уже существует;QM 编号已存在;Номер QM вже існує;QM-szám már létezik;Ο αριθμός QM υπάρχει ήδη
Liniensollwert überschreiben;Overwrite line setpoint;Écraser la valeur de consigne de la ligne;Sovrascrivere il setpoint di linea;Lijnsetpoint overschrijven;Hat ayar noktasının üzerine yaz;Nadpisanie wartości zadanej linii;Sobrescribir consigna de línea;Перезапись уставки линии;写入生产线设定点;Перезаписати уставку лінії;Vonalbeállítási pont felülírása;Αντικατάσταση σημείου ρύθμισης γραμμής
Max. Batchdauer [s];Max. Batch duration [s];Temps de réponse max. Durée du lot [s];Max. Durata del lotto [s];Max. Duur batch [s];Maks. Parti süresi [s];Maks. Czas trwania partii [s];Máx. Duración del lote [s];Макс. Длительность партии [с];最大值 批次持续时间 [s］;Максимальне значення Тривалість партії [с];Max. Batch időtartam [s];Max. Διάρκεια παρτίδας [s]
StartupRamp [s];Startup ramp [s];Rampe de démarrage [s];Rampa di avvio [s];Opstart snelheid [s];Başlangıç rampası [s];Rampa startowa [s];Rampa de arranque [s];StartupRamp [s];启动斜坡 [s］;Період запуску [с];StartupRamp [s];StartupRamp [s]
Produktname;Product name;Nom du produit;Nome del prodotto;Naam product;Ürün adı;Nazwa produktu;Nombre del producto;Название продукта;产品名称;Назва продукту;Termék neve;Όνομα προϊόντος
Ändern;Modify;Modifier;Modifica;Verander;Değişim;Zmiana;Cambia;Изменить название продукта;更改产品名称;Змінити назву продукту;Terméknév módosítása;Αλλαγή ονόματος προϊόντος
Hinzufügen;Add;Ajouter;Aggiungi;Voeg  toe;Ekle;Dodaj;Añadir;Добавить;添加;Додати;Hozzáadás;Προσθήκη
Die Batchdauer gibt die maximale Laufzeit für den Batch an. Wird die Zeit überschritten, so wird der Dosiervorgang beendet. Eine Batchdauer von 0 deaktiviert die Überwachung.;The batch duration specifies the maximum runtime for the batch. If the time is exceeded, the dosing process is ended. A batch duration of 0 deactivates monitoring.;La durée du batch indique le temps de fonctionnement maximal pour le batch. Si la durée est dépassée, le processus de dosage s'arrête. Une durée de batch de 0 désactive la surveillance.;La durata del batch specifica il tempo massimo di esecuzione del batch. Se il tempo viene superato, il processo di dosaggio viene interrotto. Una durata del lotto pari a 0 disattiva il monitoraggio.;De batchduur specificeert de maximale looptijd voor de batch. Als de tijd wordt overschreden, wordt het doseerproces beëindigd. Een batchduur van 0 schakelt de bewaking uit.;Parti süresi, parti için maksimum çalışma süresini belirtir. Süre aşılırsa dozajlama işlemi sonlandırılır. Parti süresinin 0 olması izlemeyi devre dışı bırakır.;Czas trwania wsadu określa maksymalny czas działania wsadu. Jeśli czas ten zostanie przekroczony, proces dozowania zostanie zakończony. Czas trwania partii równy 0 dezaktywuje monitorowanie.;La duración del lote especifica el tiempo máximo de ejecución del lote. Si se supera este tiempo, el proceso de dosificación finaliza. Una duración de lote de 0 desactiva la supervisión.;Продолжительность партии задает максимальное время работы партии. При превышении этого времени процесс дозирования прекращается. При длительности партии, равной 0, контроль отключается.;批次持续时间指定批次的最长运行时间。如果超过该时间，配料过程将结束。如果批次持续时间为 0，则停止监控。;Тривалість партії визначає максимальний час виконання партії. Якщо час перевищено, процес дозування завершується. При тривалості партії 0 моніторинг деактивується.;A tétel időtartama a tétel maximális futási idejét adja meg. Az idő túllépése esetén az adagolási folyamat befejeződik. Ha a tétel időtartama 0, a felügyelet kikapcsol.;Η διάρκεια της παρτίδας καθορίζει το μέγιστο χρόνο εκτέλεσης της παρτίδας. Εάν ξεπεραστεί ο χρόνος, η διαδικασία δοσομέτρησης τερματίζεται. Μια διάρκεια παρτίδας 0 απενεργοποιεί την παρακολούθηση.
Schneckendrehzahl [%];Screw speed [%];Vitesse de la vis [%];Velocità vite [%];Schroefsnelheid [%];Vida hızı [%];Prędkość śruby [%];Velocidad del tornillo [%];Скорость вращения шнека [%];螺杆转速 [%] 批量持续时间 [s;Частота обертання шнека [%];Csavar fordulatszám [%];Ταχύτητα κοχλία [%]
Batchdauer [s];Batchdauer [s];Durée du batch [s];Durata del lotto [s];Duur van batch [s];Parti süresi [s];Czas trwania partii [s];Duración del lote [s];Продолжительность порции [с];批次持续时间 [s］;Тривалість партії [с];A tétel időtartama [s];Διάρκεια παρτίδας [s]
Die Nachlaufkompensation berücksichtigt das Nachlaufen der Schnecke bzw. das Nachdosieren wenn das Endgewicht erreicht wurde.;The overrun compensation takes into account the overrunning of the screw or the re-dosing when the final weight has been reached.;La compensation de la poursuite tient compte de la poursuite de la vis ou du dosage ultérieur lorsque le poids final est atteint.;La compensazione del superamento tiene conto del superamento della coclea o del ridosaggio al raggiungimento del peso finale.;La compensazione del superamento tiene conto del superamento della coclea o del ridosaggio al raggiungimento del peso finale.;Taşma telafisi, vidanın taşmasını veya nihai ağırlığa ulaşıldığında yeniden dozajlamayı dikkate alır.;Kompensacja przekroczenia uwzględnia przekroczenie ślimaka lub ponowne dozowanie po osiągnięciu masy końcowej.;La compensación de rebasamiento tiene en cuenta el rebasamiento del tornillo o la redosificación cuando se ha alcanzado el peso final.;Компенсация перерасхода учитывает перерасход шнека или повторное дозирование при достижении конечного веса.;超限补偿考虑了螺杆超限或达到最终重量后重新配料的情况。;Компенсація перебігу враховує перебіг шнека або повторне дозування після досягнення кінцевої ваги.;A túlfutás-kompenzáció figyelembe veszi a csiga túlfutását vagy a végsúly elérésekor történő újradózást.;Η αντιστάθμιση υπέρβασης λαμβάνει υπόψη την υπέρβαση του κοχλία ή την εκ νέου δοσομέτρηση όταν έχει επιτευχθεί το τελικό βάρος.
Nachlaufkompensation [kg];Overrun compensation [kg];Compensation de l'inertie [kg];Comp. del superamento [kg];Compensatie overschrijding [kg];Taşma telafisi [kg];Kompensacja przekroczenia [kg];Comp. de rebasamiento [kg];Компенсация перерасхода [кг];超限补偿 [kg］;Компенсація перевитрати [кг];Túlfutás kompenzáció [kg];Αντιστάθμιση υπέρβασης [kg]
Der Umschaltpunkt definiert die verbleibende Chargenmenge in kg bevor von Grobstrom auf Feinstrom umgeschaltet wird.;The switch point defines the remaining batch quantity in kg before switching from gross flow to fine flow.;Le point de commutation définit la quantité de charge restante en kg avant de passer du flux grossier au flux fin.;Il punto di commutazione definisce la quantità di batch rimanente in kg prima di passare dal flusso grosso al flusso fine.;Het omschakelpunt bepaalt de resterende batchhoeveelheid in kg voordat wordt overgeschakeld van grove stroming naar fijne stroming.;Geçiş noktası, kaba akıştan ince akışa geçmeden önce kg cinsinden kalan parti miktarını tanımlar.;Punkt przełączania określa pozostałą ilość wsadu w kg przed przełączeniem z przepływu zgrubnego na przepływ dokładny.;El punto de conmutación define la cantidad de lote restante en kg antes de pasar del flujo grueso al flujo fino.;Точка переключения определяет оставшееся количество партии в кг до переключения с грубого потока на тонкий.;切换点定义了从粗料流切换到细料流之前的剩余批量（公斤）。;Точка перемикання визначає залишкову кількість партії в кг перед перемиканням з грубого потоку на тонкий.;Az átkapcsolási pont határozza meg a durva áramlásról a finom áramlásra való átkapcsolás előtt még hátralévő adagmennyiséget kg-ban.;Το σημείο μετάβασης ορίζει την εναπομένουσα ποσότητα παρτίδας σε kg πριν από τη μετάβαση από τη χονδροειδή ροή στη λεπτή ροή.
Der Grobstrom definiert den Stellbefehl bis zum Erreichen des Umschaltpunktes.;The coarse current defines the drive command until the switch point is reached.;Le courant approximatif définit l'ordre de réglage jusqu'à ce que le point de commutation soit atteint.;La corrente di massima definisce il comando di posizionamento fino al raggiungimento del punto di commutazione.;De grove stroom bepaalt de positioneeropdracht totdat het schakelpunt wordt bereikt.;Kaba akım, anahtarlama noktasına ulaşılana kadar konumlandırma komutunu tanımlar.;Prąd zgrubny określa polecenie pozycjonowania do momentu osiągnięcia punktu przełączania.;La corriente gruesa define la orden de posicionamiento hasta que se alcanza el punto de conmutación.;Грубый ток определяет команду позиционирования до достижения точки переключения.;在到达切换点之前，粗料流定义定位指令。;Великий потік визначає команду керування до досягнення точки перемикання.;A durva áramlás határozza meg a pozicionálási parancsot az átkapcsolási pont eléréséig.;Η χονδροειδής ροή ορίζει την εντολή τοποθέτησης μέχρι να επιτευχθεί το σημείο εναλλαγής.
Der Feinstrom definiert den Stellbefehl nach Erreichen des Umschaltpunktes.;The fine current defines the drive command after the switch point is reached.;Le courant fin définit l'ordre de réglage une fois le point de commutation atteint.;La corrente fine definisce il comando di posizionamento dopo il raggiungimento del punto di commutazione.;De fijnstroom bepaalt de positioneeropdracht nadat het omschakelpunt is bereikt.;İnce akım, geçiş noktasına ulaşıldıktan sonraki konumlandırma komutunu tanımlar.;Prąd dokładny określa polecenie pozycjonowania po osiągnięciu punktu przełączania.;La corriente fina define la orden de posicionamiento tras alcanzar el punto de conmutación.;Точный ток определяет команду позиционирования после достижения точки переключения.;细流定义达到切换点后的控制指令。;Дрібний потік визначає команду керування після досягнення точки перемикання.;A finom áramlás határozza meg a vezérlési parancsot az átkapcsolási pont elérése után.;Η λεπτή ροή ορίζει την εντολή ελέγχου μετά την επίτευξη του σημείου εναλλαγής.
Datenaufzeichnung beenden?;Stop data recording?;Arrêter l'enregistrement des données?;Terminare la registrazione dei dati?;Gegevensopname beëindigen?;Veri kaydını sonlandıralım mı?;Zatrzymać rejestrowanie danych?;¿Finalizar el registro de datos?;Завершить запись данных?;结束数据记录？;Закінчити запис даних?;Adatrögzítés leállítása?;Τερματισμός της καταγραφής δεδομένων
Datenaufzeichnung starten;Start data recording?;Démarrer l'enregistrement des données?;Avvio della registrazione dei dati?;Gegevensopname starten?;Veri kaydını başlatın mı?;Rozpocząć rejestrowanie danych?;¿Iniciar el registro de datos?;Начать запись данных?;开始数据记录？;Почати запис даних?;Adatrögzítés megkezdése?;Ξεκινήστε την καταγραφή δεδομένων
Einzelplatzwaage - LCL;Stand-alone scale - LCL;Balance monoplace - LCL;Bilancia a posto singolo - LCL;Schaal op één plaats - LCL;Tek yer kantarı - LCL;Pojedyncza waga - LCL;Balanza monoplaza - LCL;Шкала для одного места - LCL;单地名比额表 - LCL;Одномісцева шкала - LCL;Egyhelyes skála - LCL;Κλίμακα μιας θέσης - LCL
Abnahmefaktor [%];Reduction factor [%];Facteur de réduction [%];Fattore di riduzione [%];Reductiefactor [%];Azaltım faktörü [%];Współczynnik redukcji [%];Factor de reducción [%];Коэффициент уменьшения [%];减少系数[%];Коефіцієнт зменшення [%];Csökkentési tényező [%];Συντελεστής μείωσης [%]
Erhöhungsfaktor [%];Increase factor [%];Facteur d'augmentation [%];Fattore di incremento [%];Toename factor [%];Artış faktörü [%];Współczynnik wzrostu [%];Factor de aumento [%];Коэффициент увеличения [%];增加系数[%];Коефіцієнт збільшення [%];Növekedési tényező [%];Συντελεστής αύξησης [%]
Min. Gewicht [kg];Min. weight [kg];Poids min. [kg];Peso min. [kg];Min. Gewicht [kg];Min. ağırlık [kg];Min. waga [kg];Peso mín. [kg];Мин. вес [кг];最小重量 [kg];Мінімальна вага [кг];Minimális súly [kg];Min. Βάρος [kg]
Max. Gewicht [kg];Max. weight [kg];Poids max. [kg];Peso mass. [kg];Max. Gewicht [kg];Maks. Ağırlık [kg];Maks. Waga [kg];Peso máx. [kg];Макс. Вес [кг];最大重量 最大重量 [kg];Максимально. Вага [кг];Max. Súly [kg];Max. Βάρος [kg]
Auslitern;Gauging out;Évacuer l'air;Misurazione;stromingssnelheid;Ölçme;Pomiar;Calibración;Измерение;测量;Вимірювання;Mérés;Μέτρηση
auslitern;Gauging out;Évacuer l'air;Misurazione;stromingssnelheid;Ölçme;Pomiar;Calibración;Измерение;测量;Вимірювання;Mérés;Μέτρηση
Schrittweite [kg];Step size [kg];Incrément [kg];Incremento [kg];Stijging [kg];Artış [kg];Przyrost [kg];Incremento [kg];Инкремент [кг];增量 [ 千克］;Приріст [кг];Inkrementum [kg];Αύξηση [kg]
Hier geben Sie den maximalen Liniensollwert ein. Um die Begrenzung zu deaktivieren, geben Sie die 0 ein;Enter the maximum line setpoint here. To deactivate the limit, enter 0;Vous saisissez ici la valeur de consigne maximale de la ligne. Pour désactiver la limitation, saisissez 0.;Inserire qui il setpoint di linea massimo. Per disattivare il limite, immettere 0;Voer hier het maximale lijnsetpoint in. Voer 0 in om de limiet uit te schakelen.;Maksimum hat ayar noktasını buraya girin. Limiti devre dışı bırakmak için 0 girin;Wprowadź tutaj maksymalną wartość zadaną linii. Aby wyłączyć limit, wprowadź 0;Introduzca aquí el valor máximo de consigna de línea. Para desactivar el límite, introduzca 0;Введите здесь максимальную уставку линии. Чтобы отключить ограничение, введите 0;在此输入最大线路设定点。要停用限值，请输入 0;Тут введіть максимальну уставку лінії. Щоб вимкнути обмеження, введіть 0;Itt adja meg a maximális vonalbeállítási értéket. A határérték kikapcsolásához írja be a 0;Εισάγετε εδώ το μέγιστο σημείο ρύθμισης της γραμμής. Για να απενεργοποιήσετε το όριο, πληκτρολογήστε 0
Hier geben Sie den minimalen Liniensollwert ein, der beim Erreichen des Maximalgewichts eingestellt wird. Eine 0 bedeutet, dass die Dosierungen abgeschaltet werden;Here you enter the minimum line setpoint that is set when the maximum weight is reached. A 0 means that the dosing is switched off;Vous entrez ici la valeur de consigne minimale de la ligne, qui est réglée lorsque le poids maximal est atteint. Un 0 signifie que les dosages sont désactivés.;Qui si inserisce il setpoint di linea minimo che viene impostato al raggiungimento del peso massimo. Uno 0 significa che il dosaggio è disattivato.;Hier voer je het minimum lijnsetpoint in dat wordt ingesteld als het maximum gewicht is bereikt. Een 0 betekent dat de dosering is uitgeschakeld.;Burada, maksimum ağırlığa ulaşıldığında ayarlanan minimum hat ayar noktasını girersiniz. 0, dozajlamanın kapalı olduğu anlamına gelir;Tutaj wprowadza się minimalną wartość zadaną linii, która jest ustawiana po osiągnięciu maksymalnej wagi. Wartość 0 oznacza, że dozowanie jest wyłączone;Aquí se introduce la consigna de línea mínima que se establece cuando se alcanza el peso máximo. Un 0 significa que la dosificación está desactivada;Здесь вы вводите минимальную уставку линии, которая устанавливается при достижении максимального веса. Значение 0 означает, что дозирование отключено;在此输入达到最大重量时设定的最小生产线设定点。0 表示配料关闭。;Тут ви вводите мінімальне задане значення лінії, яке встановлюється при досягненні максимальної ваги. A 0 означає, що дозування вимкнено;Itt adja meg a minimális vonalbeállítási pontot, amely a maximális súly elérésekor kerül beállításra. A 0 azt jelenti, hogy az adagolás ki van kapcsolva.;Εδώ εισάγετε το ελάχιστο σημείο ρύθμισης της γραμμής που τίθεται όταν επιτευχθεί το μέγιστο βάρος. Το 0 σημαίνει ότι η δοσομέτρηση είναι απενεργοποιημένη.
Unzulässige Eingabe! Hysterese zu groß;Illegal input! Hysteresis too large;Entrée non autorisée ! Hystérésis trop importante;Ingresso illegale! Isteresi troppo grande;Ongeldige invoer! Vertraging te groot.;Geçersiz giriş! Histerezis çok büyük;Nielegalne wejście! Histereza zbyt duża;Entrada ilegal Histéresis demasiado grande;Неправильный вход! Слишком большой гистерезис;非法输入！滞后太大;Несанкціонований ввід! Занадто великий гістерезис;Illegális bemenet! Túl nagy hiszterézis;Παράνομη είσοδος! Πολύ μεγάλη υστέρηση
Unzulässige Eingabe ! Der Min-Wert ist größer als der Max-Wert;Illegal input! The min value is greater than the max value;Saisie non autorisée ! La valeur min. est supérieure à la valeur max.;Inserimento illegale! Il valore minimo è maggiore del valore massimo;Ongeldige invoer ! De min waarde is groter dan de max waarde;Geçersiz giriş! Minimum değer maksimum değerden büyük;Niedozwolony wpis! Wartość minimalna jest większa niż wartość maksymalna;¡Entrada ilegal ! El valor mínimo es mayor que el valor máximo;Неправильная запись! Минимальное значение больше максимального;非法输入 ！最小值大于最大值;Нелегальний вхід! Мінімальне значення більше максимального;Illegális belépés ! A min érték nagyobb, mint a max érték;Παράνομη είσοδος ! Η ελάχιστη τιμή είναι μεγαλύτερη από τη μέγιστη τιμή
Mit dem Stellbefehl stellen Sie die Geschwindigkeit ein, mit der ausgelitert werden soll;Use the drive command to set the speed at which gauging out is to take place;Utilisez la commande drive pour définir la vitesse à laquelle le calibrage doit être effectué.;Utilizzare il comando di azionamento per impostare la velocità di uscita della sagoma.;Gebruik het aandrijfcommando om de snelheid in te stellen waarmee het uitmeten moet plaatsvinden.;Ölçme işleminin gerçekleşeceği hızı ayarlamak için drive komutunu kullanın;Polecenie drive służy do ustawiania prędkości, z jaką ma być wykonywany pomiar.;Utilice el comando de accionamiento para ajustar la velocidad a la que debe efectuarse el aforo.;С помощью команды «Привод» задайте скорость, на которой будет производиться отмеривание;使用驱动命令设置测量速度;Використовуйте команду drive, щоб встановити швидкість, на якій має відбуватися вимірювання;A meghajtás parancs segítségével állítsa be azt a sebességet, amellyel a kimérésnek történnie kell.;Χρησιμοποιήστε την εντολή drive για να ρυθμίσετε την ταχύτητα με την οποία θα γίνει η εκμέτρηση
Die Messzeit legt fest, wie lange die Ausliterung erfolgen soll;The measuring time determines how long the gauging should take place;Le temps de mesure détermine la durée de la purge.;Il tempo di misura determina la durata della misurazione.;De meettijd bepaalt hoe lang het meten moet duren;Ölçüm süresi, ölçümün ne kadar süreyle yapılması gerektiğini belirler;Czas pomiaru określa, jak długo powinien trwać pomiar;El tiempo de medición determina el tiempo que debe durar el aforo;Время измерения определяет, сколько времени должно длиться измерение;测量时间决定测量时间的长短;Час вимірювання визначає, як довго має тривати вимірювання;A mérési idő határozza meg, hogy a mérésnek mennyi ideig kell tartania.;Ο χρόνος μέτρησης καθορίζει τη διάρκεια της μέτρησης.
Auslitern starten;Start gauging;Démarrer la purge;Iniziare a misurare;Begin met meten;Ölçmeye başlayın;Rozpocznij pomiar;Empezar a calibrar;Начните измерение;开始测量;Почніть вимірювання;Kezdje a mérést;Ξεκινήστε τη μέτρηση
Nach der Ausliterung wird hier der Gewichtswert eingegeben;After gauging, enter the weight value here;Après la purification, la valeur pondérale est saisie ici;Dopo la misurazione, il valore del peso viene inserito qui;Na het afmeten wordt hier de gewichtswaarde ingevoerd;Ölçme işleminden sonra ağırlık değeri buraya girilir;Po dokonaniu pomiaru wartość masy jest wprowadzana tutaj;Tras el aforo, se introduce aquí el valor del peso;После взвешивания значение веса вводится здесь;测量后，在此处输入重量值;Після вимірювання значення ваги вводиться тут;A mérés után a súlyértéket itt kell beírni.;Μετά τη μέτρηση, η τιμή του βάρους εισάγεται εδώ
Die Stellbefehlkorrektur legt fest, um welchen Faktor der Stellbefehl skaliert werden soll.\nDer Skalierungsfaktor 1 hat keine Auswirkung. Bei einem Wert 0 ist die Korrektur deaktiviert.\nEin deutlich höherer Wert bedeutet, dass die Dosierperformanz nicht korrekt ist. In diesem Fall sollte  nochmal die Ausliterung gestartet werden;The drive command correction defines the factor by which the drive command is to be scaled.\nThe scaling factor 1 has no effect. If the value is 0, the correction is deactivated.\nA significantly higher value means that the dosing performance is not correct.\nIn this case, the gauging should be started again;La correction de la commande d'entraînement définit le facteur par lequel la commande d'entraînement doit être mise à l'échelle.\nLe facteur d'échelle 1 n'a aucun effet. Si la valeur est 0, la correction est désactivée.\nUne valeur nettement plus élevée signifie que le dosage n'est pas correct. Dans ce cas, il convient de recommencer le calibrage;La correzione del comando di azionamento definisce il fattore di scala del comando di azionamento.\nIl fattore di scala 1 non ha alcun effetto. Se il valore è 0, la correzione è disattivata.\nUn valore significativamente più alto significa che le prestazioni di dosaggio non sono corrette. In questo caso, è necessario riavviare il dosaggio.;De aandrijfopdrachtcorrectie definieert de factor waarmee de aandrijfopdracht moet worden geschaald.\nDe schaleringsfactor 1 heeft geen effect. Als de waarde 0 is, is de correctie uitgeschakeld.\nEen aanzienlijk hogere waarde betekent dat de doseerprestatie niet correct is. In dit geval moet de meting opnieuw gestart worden.;Sürücü komutu düzeltmesi, sürücü komutunun ölçeklendirileceği faktörü tanımlar.\nÖlçekleme faktörü 1'in hiçbir etkisi yoktur. Değer 0 ise, düzeltme devre dışı bırakılır.\nÖnemli ölçüde yüksek bir değer, dozajlama performansının doğru olmadığı anlamına gelir. Bu durumda, ölçüm yeniden başlatılmalıdır;Korekta polecenia napędu definiuje współczynnik, o który polecenie napędu ma być skalowane.\nWspółczynnik skalowania 1 nie ma żadnego wpływu. Jeśli wartość wynosi 0, korekta jest nieaktywna.\nZnacznie wyższa wartość oznacza, że wydajność dozowania nie jest prawidłowa. W takim przypadku pomiar należy rozpocząć ponownie;La corrección de la orden de marcha define el factor por el que se debe escalar la orden de marcha.\nEl factor de escala 1 no tiene ningún efecto. Si el valor es 0, la corrección está desactivada.\nUn valor considerablemente alto significa que el rendimiento de la dosificación no es correcto. En este caso, el aforo debe iniciarse de nuevo;Коррекция команды привода задает коэффициент масштабирования команды привода. Коэффициент масштабирования 1 не влияет.\nЕсли значение равно 0, коррекция отключена. Значительно большее значение означает, что производительность дозирования неправильная.\nВ этом случае дозирование следует начать заново.;驱动指令校正定义了驱动指令的缩放因子。缩放系数 1 没有影响。如果值为 0，则校正被禁用。如果数值明显偏高，则表示配料性能不正确。在这种情况下，应重新开始测量;Поправка команди приводу визначає коефіцієнт, на який слід масштабувати команду приводу. Коефіцієнт масштабування 1 не впливає.\nЯкщо значення дорівнює 0, корекцію вимкнено. Значно більше значення означає, що продуктивність дозування не є правильною.\nУ цьому випадку вимірювання слід розпочати заново;A hajtásparancs-korrekció azt a tényezőt határozza meg, amellyel a hajtásparancsot méretezni kell.\nAz 1-es skálázási tényezőnek nincs hatása. Ha az érték 0, a korrekció ki van kapcsolva.\nEgy jelentősen magasabb érték azt jelenti, hogy az adagolási teljesítmény nem megfelelő. Ebben az esetben a mérést újra kell indítani.;Η διόρθωση της εντολής κίνησης ορίζει τον συντελεστή με τον οποίο πρέπει να κλιμακώνεται η εντολή κίνησης.\nΟ συντελεστής κλιμάκωσης 1 δεν έχει καμία επίδραση. Εάν η τιμή είναι 0, η διόρθωση απενεργοποιείται. Μια σημαντικά υψηλότερη τιμή σημαίνει ότι η απόδοση δοσομέτρησης δεν είναι σωστή.\nΣε αυτή την περίπτωση, η μέτρηση πρέπει να ξεκινήσει εκ νέου
Die Hysterese verzögert den Umschaltvorgang bzw. das Verlassen des Min- bzw. Maxzustands um x kg;The hysteresis delays the switchover process or leaving the minimum or maximum state by x kg;L'hystérésis retarde de x kg le processus de commutation ou la sortie de l'état min. ou max.;L'isteresi ritarda di x kg il processo di commutazione o l'uscita dallo stato minimo o massimo.;De vertragingsfactor vertraagt het omschakelproces of het verlaten van de minimum- of maximumtoestand met x kg;Histerezis, geçiş sürecini veya minimum veya maksimum durumdan ayrılmayı x kg kadar geciktirir;Histereza opóźnia proces przełączania lub opuszczania stanu minimalnego lub maksymalnego o x kg.;La histéresis retrasa x kg el proceso de conmutación o salida del estado mínimo o máximo.;Гистерезис задерживает процесс переключения или выхода из минимального или максимального состояния на x кг.;滞后会将切换过程或离开最小或最大状态的时间延迟 x kg。;Гістерезис затримує процес перемикання або виходу з мінімального або максимального стану на x кг;A hiszterézis x kg-mal késlelteti az átkapcsolási folyamatot vagy a minimális vagy maximális állapot elhagyását.;Η υστέρηση καθυστερεί τη διαδικασία εναλλαγής ή την έξοδο από την ελάχιστη ή τη μέγιστη κατάσταση κατά x kg
Sollwertzunahme nach Zeitüberschreitung [%];Setpoint increase after timeout [%];Augmentation de la valeur de consigne après dépassement de la durée [%].;Aumento del setpoint dopo il timeout [%];Setpointverhoging na timeout [%];Zaman aşımından sonra ayar noktası artışı [%];Wzrost wartości zadanej po upływie limitu czasu [%];Aumento de la consigna tras el tiempo de espera [%];Увеличение уставки после тайм-аута [%];超时后设定点升高 [%];Збільшення уставки після тайм-ауту [%];A beállítási érték növelése az időkorlát után [%];Αύξηση του σημείου ρύθμισης μετά το χρονικό όριο [%]
Sollwertabnahme nach Zeitüberschreitung [%];Setpoint decrease after timeout [%];Diminution de la valeur de consigne après dépassement du temps[%];Diminuzione del setpoint dopo il timeout [%];Setpointverlaging na timeout [%];Zaman aşımından sonra ayar noktası düşüşü [%];Spadek wartości zadanej po upływie limitu czasu [%];Disminución de la consigna tras el tiempo de espera [%];Снижение уставки после тайм-аута [%];超时后设定点下降 [%];Зменшення уставки після тайм-ауту [%];A beállítási pont csökkenése az időkorlát után [%];Μείωση του σημείου ρύθμισης μετά το χρονικό όριο [%]
Hier geben Sie den neuen Liniensollwert ein;Enter the new line setpoint here;Vous saisissez ici la nouvelle valeur de consigne de la ligne;Inserire qui il nuovo setpoint di linea;Voer hier het nieuwe lijnsetpoint in;Yeni hat ayar noktasını buraya girin;Wprowadź tutaj nową wartość zadaną linii;Introduzca aquí la nueva consigna de línea;Введите здесь новую уставку линии;在此处输入新的生产线设定点;Введіть нове задане значення лінії тут;Itt adja meg az új vonalbeállítási értéket;Εισάγετε εδώ το νέο σημείο ρύθμισης γραμμής
Die Stellbefehlkorrektur wurde wieder deaktiviert;The drive command correction has been deactivated again;La correction de la commande d'entraînement a été à nouveau désactivée;La correzione del comando di azionamento è stata nuovamente disattivata;De correctie van het commando is weer gedeactiveerd;Tahrik komutu düzeltmesi tekrar devre dışı bırakıldı;Korekta poleceń napędu została ponownie wyłączona;La corrección de la orden de marcha se ha desactivado de nuevo;Коррекция команд привода снова деактивирована;驱动指令校正再次停用;Корекцію команд приводу знову вимкнено;A hajtásparancs-korrekciót ismét kikapcsolták;Η διόρθωση της εντολής κίνησης έχει απενεργοποιηθεί ξανά
Min. Liniensollwert [kg/h];Min. line setpoint [kg/h];Consigne de ligne min. [kg/h];Setpoint di linea minimo [kg/h];Min. lijnsetpoint [kg/h];Min. hat ayar noktası [kg/h];Min. nastawa linii [kg/h];Consigna mín. de línea [kg/h];Мин. уставка линии [кг/ч];最小生产线设定值[公斤/小时］;Мінімальна уставка лінії [кг/год];Minimális vonalbeállítási érték [kg/h];Ελάχιστο σημείο ρύθμισης γραμμής [kg/h]
Max. Liniensollwert [kg/h];Max. Line setpoint [kg/h];Max. Consigne de ligne [kg/h];Max. Setpoint di linea [kg/h];Max. Lijn instelpunt [kg/h];Maks. Hat ayar noktası [kg/h];Maks. Nastawa linii [kg/h];Máx. Consigna de línea [kg/h];Макс. Уставка линии [кг/ч];最大值 生产线设定值 [kg/h］;Максимум. Уставка лінії [кг/год];Max. Vezetékbeállítás [kg/h];Max. Σημείο ρύθμισης γραμμής [kg/h]
Dieser Alarm wird angezeigt, wenn das definierte Maxgewicht erreicht wurde;This alarm is displayed when the defined maximum weight has been reached;Cette alarme s'affiche lorsque le poids maximal défini a été atteint.;Questo allarme viene visualizzato quando viene raggiunto il peso massimo definito.;Dit alarm wordt weergegeven wanneer het gedefinieerde maximumgewicht is bereikt.;Tanımlanan maksimum ağırlığa ulaşıldığında bu alarm görüntülenir;Ten alarm jest wyświetlany po osiągnięciu zdefiniowanej wagi maksymalnej;Esta alarma aparece cuando se alcanza el peso máximo definido;Этот сигнал отображается при достижении заданного максимального веса;达到规定的最大重量时，将显示此警报;Цей сигнал тривоги відображається, коли досягнуто визначеної максимальної ваги;Ez a riasztás akkor jelenik meg, ha a meghatározott maximális súlyt elérték.;Αυτός ο συναγερμός εμφανίζεται όταν έχει επιτευχθεί το καθορισμένο μέγιστο βάρος.
Dieser Alarm wird angezeigt, wenn das definierte Mingewicht erreicht wurde;This alarm is displayed when the defined minimum weight has been reached;Cette alarme s'affiche lorsque le poids minimum défini est atteint.;Questo allarme viene visualizzato quando viene raggiunto il peso minimo definito.;Dit alarm wordt weergegeven wanneer het gedefinieerde minimumgewicht is bereikt.;Tanımlanan minimum ağırlığa ulaşıldığında bu alarm görüntülenir;Ten alarm jest wyświetlany po osiągnięciu zdefiniowanej wagi minimalnej;Esta alarma aparece cuando se alcanza el peso mínimo definido;Этот сигнал отображается при достижении определенного минимального веса;达到规定的最小重量时，将显示该警报;Цей сигнал тривоги відображається, коли досягнуто визначеної мінімальної ваги;Ez a riasztás akkor jelenik meg, ha a meghatározott minimális súlyt elérték.;Αυτός ο συναγερμός εμφανίζεται όταν έχει επιτευχθεί το καθορισμένο ελάχιστο βάρος.
Das Max. Gewicht definiert die obere Gewichtsgrenze. Beim Erreichen dieser Schwelle wird auf den minimalen Liniensollwert umgeschaltet;The maximum weight defines the upper weight limit. When this threshold is reached, the system switches to the minimum line setpoint;Le poids maximum définit la limite supérieure du poids. Lorsque ce seuil est atteint, le système passe au point de consigne de la ligne minimale.;Il peso massimo definisce il limite superiore di peso. Quando questa soglia viene raggiunta, il sistema passa al setpoint di linea minimo.;Het maximumgewicht definieert de bovengrens van het gewicht. Als deze drempel wordt bereikt, schakelt het systeem over op het minimum lijnsetpoint;Maksimum ağırlık, üst ağırlık sınırını tanımlar. Bu eşiğe ulaşıldığında, sistem minimum hat ayar noktasına geçer;Wartość Max. Weight określa górny limit wagi. Po osiągnięciu tego progu system przełącza się na minimalną wartość zadaną linii;El peso máximo define el límite superior de peso. Cuando se alcanza este umbral, el sistema pasa a la consigna de línea mínima;Максимальный вес определяет верхний предел веса. При достижении этого порога система переключается на минимальную уставку линии;最大重量定义了重量上限。当达到该阈值时，系统会切换到最小生产线设定点;Максимальна вага визначає верхню межу ваги. Коли цей поріг досягається, система перемикається на мінімальне задане значення лінії;A maximális súly határozza meg a felső súlyhatárt. Ha ezt a küszöbértéket elérik, a rendszer átvált a minimális vonalbeállítási pontra.;Το μέγιστο βάρος καθορίζει το ανώτερο όριο βάρους. Όταν επιτευχθεί αυτό το όριο, το σύστημα μεταβαίνει στο ελάχιστο σημείο ρύθμισης γραμμής
Nachfüllgrenzen;Refill limits;Limites de remplissage;Limiti di ricarica;Bijvullimieten;Yeniden doldurma limitleri;Limity uzupełniania;Límites de recarga;Ограничения на пополнение;续杯限制;Ліміти на поповнення;Újratöltési korlátok;Όρια αναπλήρωσης
Stellbefehlkorrektur;Drive command correction;Correction de la commande d'entraînement;Correzione del comando di azionamento;Correctie van Commando;Sürücü komutu düzeltmesi;Korekta polecenia napędu;Corrección de la orden de accionamiento;Коррекция команд привода;驱动指令校正;Корекція команди приводу;Hajtásparancs korrekció;Διόρθωση εντολής κίνησης
Bitte Probengewicht eingeben;Please enter sample weight;Veuillez saisir le poids de l'échantillon;Inserire il peso del campione;Voer gewicht monster in;Lütfen numune ağırlığını girin;Wprowadź wagę próbki;Introduzca el peso de la muestra;Пожалуйста, введите вес образца;请输入样品重量;Будь ласка, введіть вагу зразка;Kérjük, adja meg a minta súlyát;Παρακαλώ εισάγετε το βάρος του δείγματος
Auslitern beenden;Stop gauging;Terminer l'évacuation de l'air;Calibro finale;Eindmeten;Uç ölçümü;Pomiar końcowy;Calibrado final;Измерение торцов;端部测量;Кінцеве вимірювання;Végmérés;Μέτρηση άκρων
Hysterese [kg];Hysteresis [kg];Hystérésis [kg];Isteresi [kg];Vertraging [kg];Histerezis [kg];Histereza [kg];Histéresis [kg];Гистерезис [кг];磁滞 [kg];Гістерезис [кг];Hiszterézis [kg];Υστέρηση [kg]
Ext. Sollwert aktivieren;Activate external setpoint;Activer la valeur de consigne externe;Attivare il setpoint esterno;Externe setpoint activeren;Harici ayar noktasını etkinleştir;Aktywacja dodatkowej wartości zadanej;Activar consigna externa;Активация внешней уставки;激活外部设定点;Активувати зовнішнє задане значення;Külső beállítási pont aktiválása;Ενεργοποίηση εξωτερικού σημείου ρύθμισης
Externe Wägezelle;External load cell;Cellule de pesée externe;Cella di carico esterna;Externe meetcel;Harici yük hücresi;Zewnętrzny czujnik obciążenia;Célula de carga externa;Внешний датчик нагрузки;外部称重传感器;Зовнішній датчик навантаження;Külső terhelésmérő cella;Εξωτερική κυψέλη φορτίου
Istwertkorrektur [0..100%];Actual value correction [0..100%];Correction de la valeur réelle [0..100%];Correzione valore reale [0...100%];Correctie werkelijke waarde [0..100%];Gerçek değer düzeltmesi [0..100%];Korekta wartości rzeczywistej [0..100%];Corrección del valor real [0..100%];Коррекция фактического значения [0..100%];实际值修正 [0...100%];Корекція фактичного значення [0..100%].;Tényérték korrekció [0..100%];Διόρθωση πραγματικής τιμής [0..100%]
Zeitüberschreitung Max. Gewicht [s];Timeout max. weight [s];Dépassement de la durée poids max [s];Timeout Peso max. [s];Time-out Max. Gewicht [s];Zaman Aşımı Maks. Ağırlık [s];Limit czasu maks. waga [s];Tiempo de espera peso máx. [s];Таймаут Макс. Вес [с];最大超时 重量 [s];Максимальний тайм-аут. Вага [с];Timeout Max. Súly [s];Timeout Max. Βάρος [s]
Zeitüberschreitung Min. Gewicht [s];Timeout min. weight [s];Dépassement du temps Poids min [s];Timeout peso min. [s];Time-out min. gewicht [s];Zaman aşımı min. ağırlık [s];Limit czasu min. waga [s];Tiempo de espera peso mín. [s];Тайм-аут мин. вес [с];超时最小重量 [s];Тайм-аут мін. вага [с];Timeout min. súly [s];Χρονικό όριο ελάχιστο βάρος [s]
Stellbefehlkorrektur [0..5];Drive command correction [0..5];Correction de la commande d'entraînement [0..5];Correzione del comando di azionamento [0..5];Correctie aandrijfopdracht [0..5];Sürücü komutu düzeltmesi [0..5];Korekta polecenia napędu [0..5];Corrección de la orden de accionamiento [0..5];Коррекция команды привода [0..5];驱动指令修正 [0..5］;Корекція команди приводу [0..5] [0..5].;Hajtásparancs korrekció [0..5];Διόρθωση εντολής κίνησης [0..5]
Ext. Sollwert;External setpoint;Valeur de consigne externe;Setpoint esterno;Extern instelpunt;Harici ayar noktası;Zewnętrzna nastawa;Consigna externa;Внешняя уставка;外部设定点;Зовнішнє задане значення;Külső beállítási pont;Εξωτερικό σημείο ρύθμισης
Einlauftrichter - Messwaage;Inlet hopper - Load cell;Trémie d'entrée - cellule de pesée;Tramoggia di alimentazione - Cella di carico;Toevoertrechter - Load cell;Besleme hunisi - Yük hücresi;Lej zasypowy - Ogniwo obciążnikowe;Tolva de alimentación - Célula de carga;Загрузочная воронка - Тензодатчик;进料斗 - 称重传感器;Завантажувальний бункер - Тензодатчик;Adagoló tartály - Terhelésmérő cella;χοάνη τροφοδοσίας - κυψέλη φορτίου
Einlauftrichter - Begrenzungsschalter;Inlet hopper - Limit switch;trémie d'entrée - interrupteur de limitation;Tramoggia di ingresso - Interruttore di fine corsa;Toevoertrechter - Eindschakelaar;Giriş haznesi - Limit anahtarı;Lej wlotowy - Wyłącznik krańcowy;Tolva de entrada - Final de carrera;Впускной бункер - Концевой выключатель;进料斗 - 限位开关;Впускний бункер - Кінцевий вимикач;Beömlő tartály - Végálláskapcsoló;Χοάνη εισόδου - Διακόπτης ορίου
Wenn Sie den Dosierer auf lokal umstellen, dann wird das aktuelle Rezept möglicherweise ungültig, da die Summe der Prozentwerte nicht mehr 100 Prozent erreicht. Trotzdem fortfahren?;If you switch the dosing unit to local, the current recipe may become invalid as the sum of the percentage values no longer reaches 100 per cent. Continue anyway?;Si vous passez le doseur en mode local, il se peut que la recette actuelle ne soit plus valable, car la somme des pourcentages n'atteint plus 100 %. Continuer quand même ?;Se si cambia l'unità di dosaggio in locale, la ricetta attuale potrebbe non essere più valida, poiché la somma dei valori percentuali non raggiunge più il 100%. Continuare comunque?;Als je de doseereenheid omschakelt naar lokaal, kan het huidige recept ongeldig worden omdat de som van de percentagewaarden niet langer 100% bereikt. Toch doorgaan?;Dozajlama ünitesini yerel olarak değiştirirseniz, yüzde değerlerinin toplamı artık yüzde 100'e ulaşmadığından mevcut tarif geçersiz hale gelebilir. Yine de devam edelim mi?;Po przełączeniu jednostki dozującej na lokalną, bieżąca receptura może stać się nieważna, ponieważ suma wartości procentowych nie osiągnie 100 procent. Kontynuować?;Si cambia la unidad de dosificación a local, la receta actual puede quedar invalidada, ya que la suma de los valores porcentuales ya no alcanza el 100%. ¿Continuar de todos modos?;Если вы переключите дозатор на местный, текущий рецепт может стать недействительным, так как сумма процентных значений больше не будет равна 100 процентам. Все равно продолжать?;如果将配料单位切换为本地，当前配方可能会失效，因为百分比值的总和不再达到 100%。继续吗？;Якщо ви перемкнете дозатор на локальний, поточний рецепт може стати недійсним, оскільки сума відсоткових значень більше не досягає 100 відсотків. Все одно продовжувати?;Ha az adagolási egységet helyi egységre váltja, az aktuális recept érvénytelenné válhat, mivel a százalékos értékek összege már nem éri el a 100 százalékot. Akkor is folytassa?;Εάν αλλάξετε τη μονάδα δοσολογίας σε τοπική, η τρέχουσα συνταγή ενδέχεται να καταστεί άκυρη, καθώς το άθροισμα των ποσοστιαίων τιμών δεν φτάνει πλέον το 100 τοις εκατό. Συνεχίζετε ούτως ή άλλως
Das Min. Gewicht definiert die untere Gewichtsgrenze;The min. weight defines the lower weight limit;Le poids min. définit la limite inférieure du poids;Il peso minimo definisce il limite di peso inferiore;Het min. gewicht bepaalt de ondergrens van het gewicht;Min. ağırlık, alt ağırlık sınırını tanımlar;Minimalna waga określa dolny limit wagi;El peso mínimo define el límite inferior de peso;Минимальный вес определяет нижний предел веса;最小重量定义了重量下限;Мінімальна вага визначає нижню межу ваги;A min. súly határozza meg az alsó súlyhatárt.;Το ελάχιστο βάρος καθορίζει το κατώτατο όριο βάρους.
Blitzlampe deaktivieren\nBlitzlampe deaktivieren;Deactivate flash lamp\nDisable flash lamp;Désactiver la lampe à éclats\nDésactiver la lampe à éclats;Disattivare la lampada del flash\nDisattivare la lampada del flash;Flitslicht deactiveren\nFlitslicht deactiveren;Flaş lambasını devre dışı bırak\nFlaş lambasını devre dışı bırak;Wyłącz lampę błyskową\nWyłącz lampę błyskową;Desactivar lámpara de flash\nDesactivar lámpara de flash;Отключение лампы вспышки\nОтключение лампы вспышки;停用闪光灯（disactate flash lamp;Вимкнути лампу спалаху\nВимкнути лампу спалаху;Villanólámpa kikapcsolása\nVillanólámpa kikapcsolása;Απενεργοποίηση της λάμπας φλας\nΑπενεργοποίηση της λάμπας φλας
Steigerung;Increase;Augmentation;Aumento;Verhogen;Artış;Wzrost;Aumentar;Увеличить;增加;Збільшення;Növelje a  címet.;Αύξηση
Drosselung;Throttling;Étranglement;Strozzatura;Smoren;Kısma;Dławienie;Estrangulamiento;Дросселирование;节流;Дроселювання;Throttling;Στραγγαλισμός
Entprellzeit Max-Sensor [s];Debounce time max sensor [s];Temps de rebondissement capteur max [s];Tempo di rimbalzo sensore max [s];Ontstuiter tijd max sensor [s];Debounce süresi maksimum sensör [s];Czas debounce max czujnika [s];Tiempo de rebote máx sensor [s];Время задержки максимального датчика [с];传感器最大消抖时间 [s];Максимальний час відскоку датчика [с];A debounce idő max érzékelő [s];Χρόνος αναπήδησης μέγιστου αισθητήρα [s]
Entprellzeit Min-Sensor [s];Debounce time min sensor [s];Temps de rebondissement capteur mini [s];Tempo di rimbalzo sensore min [s];Ontstuiter tijd min sensor [s];Debounce süresi min sensör [s];Czas odliczania min. czujnika [s];Tiempo de rebote sensor min [s];Время отключения датчика min [с];最小传感器消抖时间 [s];Час відскоку min датчик [с];Elakadásgátlási idő min érzékelő [s];Χρόνος αναπήδησης ελάχιστου αισθητήρα [s]
Einlauftrichter leer [s];Inlet hopper empty [s];Trémie d'entrée vide [s];Tramoggia in ingresso vuota [s];Inlaat trechter leeg [s];Giriş haznesi boş [s];Zbiornik wlotowy pusty [s];Tolva de entrada vacía [s];Входной бункер пуст [с];进料斗清空 [s];Порожній вхідний бункер [с];Beömlő tartály üres [s];Χοάνη εισόδου κενή [s]
Einlauftrichter Überlauf [s];Inlet hopper overflow [s];Débordement de la trémie d'entrée [s];Tracimazione tramoggia in ingresso [s];Inlaat trechter overloop [s];Giriş haznesi taşması [s];Przepełnienie zbiornika wlotowego [s];Desbordamiento de la tolva de entrada [s];Переполнение входного бункера [с];进料斗溢出[秒］;Переповнення вхідного бункера [с];Bemeneti tartály túlfolyása [s];Υπερχείλιση χοάνης εισόδου [s]
Totalisatorimpuls;Totalizer pulse;Impulsion du totalisateur;Impulso totalizzatore;Totalisator puls;Toplayıcı darbesi;Impuls sumatora;Pulso totalizador;Импульс суммирующего устройства;累加器脉冲;Імпульс суматора;Összegző impulzus;Παλμός αθροιστή
Impulsdauer [ms];Pulse duration [ms];Durée de l'impulsion [ms];Durata impulso [ms];Pulsduur [ms];Darbe süresi [ms];Czas trwania impulsu [ms];Duración del pulso [ms];Длительность импульса [mс];脉冲持续时间 [ms］;Тривалість імпульсу [ms];Impulzus időtartama [ms];Διάρκεια παλμού [ms]
Zeitintervall Sollwertzunahme [s];Time interval setpoint increase [s];Intervalle de temps augmentation de la valeur de consigne [s];Intervallo di tempo aumento setpoint [s];Tijdsinterval setpointverhoging [s];Zaman aralığı ayar noktası artışı [s];Przedział czasu zwiększania wartości zadanej [s];Intervalo de tiempo para aumentar la consigna [s];Интервал времени увеличения уставки [с];设定点增加的时间间隔 [s］;Збільшення уставки часового інтервалу [с];A beállított érték növelésének időintervalluma [s];Χρονικό διάστημα αύξησης σημείου ρύθμισης [s]
Zeitintervall Sollwertabnahme [s];Time interval setpoint decrease [s];Intervalle de temps diminution de la valeur de consigne [s];Intervallo di tempo diminuzione del setpoint [s];Tijdsinterval verlaging streefwaarde [s];Zaman aralığı ayar noktası düşüşü [s];Przedział czasowy zmniejszania wartości zadanej [s];Intervalo de tiempo de disminución de la consigna [s];Уменьшение уставки за временной интервал [с];设定点降低的时间间隔 [s］;Зменшення уставки за часовим інтервалом [с];A beállított érték csökkenésének időintervalluma [s];Χρονικό διάστημα μείωσης σημείου ρύθμισης [s]
Sollwertabnahme [kg/h];Setpoint decrease [kg/h];Diminution de la valeur de consigne [kg/h];Diminuzione del setpoint [kg/h];Verlaging streefwaarde [kg/h];Ayar noktası düşüşü [kg/h];Zmniejszenie wartości zadanej [kg/h];Disminución de la consigna [kg/h];Уменьшение уставки [кг/ч];设定点降低 [kg/h］;Зменшення уставки [кг/год];Beállítási pont csökkenése [kg/h];Μείωση σημείου ρύθμισης [kg/h]
Sollwertzunahme [kg/s];Setpoint increase [kg/s];Augmentation de la valeur de consigne [kg/s];Aumento del setpoint [kg/s];Streefwaarde toename [kg/s];Ayar noktası artışı [kg/s];Wzrost wartości zadanej [kg/s];Aumento consigna [kg/s];Увеличение уставки [кг/с];设定点增加 [kg/s］;Збільшення уставки [кг/с];Beállítási pont növelése [kg/s];Αύξηση σημείου ρύθμισης [kg/s]
Die Schrittweite definiert, bei welchem Totalisatorsprung ein neuer Impuls am Digitalausgang erzeugt wird;The increment defines the totalizer step at which a new pulse is generated at the digital output;L'incrément définit à quel saut de totalisateur une nouvelle impulsion est générée à la sortie numérique.;L'incremento definisce il passo del totalizzatore al quale viene generato un nuovo impulso sull'uscita digitale.;De toename definieert de totalisatorstap waarbij een nieuwe puls wordt gegenereerd op de digitale uitgang.;Artış, dijital çıkışta yeni bir darbenin üretildiği toplayıcı adımını tanımlar;Przyrost określa krok sumatora, przy którym generowany jest nowy impuls na wyjściu cyfrowym.;El incremento define el paso del totalizador en el que se genera un nuevo pulso en la salida digital;Приращение определяет шаг суммирования, при котором на цифровом выходе генерируется новый импульс;增量定义在数字输出端产生新脉冲的累加器步长。;Крок визначає крок суматора, з яким на цифровому виході генерується новий імпульс;Az inkrement határozza meg azt az összegző lépést, amelynél egy új impulzus generálódik a digitális kimeneten.;Η προσαύξηση ορίζει το βήμα του αθροιστή στο οποίο παράγεται νέος παλμός στην ψηφιακή έξοδο
Die Impulsdauer definiert, wie lange ein Impuls am Digitalausgang anstehen soll;The pulse duration defines how long a pulse should be present at the digital output;La durée d'impulsion définit la durée pendant laquelle une impulsion doit être présente à la sortie numérique.;La durata dell'impulso definisce la durata dell'impulso sull'uscita digitale.;De pulsduur bepaalt hoe lang er een puls moet zijn op de digitale uitgang.;Darbe süresi, dijital çıkışta bir darbenin ne kadar süreyle mevcut olması gerektiğini tanımlar;Czas trwania impulsu określa, jak długo impuls powinien być obecny na wyjściu cyfrowym.;La duración del impulso define el tiempo que un impulso debe estar presente en la salida digital.;Длительность импульса определяет, как долго импульс должен присутствовать на цифровом выходе;脉冲持续时间定义脉冲在数字输出端出现的时间长度;Тривалість імпульсу визначає, як довго імпульс повинен бути присутнім на цифровому виході;Az impulzus időtartama határozza meg, hogy mennyi ideig legyen impulzus a digitális kimeneten.;Η διάρκεια του παλμού ορίζει για πόσο χρονικό διάστημα θα πρέπει να υπάρχει ένας παλμός στην ψηφιακή έξοδο.
Überfütterter Einlauftrichter - Begrenzungsschalter;Overfed feed hopper - limit switch;Trémie d'entrée suralimentée - commutateur de limitation;Tramoggia di alimentazione sovralimentata - interruttore di limite;Overvoerde invoertrechter - eindschakelaar;Aşırı beslenen besleme hunisi - limit anahtarı;Przepełniony kosz zasypowy - wyłącznik krańcowy;Tolva de alimentación sobrealimentada - final de carrera;Переполненный бункер для корма - концевой выключатель;进料斗进料过多 - 限位开关;Переповнений завантажувальний бункер - кінцевий вимикач;Túltöltött adagolótároló - végálláskapcsoló;Χοάνη τροφοδοσίας με υπερπλήρωση - οριακός διακόπτης
Dieser Wert legt fest, um wieviel der Sollwert nach jedem Zeitintervall angehoben wird;This value defines by how much the set value is increased after each time interval;Cette valeur détermine de combien la valeur de consigne est augmentée après chaque intervalle de temps.;Questo valore definisce di quanto viene aumentato il setpoint dopo ogni intervallo di tempo;Deze waarde bepaalt met hoeveel het setpoint wordt verhoogd na elk tijdsinterval.;Bu değer, her zaman aralığından sonra ayar noktasının ne kadar artırılacağını tanımlar;Ta wartość określa, o ile wartość zadana jest zwiększana po każdym interwale czasowym.;Este valor define en cuánto se incrementa la consigna después de cada intervalo de tiempo;Это значение определяет, на сколько увеличивается уставка после каждого временного интервала;该值定义每个时间间隔后设定点的增加幅度;Ця величина визначає, на скільки збільшується задане значення після кожного часового інтервалу;Ez az érték határozza meg, hogy minden időintervallum után mennyivel emelkedjen a beállított érték.;Αυτή η τιμή ορίζει κατά πόσο αυξάνεται το σημείο ρύθμισης μετά από κάθε χρονικό διάστημα
Dieser Wert legt fest, um wieviel der Sollwert nach jedem Zeitintervall verringert wird;This value determines by how much the setpoint is reduced after each time interval;Cette valeur détermine de combien la valeur de consigne est diminuée après chaque intervalle de temps.;Questo valore determina di quanto viene ridotto il setpoint dopo ogni intervallo di tempo;Deze waarde bepaalt met hoeveel het setpoint na elk tijdsinterval wordt verlaagd;Bu değer, her zaman aralığından sonra ayar noktasının ne kadar azaltılacağını belirler;Ta wartość określa, o ile wartość zadana jest zmniejszana po każdym interwale czasowym.;Este valor determina en cuánto se reduce la consigna después de cada intervalo de tiempo;Это значение определяет, на сколько уменьшается уставка после каждого временного интервала;该值确定每个时间间隔后设定点降低的幅度;Це значення визначає, на скільки зменшується задане значення після кожного часового інтервалу;Ez az érték határozza meg, hogy minden időintervallum után mennyivel csökkenjen a beállított érték.;Αυτή η τιμή καθορίζει κατά πόσο μειώνεται το σημείο ρύθμισης μετά από κάθε χρονικό διάστημα
Dieser Wert legt das Zeitintervall fest, wann der Sollwert wieder zunimmt;This value defines the time interval when the setpoint value increases again;Cette valeur détermine l'intervalle de temps à partir duquel la valeur de consigne augmente à nouveau.;Questo valore definisce l'intervallo di tempo in cui il valore nominale aumenta di nuovo;Deze waarde bepaalt het tijdsinterval wanneer de gewenste waarde weer toeneemt;Bu değer, ayar noktası değerinin tekrar arttığı zaman aralığını tanımlar;Ta wartość określa przedział czasu, w którym wartość zadana ponownie wzrasta;Este valor define el intervalo de tiempo en el que el valor de consigna vuelve a aumentar;Это значение определяет интервал времени, когда значение уставки снова увеличивается;该值确定设定值再次增加的时间间隔;Це значення визначає інтервал часу, через який задане значення знову збільшується;Ez az érték határozza meg azt az időintervallumot, amikor a beállított érték ismét megemelkedik.;Αυτή η τιμή καθορίζει το χρονικό διάστημα κατά το οποίο η τιμή του σημείου ρύθμισης αυξάνεται και πάλι
Dieser Wert legt das Zeitintervall fest, wann der Sollwert wieder verringert wird;This value defines the time interval when the setpoint is reduced again;Cette valeur détermine l'intervalle de temps à partir duquel la valeur de consigne est à nouveau diminuée.;Questo valore definisce l'intervallo di tempo in cui il valore nominale viene nuovamente ridotto.;Deze waarde bepaalt het tijdsinterval wanneer de gewenste waarde weer wordt verlaagd;Bu değer, ayar noktasının tekrar azaltıldığı zaman aralığını tanımlar;Ta wartość określa przedział czasu, w którym wartość zadana jest ponownie zmniejszana;Este valor define el intervalo de tiempo cuando el valor de consigna se reduce de nuevo;Это значение определяет интервал времени, когда значение уставки снова уменьшается;该值确定设定值再次降低的时间间隔;Це значення визначає, через який проміжок часу задане значення знову зменшується;Ez az érték határozza meg azt az időintervallumot, amikor a beállított érték ismét csökken.;Η τιμή αυτή καθορίζει το χρονικό διάστημα κατά το οποίο η τιμή του σημείου ρύθμισης μειώνεται εκ νέου
Einlauftrichter leer;Inlet hopper empty;Trémie d'entrée vide;Tramoggia in ingresso vuota;Toevoer trechter leeg;Giriş haznesi boş;Zbiornik wlotowy pusty;Tolva de entrada vacía;Входной бункер пуст;进料斗清空;Впускний бункер порожній;A betöltő tartály üres;Χοάνη εισόδου κενή
Einlauftrichter Überlauf;Inlet hopper overflow;Débordement de la trémie d'entrée;Tracimazione della tramoggia in ingresso;Toevoer trechter overstroom;Giriş haznesi taşması;Przepełnienie zbiornika wlotowego;Desbordamiento de la tolva de entrada;Переполнение входного бункера;进料斗溢出;Впускний бункер переповнений;Bemeneti tartály túlcsordulás;Υπερχείλιση χοάνης εισόδου
Gesamttotalisator;Total totalizer;Totalisateur général;Totalizzatore totale;Totaal totalisator;Toplam toplayıcı;Sumator całkowity;Totalizador total;Тотализатор;总累加器;Сумарний лічильник;Teljes összegző;Συνολικός αθροιστής
Linientotalisator;Line totalizer;Totalisateur de ligne;Totalizzatore di linea;Lijn totalisator;Hat toplayıcı;Sumator liniowy;Totalizador de línea;Линейный сумматор;线路累加器;Лінійний суматор;Vonalösszegző;Αθροιστής γραμμής
Gesamtsollwert;Total setpoint;Consigne totale;Setpoint totale;Totaal instelpunt;Toplam ayar noktası;Łączna nastawa;Consigna total;Суммарная уставка;总设定点;Сумарна уставка;Teljes beállítási pont;Συνολικό σημείο ρύθμισης
TotalisatorImpuls;Totalizer pulses;Impulsions du totalisateur;Impulsi del totalizzatore;Pulsen totalisator;Toplayıcı darbeleri;Impulsy totalizatora;Pulsos del totalizador;Импульсы суммирующего устройства;累加器脉冲;Імпульси суматора;Összegző impulzusok;Παλμοί αθροιστή
Start Dosierer leer [s];Start dosing unit empty [s];Démarrage doseur vide [s];Avvio del dosatore vuoto [s];Start doseereenheid leeg [s];Dozajlama ünitesini boş başlat [s];Start dozownika pusty [s];Inicio dosificador vacío [s];Пуск дозатора вхолостую [с];开始配料装置清空 [s];Запуск порожнього дозатора [с];Adagolóegység indítása üres [s];Έναρξη δοσομετρικής μονάδας κενή [s]
Impulsdauer [s];Pulse duration [s];Durée de l'impulsion [s];Durata dell'impulso [s];Pulsduur [s];Darbe süresi [s];Czas trwania impulsu [s];Duración del impulso [s];Длительность импульса [с];脉冲持续时间 [s］;Тривалість імпульсу [с];Impulzus időtartama [s];Διάρκεια παλμού [s]
Gain in weight batcher - GWB;Gain in weight batcher - GWB;Gain dans le batteur de poids - GWB;Dosatore a guadagno di peso - GWB;Gewichtstoename batcher - GWB;Ağırlık taşıyıcıda kazanç - GWB;Dozownik z przyrostem masy - GWB;Dosificador de ganancia de peso - GWB;Дозатор для увеличения веса - GWB;增重配料机 - GWB;Дозатор набору ваги - GWB;Súlygyarapodás adagolóban - GWB;Αύξηση βάρους δοσομετρητή - GWB
Integral control port batcher - ICB;Integral control port batcher - ICB;Integral control port batcher - ICB;Dosatore con porta di controllo integrale - ICB;Integrale controlepoort batcher - ICB;İntegral kontrol portlu harmanlayıcı - ICB;Zintegrowany dozownik portu sterowania - ICB;Dosificador de puerto de control integral - ICB;Дозатор с интегрированным портом управления - ICB;积分控制口配料机 - ICB;Дозатор з інтегрованим портом керування - ICB;Integrált vezérlőport adagoló - ICB;Δοσομετρητής θύρας ολοκληρωμένου ελέγχου - ICB
Einlauftrichter - Sensoreinstellungen;Inlet hopper - sensor settings;Trémie d'entrée - Réglages du capteur;Tramoggia di alimentazione - Impostazioni del sensore;Voerbak - sensorinstellingen;Besleme hunisi - sensör ayarları;Lej zasypowy - ustawienia czujnika;Tolva de alimentación - ajustes del sensor;Загрузочный бункер - настройки датчика;进料斗 - 传感器设置;Бункер подачі - налаштування датчика;Adagoló tartály - érzékelő beállításai;Χοάνη τροφοδοσίας - ρυθμίσεις αισθητήρα
Dieser Alarm wird angezeigt, wenn sich über einen definierten Zeitraum kein Material mehr im Einlauftrichter befindet;This alarm is displayed if there is no more material in the feed hopper for a defined period of time;Cette alarme s'affiche lorsqu'il n'y a plus de matériau dans la trémie d'entrée pendant une période définie.;Questo allarme viene visualizzato se non c'è più materiale nella tramoggia di alimentazione per un periodo di tempo definito.;Dit alarm wordt weergegeven als er gedurende een bepaalde tijd geen materiaal meer in de voorraadtrechter zit.;Bu alarm, besleme hunisinde belirli bir süre boyunca daha fazla malzeme yoksa görüntülenir;Ten alarm jest wyświetlany, jeśli w zbiorniku nie ma już materiału przez określony czas.;Esta alarma se muestra si no hay más material en la tolva de alimentación durante un periodo de tiempo definido;Этот сигнал отображается, если в течение определенного периода времени в загрузочном бункере больше нет материала;如果在规定时间内进料斗中没有物料，则显示该警报;Сигнал тривоги з'являється, якщо протягом певного періоду часу в завантажувальному бункері більше немає матеріалу;Ez a riasztás akkor jelenik meg, ha egy meghatározott ideig nincs több anyag az adagoló tartályban.;Αυτός ο συναγερμός εμφανίζεται εάν δεν υπάρχει άλλο υλικό στη χοάνη τροφοδοσίας για ένα καθορισμένο χρονικό διάστημα
Dieser Alarm wird angezeigt, wenn über einen definierten Zeitraum der obere Begrenzungssensor aktiviert ist;This alarm is displayed if the upper limit sensor is activated for a defined period of time;Cette alarme s'affiche lorsque le capteur de limite supérieure est activé pendant une période définie.;Questo allarme viene visualizzato se il sensore del limite superiore viene attivato per un periodo di tempo definito.;Dit alarm wordt weergegeven als de sensor voor de bovenste limiet gedurende een bepaalde periode wordt geactiveerd.;Bu alarm, üst limit sensörü belirli bir süre boyunca etkinleştirilirse görüntülenir;Ten alarm jest wyświetlany, jeśli czujnik górnego limitu jest aktywny przez określony czas.;Esta alarma se muestra si el sensor de límite superior está activado durante un periodo de tiempo definido;Этот сигнал отображается, если датчик верхнего предела активирован в течение определенного периода времени;如果上限传感器在规定时间内被激活，则显示此警报;Сигнал тривоги з'являється, якщо датчик верхньої межі спрацьовує протягом певного періоду часу;Ez a riasztás akkor jelenik meg, ha a felső határérték-érzékelő egy meghatározott ideig aktiválódik.;Αυτός ο συναγερμός εμφανίζεται εάν ο αισθητήρας άνω ορίου είναι ενεργοποιημένος για ένα καθορισμένο χρονικό διάστημα.
Wägezelle Mingewicht;Min. weight load cell;Cellule de pesée Poids minimal;Cella di carico del peso minimo;Min. gewicht load cell;Min. ağırlık yük hücresi;Min. czujnik wagowy;Célula de carga de peso mín.;Датчик минимального веса;最小重量传感器;Тензодатчик мінімальної ваги;Minimális súly terhelésmérő cella;Ελάχιστο βάρος κυψέλης φορτίου
Wägezelle Mingewicht;Min. weight load cell;Cellule de pesée poids mini;Peso minimo cella di carico;Min. gewicht laadcel;Min. ağırlık yük hücresi;Min. waga czujnika wagowego;Célula de carga de peso mín.;Датчик минимального веса;最小重量称重传感器;Датчик мінімальної ваги;Minimális súly terhelésmérő cella;Ελάχιστο βάρος κυψέλης φορτίου
Drehzahl zu niedrig;Speed too low;Vitesse de rotation trop faible;Velocità troppo bassa;Te lage snelheid;Hız çok düşük;Zbyt niska prędkość;Velocidad demasiado baja;Слишком низкая скорость;速度过低;Занадто низька швидкість;Túl alacsony sebesség;Πολύ χαμηλή ταχύτητα
Dieser Alarm wird angezeigt, wenn die Drehzahl zu niedrig ist;This alarm is displayed if the speed is too low;Cette alarme s'affiche lorsque la vitesse est trop basse.;Questo allarme viene visualizzato se la velocità è troppo bassa.;Dit alarm wordt weergegeven als de snelheid te laag is.;Hız çok düşükse bu alarm görüntülenir;Ten alarm jest wyświetlany, jeśli prędkość jest zbyt niska.;Esta alarma se muestra si la velocidad es demasiado baja;Этот сигнал отображается, если скорость слишком низкая.;如果速度过低，则显示此警报;Цей сигнал тривоги відображається, якщо швидкість занадто низька;Ez a riasztás akkor jelenik meg, ha a sebesség túl alacsony.;Αυτός ο συναγερμός εμφανίζεται εάν η ταχύτητα είναι πολύ χαμηλή
Drehzahl zu hoch;Speed too high;Vitesse trop élevée;Velocità troppo alta;Te hoge snelheid;Hız çok yüksek;Zbyt wysoka prędkość;Velocidad demasiado alta;Слишком высокая скорость;速度过高;Занадто висока швидкість;Túl magas sebesség;Πολύ υψηλή ταχύτητα
Dieser Alarm wird angezeigt, wenn die Drehzahl zu hoch ist;This alarm is displayed if the speed is too high;Cette alarme s'affiche lorsque la vitesse de rotation est trop élevée.;Questo allarme viene visualizzato se la velocità è troppo alta.;Dit alarm wordt weergegeven als de snelheid te hoog is;Hız çok yüksekse bu alarm görüntülenir;Ten alarm jest wyświetlany, jeśli prędkość jest zbyt wysoka.;Esta alarma se muestra si la velocidad es demasiado alta;Этот сигнал отображается при слишком высокой скорости.;速度过高时显示此警报;Сигнал тривоги з'являється, якщо частота обертання занадто висока;Ez a riasztás akkor jelenik meg, ha a sebesség túl magas.;Αυτός ο συναγερμός εμφανίζεται εάν η ταχύτητα είναι πολύ υψηλή.
Unterfütterter Einlauftrichter - Begrenzungsschalter;Underfed feed hopper - limit switch;Trémie d'entrée doublée - interrupteur de limitation;Tramoggia di alimentazione sottoalimentata - interruttore di fine corsa;Te weinig toevoer - eindschakelaar;Yetersiz beslenen besleme hunisi - limit anahtarı;Niedopełniony kosz zasypowy - wyłącznik krańcowy;Tolva de alimentación insuficientemente alimentada - interruptor de fin de carrera;Недополненный бункер для корма - концевой выключатель;进料斗进料不足 - 限位开关;Бункер для подачі корму - кінцевий вимикач;Alultáplált adagoló tartály - végálláskapcsoló;Χοάνη τροφοδοσίας με ανεπαρκή τροφή - οριακός διακόπτης
Innerhalb der Hysterese wird der neue Liniensollwert als gleitender Mittelwert aus dem aktuellen und dem zuvor gebildeten Sollwert berechnet. Die Filterung definiert den prozentualen Anteil des aktuellen Sollwerts an der Mittelwertbildung. Beträgt dieser Anteil 0 %, so entspricht der neue Sollwert dem letzten. Beträgt der Anteil hingegen 100 %, wird ausschließlich der aktuelle Sollwert zum neuen Sollwert. Die Filterung ist dann von Bedeutung, wenn der Liniensollwert leichten Schwankungen unterliegt, beispielsweise bei einem analogen Eingangssignal.;Within the hysteresis, the new line setpoint is calculated as a moving average of the current and the previously formed setpoint. The filtering defines the percentage share of the current setpoint value in the averaging. If the percentage is 0, the new target value corresponds to the last one. If the percentage is 100, only the current setpoint value becomes the new setpoint value. Filtering is important if the line setpoint is subject to slight fluctuations, for example with an analog input signal.;A l'intérieur de l'hystérésis, la nouvelle valeur de consigne de la ligne est calculée comme une moyenne mobile de la valeur de consigne actuelle et de la valeur de consigne formée précédemment. Le filtrage définit la part en pourcentage de la valeur de consigne actuelle dans le calcul de la moyenne. Si le pourcentage est de 0, la nouvelle valeur de consigne correspond à la dernière. Si le pourcentage est de 100, seule la valeur de consigne actuelle devient la nouvelle valeur de consigne. Le filtrage est important lorsque la valeur de consigne de la ligne est soumise à de légères variations, par exemple dans le cas d'un signal d'entrée analogique.;All'interno dell'isteresi, il nuovo valore nominale della linea viene calcolato come media mobile del valore nominale attuale e di quello precedentemente formato. Il filtraggio definisce la quota percentuale del valore nominale attuale nella media. Se la percentuale è 0, il nuovo valore nominale corrisponde all'ultimo. Se la percentuale è 100, solo il valore nominale corrente diventa il nuovo valore nominale. Il filtraggio è importante se il setpoint di linea è soggetto a leggere fluttuazioni, ad esempio con un segnale di ingresso analogico.;Binnen de vertraging wordt de nieuwe lijnsetpointwaarde berekend als een voortschrijdend gemiddelde van de huidige en de eerder gevormde setpointwaarde. De filtering definieert het procentuele aandeel van de huidige gewenste waarde in de middeling. Als het percentage 0 is, komt de nieuwe streefwaarde overeen met de vorige. Als het percentage 100 is, wordt alleen de huidige gewenste waarde de nieuwe gewenste waarde. Filteren is belangrijk als het lijnsetpoint onderhevig is aan lichte schommelingen, bijvoorbeeld bij een analoog ingangssignaal.;Histerezis içinde, yeni hat ayar noktası değeri, mevcut ve önceden oluşturulmuş ayar noktası değerinin hareketli ortalaması olarak hesaplanır. Filtreleme, mevcut ayar noktası değerinin ortalamadaki yüzde payını tanımlar. Yüzde 0 ise, yeni hedef değer son değere karşılık gelir. Yüzde 100 ise, yalnızca mevcut ayar noktası değeri yeni ayar noktası değeri olur. Hat ayar noktası örneğin analog giriş sinyalinde olduğu gibi hafif dalgalanmalara maruz kalıyorsa filtreleme önemlidir.;W ramach histerezy nowa wartość zadana linii jest obliczana jako średnia krocząca bieżącej i poprzednio utworzonej wartości zadanej. Filtrowanie określa procentowy udział bieżącej wartości zadanej w uśrednianiu. Jeśli wartość procentowa wynosi 0, nowa wartość zadana odpowiada ostatniej. Jeśli wartość procentowa wynosi 100, tylko bieżąca wartość zadana staje się nową wartością zadaną. Filtrowanie jest ważne, jeśli wartość zadana linii podlega niewielkim wahaniom, na przykład w przypadku analogowego sygnału wejściowego.;Dentro de la histéresis, el nuevo valor de consigna de la línea se calcula como media móvil del valor de consigna actual y del formado anteriormente. El filtrado define el porcentaje del valor de consigna actual en la media. Si el porcentaje es 0, el nuevo valor de consigna corresponde al último. Si el porcentaje es 100, sólo el valor de consigna actual se convierte en el nuevo valor de consigna. El filtrado es importante si la consigna de línea está sujeta a ligeras fluctuaciones, por ejemplo con una señal de entrada analógica.;В пределах гистерезиса новое значение уставки линии рассчитывается как скользящее среднее текущей и ранее сформированной уставки. Фильтрация определяет процентную долю текущего значения уставки в усреднении. Если процентная доля равна 0, то новое заданное значение соответствует последнему. Если процент равен 100, то новым значением уставки становится только текущее значение уставки. Фильтрация важна, если уставка линии подвержена небольшим колебаниям, например, при аналоговом входном сигнале.;在滞后范围内，新的线路设定值以当前设定值和之前形成的设定值的移动平均值计算。过滤定义了当前设定值在平均值中所占的百分比。如果百分比为 0，则新设定值与上次设定值一致。如果百分比为 100，则只有当前设定值成为新的设定值。如果线路设定点有轻微波动，例如模拟输入信号，则滤波非常重要。;У межах гістерезису нове значення уставки лінії розраховується як ковзне середнє поточного і попередньо сформованого значення уставки. Фільтрація визначає відсоткову частку поточної уставки в усередненні. Якщо відсоток дорівнює 0, нове значення уставки відповідає останньому значенню. Якщо відсоток дорівнює 100, тільки поточне значення уставки стає новим значенням уставки. Фільтрація важлива, якщо уставка лінії піддається незначним коливанням, наприклад, при аналоговому вхідному сигналі.;A hiszterézisen belül az új vonalbeállítási értéket az aktuális és a korábban képzett beállítási érték mozgó átlagaként számítják ki. A szűrés meghatározza az aktuális beállítási érték százalékos arányát az átlagolásban. Ha a százalékos érték 0, akkor az új célérték megfelel az előzőnek. Ha a százalék 100, akkor csak az aktuális beállítási érték lesz az új beállítási érték. A szűrés akkor fontos, ha a vonalbeállítási pont enyhe ingadozásoknak van kitéve, például analóg bemeneti jel esetén.;Εντός της υστέρησης, η νέα τιμή σημείου ρύθμισης γραμμής υπολογίζεται ως κινητός μέσος όρος της τρέχουσας και της προηγούμενης τιμής σημείου ρύθμισης. Το φιλτράρισμα καθορίζει το ποσοστιαίο μερίδιο της τρέχουσας τιμής σημείου ρύθμισης στον μέσο όρο. Εάν το ποσοστό είναι 0, η νέα τιμή σημείου ρύθμισης αντιστοιχεί στην τελευταία. Εάν το ποσοστό είναι 100, μόνο η τρέχουσα τιμή σημείου ρύθμισης γίνεται η νέα τιμή σημείου ρύθμισης. Το φιλτράρισμα είναι σημαντικό εάν το σημείο ρύθμισης γραμμής υπόκειται σε μικρές διακυμάνσεις, για παράδειγμα με ένα αναλογικό σήμα εισόδου.
Beträgt die Differenz aus aktuellem und zuvor gebildetem Liniensollwert weniger als die Hysterese, so wird der alte Sollwert zum neuen bzw. der Liniensollwert ändert sich nicht.;;Si la différence entre la valeur de consigne de ligne actuelle et celle formée précédemment est inférieure à l'hystérésis, l'ancienne valeur de consigne devient la nouvelle ou la valeur de consigne de ligne ne change pas.  ;Se la differenza tra il setpoint di linea attuale e quello creato in precedenza è inferiore all'isteresi, il vecchio setpoint diventa il nuovo setpoint o il setpoint di linea non cambia.  ;Als het verschil tussen het huidige en het eerder aangemaakte lijnsetpoint kleiner is dan de hysteresis, wordt het oude setpoint het nieuwe setpoint of verandert het lijnsetpoint niet.  ;Geçerli ve önceden oluşturulmuş hat ayar noktası arasındaki fark histerezisten azsa, eski ayar noktası yeni ayar noktası olur veya hat ayar noktası değişmez.  ;Jeśli różnica między bieżącą i poprzednio utworzoną wartością zadaną linii jest mniejsza niż histereza, stara wartość zadana staje się nową wartością zadaną lub wartość zadana linii nie zmienia się.  ;Si la diferencia entre la consigna de línea actual y la creada anteriormente es menor que la histéresis, la consigna antigua se convierte en la nueva consigna o la consigna de línea no cambia.  ;Если разница между текущей и ранее созданной уставкой линии меньше гистерезиса, старая уставка становится новой или уставка линии не изменяется.  ;如果当前设定点与之前创建的线路设定点之差小于滞后，则旧设定点变为新设定点，或者线路设定点保持不变。 ;Якщо різниця між поточним і попередньо створеним значенням уставки лінії менша за гістерезис, стара уставка стає новою або значення уставки лінії не змінюється.  ;Ha az aktuális és a korábban létrehozott vonalbeállítási pont közötti különbség kisebb, mint a hiszterézis, a régi beállítási pont lesz az új beállítási pont, vagy a vonalbeállítási pont nem változik.  ;Εάν η διαφορά μεταξύ του τρέχοντος και του προηγουμένως δημιουργηθέντος σημείου ρύθμισης γραμμής είναι μικρότερη από την υστέρηση, το παλιό σημείο ρύθμισης γίνεται το νέο σημείο ρύθμισης ή το σημείο ρύθμισης γραμμής δεν αλλάζει.  
Wenn der aktuelle Liniensollwert das minimale Totband unterschreitet, wird der neu berechnete Liniensollwert auf 0 gesetzt. Der Liniensollwert muss also das minimale Totband überschreiten, damit die Dosierungen effektiv starten können.;Translated with DeepL.com (free version);Si la valeur de consigne de ligne actuelle est inférieure à la bande morte minimale, la valeur de consigne de ligne recalculée devient 0. La valeur de consigne de la ligne doit donc avoir dépassé la bande morte minimale pour que les dosages puissent effectivement démarrer.;Se il setpoint di linea attuale scende al di sotto della banda morta minima, il nuovo setpoint di linea calcolato diventa 0. Il setpoint di linea deve quindi aver superato la banda morta minima perché il dosaggio inizi effettivamente.;Als de huidige lijninstelwaarde onder de minimale dode band daalt, wordt de nieuw berekende lijninstelwaarde 0. De lijninstelwaarde moet dus de minimale dode band hebben overschreden om de dosering effectief te laten starten.;Als het actuele streefwaardepunt van de leiding onder de minimale dode band komt, wordt het nieuw berekende streefwaardepunt van de leiding 0. Het lijnsetpoint moet dus de minimale dode band overschreden hebben om de dosering effectief te starten.;Jeśli bieżąca wartość zadana linii spadnie poniżej minimalnej strefy nieczułości, nowo obliczona wartość zadana linii staje się równa 0. Nastawa linii musi zatem przekroczyć minimalną strefę nieczułości, aby dozowanie rozpoczęło się skutecznie.;Si la consigna de línea actual cae por debajo de la banda muerta mínima, la nueva consigna de línea calculada pasa a ser 0. Por lo tanto, el valor de consigna de línea debe haber superado la banda muerta mínima para que la dosificación se inicie de forma efectiva.;Если текущая уставка линии опускается ниже минимальной мертвой зоны, то вновь рассчитанная уставка линии становится равной 0. Таким образом, для эффективного начала дозирования уставка линии должна превысить минимальную мертвую зону.;如果当前的管路设定点低于最小死区，则新计算出的管路设定点将变为 0。因此，管线设定点必须超过最小死区才能有效开始配料。;Якщо поточне задане значення лінії опускається нижче мінімальної зони нечутливості, нове розраховане значення лінії стає рівним 0. Отже, для ефективного початку дозування уставка лінії повинна перевищувати мінімальну зону нечутливості.;Ha az aktuális vonalbeállítási érték a minimális holtpont alá esik, az újonnan kiszámított vonalbeállítási érték 0 lesz. Az adagolás hatékony elindításához tehát a vonalbeállítási értéknek meg kell haladnia a minimális holtpontot.;Εάν το τρέχον σημείο ρύθμισης γραμμής πέσει κάτω από την ελάχιστη νεκρή ζώνη, το νέο υπολογισμένο σημείο ρύθμισης γραμμής γίνεται 0. Συνεπώς, το σημείο ρύθμισης γραμμής πρέπει να έχει υπερβεί την ελάχιστη νεκρή ζώνη για να ξεκινήσει αποτελεσματικά η δοσομέτρηση.
Die Bezugsgröße definiert den oberen Referenzwert in kg/h bei einem analogen Signal von 10 V. Sie ist für die Umwandlung des analogen Eingangssignals zur Berechnung des Liniensollwerts bzw. für die Ausgabe des Liniendurchsatzes als analoges Stellsignal notwendig.;The reference value defines the upper reference value in kg/h with an analog signal of 10V. The reference variable is necessary for the conversion of the analog input signal to calculate the line setpoint or the output of the line throughput as an analog control signal.;La grandeur de référence définit la valeur de référence supérieure en kg/h pour un signal analogique de 10V. La grandeur de référence est nécessaire pour conversion du signal d'entrée analogique pour le calcul de la valeur de référence de la ligne ou la sortie du débit de la ligne sous forme de signal de réglage analogique.;Il valore di riferimento definisce il valore di riferimento superiore in kg/h con un segnale analogico di 10V. La variabile di riferimento è necessaria per la conversione del segnale di ingresso analogico per il calcolo del setpoint di linea o per l'uscita della portata di linea come segnale di controllo analogico.;De referentiewaarde definieert de bovenste referentiewaarde in kg/u met een analoog signaal van 10V. De referentievariabele is nodig voor de conversie van het analoge ingangssignaal om het lijnsetpoint of de uitvoer van de lijndoorvoer als analoog stuursignaal te berekenen.;Referans değeri, 10V'luk bir analog sinyal ile kg/sa cinsinden üst referans değerini tanımlar. Referans değişkeni aşağıdakiler için gereklidir hat ayar noktasını hesaplamak için analog giriş sinyalinin dönüştürülmesi veya hat veriminin bir analog kontrol sinyali olarak çıkışı.;Wartość referencyjna definiuje górną wartość referencyjną w kg/h z sygnałem analogowym 10V. Zmienna referencyjna jest niezbędna do konwersji analogowego sygnału wejściowego w celu obliczenia wartości zadanej linii lub wyjścia przepustowości linii jako analogowego sygnału sterującego.;El valor de referencia define el valor de referencia superior en kg/h con una señal analógica de 10V. La magnitud de referencia es necesaria para la conversión de la señal de entrada analógica para calcular la consigna de línea o la salida del caudal de línea como señal de control analógica.;Опорная величина определяет верхнее опорное значение в кг/ч с аналоговым сигналом 10 В. Опорная величина необходима для преобразования аналогового входного сигнала для расчета уставки линии или вывода пропускной способности линии в качестве аналогового управляющего сигнала.;参考值定义了以 kg/h 为单位的上限参考值，模拟信号为 10V。参考变量对于 转换模拟输入信号以计算生产线设定点或将生产线吞吐量输出为模拟控制信号所必需的。;Опорне значення визначає верхнє опорне значення в кг/год з аналоговим сигналом 10В. Опорна змінна необхідна для перетворення аналогового вхідного сигналу для обчислення заданого значення лінії або виведення пропускної здатності лінії як аналогового сигналу керування.;A referenciaérték a felső referenciaértéket határozza meg kg/h-ban, 10 V-os analóg jellel. A referencia változó szükséges a analóg bemeneti jel átalakításához a vonalbeállítási pont kiszámításához vagy a vonalátviteli teljesítmény analóg vezérlőjelként történő kimenetéhez.;Η τιμή αναφοράς ορίζει την ανώτερη τιμή αναφοράς σε kg/h με αναλογικό σήμα 10V. Η μεταβλητή αναφοράς είναι απαραίτητη για την μετατροπή του αναλογικού σήματος εισόδου για τον υπολογισμό του σημείου ρύθμισης γραμμής ή την έξοδο της απόδοσης γραμμής ως αναλογικό σήμα ελέγχου.
Die Schrittweite definiert den Sollwertsprung beim Betätigen der Rampentaste.;The step width defines the setpoint jump when the ramp button is pressed.;L'incrément définit le saut de la valeur de consigne lorsque l'on appuie sur la touche de la rampe.;L'ampiezza del passo definisce il salto del setpoint quando si preme il pulsante di rampa.;De stapbreedte bepaalt de sprong van het setpoint wanneer de rampknop wordt ingedrukt.;Adım genişliği, rampa düğmesine basıldığında ayar noktası atlamasını tanımlar.;Szerokość kroku określa skok wartości zadanej po naciśnięciu przycisku rampy.;El ancho de paso define el salto de consigna cuando se pulsa el botón de rampa.;Ширина шага определяет скачок уставки при нажатии кнопки темпа.;步宽定义了按下斜坡按钮时设定点的跳变。;Ширина кроку визначає стрибок заданого значення при натисканні кнопки рампи.;A lépésszélesség határozza meg a beállítási pont ugrását a rámpa gomb megnyomásakor.;Το πλάτος βήματος καθορίζει το άλμα του σημείου ρύθμισης όταν πατηθεί το κουμπί ράμπας.
Die Verzögerung definiert die Verzögerungszeit bevor bei gedrückter Taste ein neuer Sollwertsprung ausgelöst wird.;The delay defines the delay time before a new setpoint jump is triggered when the button is pressed.;La temporisation définit le temps de retard avant qu'un nouveau saut de valeur de consigne ne soit déclenché lorsque la touche est maintenue enfoncée.;Il ritardo definisce il tempo di ritardo prima che venga attivato un nuovo salto di setpoint quando si preme il pulsante.;De vertraging definieert de vertragingstijd voordat een nieuwe setpointsprong wordt geactiveerd als de knop wordt ingedrukt.;Gecikme, düğmeye basıldığında yeni bir ayar noktası atlamasının tetiklenmesinden önceki gecikme süresini tanımlar.;Opóźnienie definiuje czas opóźnienia przed wyzwoleniem nowego skoku wartości zadanej po naciśnięciu przycisku.;El retardo define el tiempo de retardo antes de que se produzca un nuevo salto de consigna al pulsar el botón.;Задержка определяет время задержки перед новым скачком уставки при нажатии кнопки.;延迟定义了按下按钮后触发新设定点跳变之前的延迟时间。;Задержка определяет время задержки перед новым скачком уставки при нажатии кнопки.;A késleltetés meghatározza azt a késleltetési időt, amíg a gomb megnyomásakor egy új beállítási pontugrás elindul.;Η καθυστέρηση ορίζει το χρόνο καθυστέρησης πριν από την ενεργοποίηση ενός νέου άλματος σημείου ρύθμισης όταν πατηθεί το κουμπί.
Sollwert bei Überlauf [kg/h];Setpoint for overflow [kg/h];Valeur de consigne en cas de débordement [kg/h];Setpoint per l'overflow [kg/h];Setpoint voor overloop [kg/h];Taşma için ayar noktası [kg/h];Nastawa dla przepełnienia [kg/h];Valor de consigna para desbordamiento [kg/h];Уставка для перелива [кг/ч];溢出设定点 [kg/h］;Уставка переповнення [кг/год];A túlfolyás beállítási pontja [kg/h];Σημείο ρύθμισης για υπερχείλιση [kg/h]
Dieser Wert definiert den neuen Sollwert bei Überlauf;This value defines the new setpoint for overflow;Cette valeur définit la nouvelle valeur de consigne en cas de débordement.;Questo valore definisce il nuovo setpoint per il troppo pieno;Deze waarde definieert het nieuwe setpoint voor overloop.;Bu değer, taşma için yeni ayar noktasını tanımlar;Ta wartość definiuje nową wartość zadaną dla przepełnienia;Este valor define el nuevo punto de consigna para el desbordamiento;Это значение определяет новую уставку для перелива;该值定义了新的溢出设定点;Це значення визначає нову уставку переповнення;Ez az érték határozza meg a túlfolyás új beállítási pontját.;Αυτή η τιμή ορίζει το νέο σημείο ρύθμισης για την υπερχείλιση
Wägezelle Maximalgewicht;Load cell maximum weight;Cellule de pesée poids maximal;Peso massimo della cella di carico;Maximaal gewicht loadcel;Yük hücresi maksimum ağırlığı;Maksymalna waga ogniwa obciążnikowego;Peso máximo de la célula de carga;Максимальный вес тензодатчика;称重传感器最大重量;Максимальна вага тензодатчика;A terhelésmérő cella maximális tömege;Μέγιστο βάρος κυψέλης φορτίου
Wägezelle Minimalgewicht;Load cell minimum weight;Cellule de pesée poids minimal;Peso minimo della cella di carico;Minimaal gewicht loadcel;Yük hücresi minimum ağırlığı;Minimalna waga ogniwa obciążnikowego;Peso mínimo de la célula de carga;Минимальный вес тензодатчика;称重传感器最小重量;Мінімальна вага тензодатчика;Terhelésmérő cella minimális súlya;Ελάχιστο βάρος κυψέλης φορτίου
Lupe;Magnifying glass;Loupe;Lente d'ingrandimento;Vergrootglas;Büyüteç;Szkło powiększające;Lupa;Увеличительное стекло;放大镜;Збільшувальне скло;Nagyító üveg;Μεγεθυντικός φακός
Kein;None;Pas de;Nessuna;Geen;Hiçbiri;Brak;Ninguno;Нет;无;Немає;Nincs;Κανένας
Ausschnitt;Section;Découpage;Sezione;Sectie;Bölüm;Sekcja;Sección;Раздел;部分;Розділ;Szekció;Τμήμα
Gesamtanalyse;Overall analysis;Analyse globale;Analisi complessiva;Algemene analyse;Genel analiz;Analiza ogólna;Análisis global;Общий анализ;整体分析;Загальний аналіз;Általános elemzés;Συνολική ανάλυση
Einzelanalyse;Individual analysis;Analyse individuelle;Analisi individuale;Individuele analyse;Bireysel analiz;Analiza indywidualna;Análisis individual;Индивидуальный анализ;个别分析;Індивідуальний аналіз;Egyedi elemzés;Ατομική ανάλυση
Statistik;Statistics;Statistiques;Statistiche;Statistieken;İstatistikler;Statystyka;Estadísticas;Статистика;统计数据;Статистика;Statisztikák;Στατιστικά στοιχεία
Eigenschaften;Properties;Propriétés;Proprietà;Eigenschappen;Özellikler;Właściwości;Propiedades;Свойства;属性;Властивості;Tulajdonságok;Ιδιότητες
Anpassen;Customize;Personnaliser;Personalizzazione;aanpassen;Özelleştir;Dostosuj;Personalizar;Настроить;自定义;Налаштувати;Testreszabás;Προσαρμογή
Kombinierte Ansicht;Combined view;Vue combinée;Vista combinata;Gecombineerde weergave;Birleşik görünüm;Widok połączony;Vista combinada;Комбинированное представление;综合视图;Комбінований перегляд;Kombinált nézet;Συνδυασμένη προβολή
Ausgabe;Issue;Édition;Problema;Uitgifte;Sorun;Wydanie;Edición;Выпуск;发行;Випуск;Kiadvány;Τεύχος
Kategorie;Category;Catégorie;Categoria;Categorie;Kategori;Kategoria;Categoría;Категория;类别;Категорія;Kategória;Κατηγορία
Eine der folgenden Optionen: Linie Flaeche;One of the following options: Line Area;Une des options suivantes : Ligne Plate;Una delle seguenti opzioni: Area della linea;Een van de volgende opties: Lijngebied;Aşağıdaki seçeneklerden biri: Hat Alanı;Jedna z następujących opcji: Obszar linii;Una de las siguientes opciones: Línea Área;Один из следующих вариантов: Область линии;以下选项之一： 线条区域;Один з наступних варіантів: Площа лінії;A következő lehetőségek egyike: Vonalterület;Μία από τις ακόλουθες επιλογές: Περιοχή γραμμής
Flaeche;Area;Surface;Colore;Kleur;Renk;Kolor;Color;Цвет;颜色;Колір;Terület;Περιοχή
Linienfarbe;Line color;Couleur de la ligne;Colore linea;Lijnkleur;Çizgi rengi;Kolor linii;Color de línea;Цвет линии;线条颜色;Колір лінії;Vonal színe;Χρώμα γραμμής
Gibt die Standardfarbe des Fensters an;Specifies the default color of the window;Indique la couleur par défaut de la fenêtre;Specifica il colore predefinito della finestra;Specificeert de standaardkleur van het venster;Pencerenin varsayılan rengini belirtir;Określa domyślny kolor okna.;Especifica el color por defecto de la ventana;Указывает цвет окна по умолчанию;指定窗口的默认颜色;Визначає колір вікна за замовчуванням;Az ablak alapértelmezett színének megadása;Καθορίζει το προεπιλεγμένο χρώμα του παραθύρου
Linienbreite;Line width;Epaisseur de la ligne;Larghezza linea;Lijnbreedte;Çizgi genişliği;Szerokość linii;Ancho de línea;Ширина линии;线条宽度;Ширина лінії;Vonal szélessége;Πλάτος γραμμής
Anwendung;Application;Application;Applicazione;Toepassing;Uygulama;Zastosowanie;Aplicación;Приложение;应用;Застосування;Alkalmazás;Εφαρμογή
Linienauswahl;Line selection;Sélection de ligne;Selezione linea;Lijn selectie;Hat seçimi;Wybór linii;Selección de línea;Выбор линии;线条选择;Вибір лінії;Vonalkiválasztás;Επιλογή γραμμής
Eine der folgenden Optionen: Ja, Nein;One of the following options: Yes, No;Une des options suivantes : Oui, Non;Una delle seguenti opzioni: Sì, No;Een van de volgende opties: Ja, Nee;Aşağıdaki seçeneklerden biri: Evet, Hayır;Jedna z następujących opcji: Tak, Nie;Una de las siguientes opciones: Sí, No;Один из следующих вариантов: Да, Нет;以下选项之一： 是、否;Один з наступних варіантів: Так, Ні;A következő lehetőségek egyike: Igen, Nem;Μία από τις ακόλουθες επιλογές: Ναι, Όχι
Eigenschaftsfenster;Properties window;Fenêtre de propriétés;Finestra delle proprietà;Eigenschappenvenster;Özellikler penceresi;Okno właściwości;Ventana de propiedades;Окно свойств;属性窗口;Вікно властивостей;Tulajdonságok ablak;Παράθυρο ιδιοτήτων
Ansicht;View;Vue;Visualizzazione;Bekijk;Görünüm;Widok;Ver;Просмотр;查看;Вид;Megtekintés;Προβολή
Logmeldungen;Log messages;Messages du journal;Messaggi di registro;Logboek berichten;Günlük mesajları;Komunikaty dziennika;Mensajes de registro;Сообщения журнала;日志信息;Повідомлення журналу;Naplóüzenetek;Μηνύματα καταγραφής
Auftragsnummer;Order number;Numéro de commande;Numero d'ordine;Bestelnummer;Sipariş numarası;Numer zamówienia;Número de pedido;Номер заказа;订购号;Номер замовлення;Rendelési szám;Αριθμός παραγγελίας
Dosierung;Dosage;Dosage;Dosaggio;Dosering;Dozaj;Dawkowanie;Dosificación;Дозировка;剂量;Дозування;Adagolás;Δοσολογία
Auftrag;Order;Ordre;Ordine;Bestel;Sipariş;Zamówienie;Pedido;Заказать;订购;Порядок;Megrendelés;Παραγγελία
alle;all;tous;tutti;alle;hepsi;wszystko;todos;все;所有;всі;minden;όλα
vom;from;du;dal;van;bir şey yok;z;del;из;从;від;a;από το
Die Skalierung ist die Angabe eines Faktors in Prozent zur Skalierung des analogen Eingangssignals.;The scaling is the specification of a factor in percent for scaling the analog input signal.;La mise à l'échelle est l'indication d'un facteur en pourcentage pour la mise à l'échelle du signal d'entrée analogique.;Il fattore di scala è la specificazione di un fattore in percentuale per scalare il segnale di ingresso analogico.;De schaalverdeling is de specificatie van een factor in procenten om het analoge ingangssignaal te verschalen.;Ölçekleme, analog giriş sinyalini ölçeklemek için yüzde cinsinden bir faktörün belirtilmesidir.;Skalowanie to określenie procentowego współczynnika skalowania analogowego sygnału wejściowego.;El escalado es la especificación de un factor en porcentaje para escalar la señal de entrada analógica.;Масштабирование - это задание коэффициента в процентах для масштабирования аналогового входного сигнала.;缩放是指以百分比为单位的因子，用于缩放模拟输入信号。;Масштабування - це вказівка коефіцієнта у відсотках для масштабування аналогового вхідного сигналу.;A skálázás az analóg bemeneti jel skálázására szolgáló százalékos tényező megadása.;Η κλιμάκωση είναι ο προσδιορισμός ενός συντελεστή σε ποσοστό για την κλιμάκωση του αναλογικού σήματος εισόδου.
Benutzer einloggen\nBenutzer einloggen;User login\nUser login;Connecter l'utilisateur\nConnecter l'utilisateur;Accesso dell'utente\nAccesso dell'utente;Gebruiker aanmelden\nGebruiker aanmelden;Kullanıcı girişi\nKullanıcı girişi;Zalogowany użytkownik\nZalogowany użytkownik;Iniciar sesión\nIniciar sesión;Вход в систему пользователя\nВход в систему пользователя;登录用户\n登录用户;Увійдіть в систему\nУвійдіть в систему;Bejelentkező felhasználó\nBejelentkező felhasználó;Σύνδεση χρήστη\nΣύνδεση χρήστη
Benutzer ausloggen\nBenutzer ausloggen;User logout\nUser logout;Déconnecter l'utilisateur\nDéconnecter l'utilisateur;Disconnettere l'utente\nDisconnettere l'utente;Gebruiker afmelden\nGebruiker afmelden;Kullanıcı oturumunu kapat\nKullanıcı oturumunu kapat;Wylogowanie użytkownika\nWylogowanie użytkownika;Cerrar sesión\nCerrar sesión;Выход из системы\nВыход из системы;注销用户\n注销用户;Вийдіть з системи\nВийдіть з системи;Felhasználó kijelentkezése\nFelhasználó kijelentkezése;Αποσύνδεση χρήστη\nΑποσύνδεση χρήστη
MF : Haupteinzug\nSF1: Seiteneinzug 1\nSF2: Seiteneinzug 2;MF : Main feeder\nSF1: Side feeder 1\nSF2: Side feeder 2;MF : Alimentation principale\nSF1 : Alimentation latérale 1\nSF2 : Alimentation latérale 2;MF : Alimentatore principale\nSF1: Alimentatore laterale 1\nSF2: Alimentatore laterale 2;MF : Hoofdinvoer\nSF1: Zijtoevoer 1\nSF2: Zijtoevoer 2;MF: Ana besleyici\nSF1: Yan besleyici 1\nSF2: Yan besleyici 2;MF: Podajnik główny\nSF1: Podajnik boczny 1\nSF2: Podajnik boczny 2;MF : Alimentador principal\nSF1: Alimentador lateral 1\nSF2: Alimentador lateral 2;MF: Главный питатель\nSF1: Боковой питатель 1\nSF2: Боковой питатель 2;MF：主进料器\nSF1：侧进料器 1\nSF2：侧进料器 2;MF: Головний живильник\nSF1: Боковий живильник 1\nSF2: Боковий живильник 2;MF : Fő adagoló\nSF1: Oldalsó adagoló 1\nSF2: Oldalsó adagoló 2;MF : Κύριος τροφοδότης\nSF1: Πλευρικός τροφοδότης 1\nSF2: Πλευρικός τροφοδότης 2
Dosierereinzug;Dosing feed;Alimentation des doseurs;Alimentatore di dosaggio;Doseerinvoer;Dozaj Besleyici;Dozownik;Alimentador de dosificación;Дозирующее устройство;定量给料器;Дозуюча годівниця;Adagoló adagoló;Τροφοδότης δοσομέτρησης
Externer Sollwert;External setpoint;Consigne externe;Setpoint esterno;Extern setpoint;Harici ayar noktası;Zewnętrzna nastawa;Consigna exterior;Внешняя уставка;外部设定点;Зовнішня уставка;Külső beállítási pont;Εξωτερικό καθορισμένο σημείο
Waageneigenschaften;Scale properties;Caractéristiques de la balance;Proprietà della scala;Schaaleigenschappen;Ölçek özellikleri;Właściwości skali;Propiedades de la escala;Свойства шкалы;比例特性;Властивості шкали;Skála tulajdonságai;Ιδιότητες κλίμακας
AN-Nummer;Od. number;Num. d'ordre;Num. d'ord.;Ord.nummer;Sipariş num.;Num. porząd.;Núm. de ord.;Ном. заказа;订单号;Ном. замов.;Rendszám;Αριθ. παρα.
Akt. ext. Liniensollwert [kg/h];Act. ext. line setpoint [kg/h];Consigne ext. ligne act. [kg/h];Setpoint linea ext. att. [kg/h];Act. ext. lijn setpoint [kg/h];Harek. dış hat ayar noktası [kg/h];Ustaw. zewn. linii [kg/h];Consigna línea ext. act. [kg/h].;Заданное значение для линии [кг/ч];执行额外线设定值 [kg/h] （千克/小时;Заданне значення лінії [кг/год];Akt. ext. vezeték beállítási érték [kg/h];Πρόσθετο σημείο ρύθμισης [kg/h]
Zeigt den aktuellen, externen Liniensollwert an, inkl. Skalierung und Offset.;Displays the current external line setpoint, including scaling and offset.;Affiche la valeur de consigne externe actuelle de la ligne, y compris l'échelle et l'offset.;Visualizza il setpoint di linea esterno corrente, compresi scala e offset.;Toont het huidige externe lijnsetpoint, inclusief verschaling en offset.;Ölçekleme ve ofset dahil olmak üzere mevcut harici hat ayar noktasını görüntüler.;Wyświetla bieżącą wartość zadaną linii zewnętrznej, w tym skalowanie i przesunięcie.;Muestra la consigna de línea externa actual, incluyendo la escala y el offset.;Отображает текущую уставку внешней линии, включая масштабирование и смещение.;显示当前外部线路设定点，包括比例和偏移。;Відображає поточне задане значення зовнішньої лінії, включно з масштабуванням і зміщенням.;Megjeleníti az aktuális külső vonalbeállítási pontot, beleértve a skálázást és az eltolást.;Εμφανίζει το τρέχον εξωτερικό σημείο ρύθμισης γραμμής, συμπεριλαμβανομένης της κλιμάκωσης και της μετατόπισης.
Die Entprellung verhindert, dass zusätzliche Aktivierungen oder langsame Funktionen zu oft ausgelöst werden. Die Entprellzeit definiert die Zeit, die ein konstantes Signal mindestens anliegen muss.;Debouncing prevents additional activations or slow functions from being triggered too often. The debounce time defines the minimum time that a constant signal must be present.;Le anti-rebond empêche que des activations supplémentaires ou des fonctions lentes soient déclenchées trop souvent. Le temps de stabilisation définit le temps minimum pendant lequel un signal constant doit être présent.;Il debouncing impedisce che vengano attivate troppo spesso attivazioni aggiuntive o funzioni lente. Il tempo di rimbalzo definisce il tempo minimo in cui deve essere presente un segnale costante.;Ontstuitering voorkomt dat extra activeringen of langzame functies te vaak worden geactiveerd. De ontstuitertijd bepaalt de minimale tijd dat een constant signaal aanwezig moet zijn.;Debouncing ek aktivasyonların veya yavaş fonksiyonların çok sık tetiklenmesini önler. Debounce süresi, sabit bir sinyalin mevcut olması gereken minimum süreyi tanımlar.;Odbijanie zapobiega zbyt częstemu wyzwalaniu dodatkowych aktywacji lub powolnych funkcji. Czas debouncingu definiuje minimalny czas, przez jaki musi być obecny stały sygnał.;El rebote impide que se activen con demasiada frecuencia activaciones adicionales o funciones lentas. El tiempo de rebote define el tiempo mínimo que debe estar presente una señal constante.;Демпфирование предотвращает слишком частое срабатывание дополнительных активаций или медленных функций. Время отбоя определяет минимальное время, в течение которого должен присутствовать постоянный сигнал.;消隐可防止频繁触发额外的激活或慢速功能。消抖时间定义了恒定信号必须存在的最短时间。;Затухання запобігає надто частому запуску додаткових активацій або повільних функцій. Час затухання визначає мінімальний час, протягом якого має бути присутній постійний сигнал.;A debouncing megakadályozza, hogy további aktiválások vagy lassú funkciók túl gyakran lépjenek működésbe. A debounce-idő határozza meg azt a minimális időt, amely alatt egy állandó jelnek jelen kell lennie.;Η εκτόνωση αποτρέπει την πολύ συχνή ενεργοποίηση πρόσθετων ενεργοποιήσεων ή αργών λειτουργιών. Ο χρόνος αναπήδησης ορίζει τον ελάχιστο χρόνο που πρέπει να υπάρχει ένα σταθερό σήμα.
Innerhalb der Hysterese wird der neue Liniensollwert in Form einer gleitenden Mittelwertbildung aus dem aktuellen und dem zuvor gebildeten Sollwert berechnet. Die Filterung definiert den prozentualen Anteil des alten Sollwerts in der Mittelwertbildung. Ist der Anteil 0, so entspricht der neu berechnete Sollwert ausschliesslich dem aktuellen Sollwert. Die Filterung ist dann meistens von Bedeutung, wenn der Liniensollwert nicht konstant ist, sondern leichten Schwankungen unterliegt, wie z.B. bei einem analogen Eingangssignal.;Within the hysteresis, the new line setpoint is calculated in the form of a moving average from the current and the previously formed setpoint. The filtering defines the percentage of the old setpoint value in the averaging. If the percentage is 0, the newly calculated setpoint value corresponds exclusively to the current setpoint value. Filtering is usually important if the line setpoint is not constant but is subject to slight fluctuations, e.g. with an analog input signal.;Au sein de l'hystérésis, la nouvelle valeur de consigne de la ligne est calculée sous la forme d'une moyenne mobile à partir de la valeur de consigne actuelle et de celle formée précédemment. Le filtrage définit la part en pourcentage de l'ancienne valeur de consigne dans le calcul de la moyenne. Si ce pourcentage est de 0, la nouvelle valeur de consigne calculée correspond exclusivement à la valeur de consigne actuelle. Le filtrage est généralement important lorsque la valeur de consigne de la ligne n'est pas constante, mais qu'elle est soumise à de légères fluctuations, comme c'est le cas par exemple pour un signal d'entrée analogique.;All'interno dell'isteresi, il nuovo setpoint di linea viene calcolato sotto forma di media mobile del setpoint attuale e di quello precedentemente formato. Il filtraggio definisce la percentuale del vecchio valore nominale nella media. Se la percentuale è 0, il nuovo valore nominale calcolato corrisponde esclusivamente al valore nominale attuale. Il filtraggio è solitamente importante se il setpoint di linea non è costante ma è soggetto a leggere fluttuazioni, ad esempio nel caso di un segnale di ingresso analogico.;Binnen de vertraging wordt het nieuwe lijnsetpoint berekend in de vorm van een voortschrijdend gemiddelde van het huidige en het eerder gevormde setpoint. De filtering definieert het percentage van de oude setpointwaarde in de middeling. Als het percentage 0 is, komt de nieuw berekende setpointwaarde uitsluitend overeen met de huidige setpointwaarde. Filteren is meestal belangrijk als het lijnsetpoint niet constant is maar onderhevig is aan lichte schommelingen, bijv. bij een analoog ingangssignaal.;Histerezis içinde, yeni hat ayar noktası, mevcut ve daha önce oluşturulmuş ayar noktasından hareketli bir ortalama şeklinde hesaplanır. Filtreleme, ortalamadaki eski ayar noktası değerinin yüzdesini tanımlar. Yüzde 0 ise, yeni hesaplanan ayar noktası değeri yalnızca mevcut ayar noktası değerine karşılık gelir. Filtreleme genellikle hat ayar noktası sabit değilse ancak örneğin bir analog giriş sinyalinde olduğu gibi hafif dalgalanmalara maruz kalıyorsa önemlidir.;W ramach histerezy nowa wartość zadana linii jest obliczana w postaci średniej ruchomej z bieżącej i poprzednio utworzonej wartości zadanej. Filtrowanie definiuje procent starej wartości zadanej w uśrednianiu. Jeśli wartość procentowa wynosi 0, nowo obliczona wartość zadana odpowiada wyłącznie bieżącej wartości zadanej. Filtrowanie jest zwykle ważne, jeśli wartość zadana linii nie jest stała, ale podlega niewielkim wahaniom, np. w przypadku analogowego sygnału wejściowego.;Dentro de la histéresis, la nueva consigna de línea se calcula en forma de media móvil a partir de la consigna actual y la anterior. El filtrado define el porcentaje del valor de consigna antiguo en la media. Si el porcentaje es 0, el nuevo valor de consigna calculado corresponde exclusivamente al valor de consigna actual. El filtrado suele ser importante si el valor de consigna de la línea no es constante, sino que está sujeto a ligeras fluctuaciones, por ejemplo, con una señal de entrada analógica.;В пределах гистерезиса новая уставка линии рассчитывается в виде скользящего среднего из текущей и ранее сформированной уставки. Фильтрация определяет процентное соотношение старого значения уставки при усреднении. Если процент равен 0, то вновь рассчитанное значение уставки соответствует исключительно текущему значению уставки. Фильтрация обычно важна, если уставка линии не постоянна, а подвержена небольшим колебаниям, например, при аналоговом входном сигнале.;在滞后范围内，新的线路设定点以移动平均的形式从当前设定点和之前形成的设定点计算得出。滤波定义了平均值中旧设定值的百分比。如果百分比为 0，则新计算出的设定值完全与当前设定值一致。如果线路设定点不是恒定的，而是有轻微波动，例如模拟输入信号，则滤波通常很重要。;В межах гістерезису нова уставка лінії розраховується у вигляді ковзного середнього від поточної та попередньо сформованої уставки. Фільтрація визначає відсоток старого значення уставки в усередненні. Якщо відсоток дорівнює 0, то нове значення уставки відповідає виключно поточному значенню уставки. Фільтрація зазвичай важлива, якщо уставка лінії не є постійною, а піддається незначним коливанням, наприклад, при аналоговому вхідному сигналі.;A hiszterézisen belül az új vonalbeállítási pont az aktuális és a korábban képzett beállítási pontból mozgó átlag formájában kerül kiszámításra. A szűrés meghatározza, hogy az átlagolás során a régi beállított érték hány százalékát kell figyelembe venni. Ha a százalékos érték 0, akkor az újonnan számított beállítási érték kizárólag az aktuális beállítási értéknek felel meg. A szűrés általában akkor fontos, ha a vonalbeállítási pont nem állandó, hanem enyhe ingadozásoknak van kitéve, pl. analóg bemeneti jel esetén.;Εντός της υστέρησης, το νέο σημείο ρύθμισης της γραμμής υπολογίζεται με τη μορφή κινητού μέσου όρου από το τρέχον και το προηγουμένως διαμορφωμένο σημείο ρύθμισης. Το φιλτράρισμα ορίζει το ποσοστό της παλαιάς τιμής του σημείου ρύθμισης στον μέσο όρο. Εάν το ποσοστό είναι 0, η νέα υπολογισμένη τιμή σημείου ρύθμισης αντιστοιχεί αποκλειστικά στην τρέχουσα τιμή σημείου ρύθμισης. Το φιλτράρισμα είναι συνήθως σημαντικό εάν το σημείο ρύθμισης γραμμής δεν είναι σταθερό αλλά υπόκειται σε μικρές διακυμάνσεις, π.χ. με ένα αναλογικό σήμα εισόδου.
mehr;more;plus;di più;meer;daha fazla;więcej;más;больше;更多;більше;további;περισσότερα
weniger;less;moins;meno;minder;daha az;mniej;menos;меньше;更少;менше;kevesebb;λιγότερο
Offset [+/- 0..10V];Offset [+/- 0..10V];Offset [+/- 0..10V];Offset [+/- 0..10V];Offset [+/- 0..10V];Offset [+/- 0..10V];Offset [+/- 0..10V];Offset [+/- 0..10V];Offset [+/- 0..10V];Offset [+/- 0..10V];Offset [+/- 0..10V];Offset [+/- 0..10V];Offset [+/- 0..10V]
Mit dem Offset wird das analoge Eingangssignal um einen konstanten Wert verschoben. Vneu = Offset + Vin * Skalierung;The offset is used to shift the analog input signal by a constant value. Vneu = Offset + Vin * Scaling;L'offset permet de décaler le signal d'entrée analogique d'une valeur constante. Vneu = Offset + Vin * Mise à l'échelle;L'offset viene utilizzato per spostare il segnale di ingresso analogico di un valore costante. Vneu = Offset + Vin * Scala;De offset wordt gebruikt om het analoge ingangssignaal met een constante waarde te verschuiven. Vneu = Offset + Vin * Schaling;Ofset, analog giriş sinyalini sabit bir değerle kaydırmak için kullanılır. Vneu = Ofset + Vin * Ölçekleme;Offset służy do przesunięcia analogowego sygnału wejściowego o stałą wartość. Vneu = Offset + Vin * Skalowanie;El offset se utiliza para desplazar la señal de entrada analógica en un valor constante. Vneu = Offset + Vin * Escala;Смещение используется для сдвига аналогового входного сигнала на постоянную величину. Vneu = Смещение + Vin * Масштабирование;偏移用于将模拟输入信号偏移一个恒定值。Vneu = 偏移 + Vin * 缩放;Зсув використовується для зсуву аналогового вхідного сигналу на постійну величину. Vneu = Зсув + Vin * Масштаб;Az offset az analóg bemeneti jel állandó értékkel történő eltolására szolgál. Vneu = Offset + Vin * Skálázás;Η μετατόπιση χρησιμοποιείται για τη μετατόπιση του αναλογικού σήματος εισόδου κατά μια σταθερή τιμή. Vneu = Offset + Vin * Κλιμάκωση
Dieser Parameter legt fest, nach welcher Zeit der Alarm 'Dosierer leer' ausgelöst wird.;This parameter defines the time after which the ‘Dosing unit empty’ alarm is triggered.;Ce paramètre détermine le temps au bout duquel l'alarme 'doseur vide' est déclenchée.;Questo parametro definisce il tempo dopo il quale scatta l'allarme 'Dosatore vuoto'.;Deze parameter definieert de tijd waarna het alarm voor 'Doseereenheid leeg' wordt geactiveerd.;Bu parametre ‘Dosing unit empty’ alarmının tetikleneceği zamanı tanımlar.;Ten parametr definiuje czas, po którym wyzwalany jest alarm 'Dosing unit empty'.;Este parámetro define el tiempo tras el cual se activa la alarma 'Dosificador vacío'.;Этот параметр определяет время, по истечении которого срабатывает сигнал тревоги «Дозатор пуст».;该参数定义了触发 “配料单元已空 ”警报的时间。;Цей параметр визначає час, через який спрацьовує тривога «Порожній дозатор».;Ez a paraméter határozza meg azt az időt, amely után az 'Adagolóegység üres' riasztás beindul.;Αυτή η παράμετρος καθορίζει το χρονικό διάστημα μετά το οποίο ενεργοποιείται ο συναγερμός «Δοσομετρική μονάδα άδεια».
Rauschindex;Noise index;Indice de bruit;Indice di rumore;Geluidsindex;Gürültü endeksi;Wskaźnik hałasu;Índice de ruido;Индекс шума;噪音指数;Індекс шуму;Zajindex;Δείκτης θορύβου
Externer Linienalarm;External line alarm;Alarme de ligne externe;Allarme linea esterna;Extern lijnalarm;Harici hat alarmı;Zewnętrzny alarm linii;Alarma de línea externa;Внешний линейный сигнал тревоги;外部线路警报;Зовнішня лінійна сигналізація;Külső vonalriasztás;Εξωτερικός συναγερμός γραμμής
Externer Linieneingang aktiv;External line input active;Entrée de ligne externe active;Ingresso linea esterna attivo;Externe lijningang actief;Harici hat girişi aktif;Zewnętrzne wejście linii aktywne;Entrada de línea externa activa;Внешний линейный вход активен;外部线路输入激活;Зовнішній лінійний вхід активний;Külső vonalbemenet aktív;Ενεργή εξωτερική είσοδος γραμμής
USV Batteriewarnung;UPS battery warning;Avertissement batterie UPS;Avviso batteria UPS;UPS-batterijwaarschuwing;UPS pil uyarısı;Ostrzeżenie dotyczące baterii UPS;Advertencia de batería del SAI;Предупреждение о разряде батареи ИБП;UPS 电池警告;Попередження про стан батареї ДБЖ;UPS akkumulátor figyelmeztetés;Προειδοποίηση μπαταρίας UPS
Kundenalarm aktiv;Customer alarm active;Alarme client active;Allarme cliente attivo;Klantalarm actief;Müşteri alarmı aktif;Alarm klienta aktywny;Alarma de cliente activa;Сигнал тревоги клиента активен;客户警报激活;Сигналізація клієнта активна;Ügyfélriasztás aktív;Ενεργός συναγερμός πελάτη
USV Batterieladezustand niedrig;UPS battery charge level low;Niveau de charge batterie UPS faible;Livello di carica batteria UPS basso;UPS-batterij laadstatus laag;UPS pil şarj durumu düşük;Niski poziom naładowania baterii UPS;Nivel de carga de la batería del SAI bajo;Низкий уровень заряда батареи ИБП;UPS 电池电量低;Низький рівень заряду батареї ДБЖ;UPS akkumulátor töltöttségi szint alacsony;Χαμηλή κατάσταση φόρτισης μπαταρίας UPS
Bitte Motorkabel prüfen;Please check motor cable;Vérifier le câble moteur;Controllare il cavo motore;Controleer motorkabel;Lütfen motor kablosunu kontrol edin;Proszę sprawdzić kabel silnika;Compruebe el cable del motor;Проверьте кабель двигателя;请检查电机电缆;Перевірте кабель двигуна;Kérjük, ellenőrizze a motor kábeleit;Ελέγξτε το καλώδιο του κινητήρα
Motorlastfehler;Motor load error;Erreur charge moteur;Errore carico motore;Motorbelastingsfout;Motor yük hatası;Błąd obciążenia silnika;Error de carga del motor;Ошибка нагрузки двигателя;电机负载故障;Помилка навантаження двигуна;Motor terhelési hiba;Σφάλμα φορτίου κινητήρα
Mit dem Rauschindex;With noise index;Avec l'indice de bruit;Con indice di rumore;Met de ruisindex;Gürültü endeksi ile;Z indeksem szumu;Con el índice de ruido;С индексом шума;带噪声指数;З індексом шуму;A zajindexszel;Με τον δείκτη θορύβου
Einzelplatz - Waage;Single-user scale;Balance monoposte;Postazione singola - Bilancia;Enkelvoudige weegschaal;Tekli - Terazi;Waga pojedyncza;Báscula de un solo puesto;Одноместные весы;单座秤;Одномісцеві ваги;Egyedülálló hely - Mérleg;Μονοθέσιο - Ζυγός
Frequenzumrichterfehler;Frequency converter error;Erreur convertisseur de fréquence;Errore convertitore di frequenza;Frequentieomvormerfout;Frekans dönüştürücü hatası;Błąd przetwornicy częstotliwości;Error del convertidor de frecuencia;Ошибка преобразователя частоты;变频器故障;Помилка перетворювача частоти;Frekvenciaváltó hiba;Σφάλμα μετατροπέα συχνότητας
Frequenzumrichterfehler Rührwerk bzw. Paddelantrieb;Frequency converter error agitator or paddle drive;Erreur du convertisseur de fréquence Agitateur ou entraînement de la pale;Errore convertitore di frequenza agitatore o azionamento pala;Fout in frequentieomvormer roerwerk resp. peddel aandrijving;Frekans dönüştürücü hatası Karıştırıcı veya kanatlı tahrik;Błąd przetwornicy częstotliwości mieszadła lub napędu łopatkowego;Error del convertidor de frecuencia del agitador o del accionamiento de la paleta;Ошибка преобразователя частоты Агрегат или привод лопастей;变频器故障 搅拌机或桨叶驱动装置;Помилка перетворювача частоти Мішалка або привід лопатей;Frekvenciaváltó hiba Keverő vagy lapátmeghajtás;Σφάλμα μετατροπέα συχνότητας Αναδευτήρα ή κινητήρα πτερυγίου
Störung am Frequenzumrichter Rührwerk oder Paddelantrieb;Malfunction in the frequency converter of the agitator or paddle drive;Dysfonctionnement du convertisseur de fréquence de l'agitateur ou de l'entraînement de la pale;Guasto al convertitore di frequenza dell'agitatore o dell'azionamento della pala;Storing aan de frequentieomvormer van de roerwerk- of peddel aandrijving;Frekans dönüştürücüde arıza Karıştırıcı veya kanatlı tahrik;Usterka przetwornicy częstotliwości mieszadła lub napędu łopatkowego;Avería en el convertidor de frecuencia del agitador o del accionamiento de la paleta;Неисправность преобразователя частоты Агрегата для перемешивания или привода лопастей;变频器故障 搅拌机或桨叶驱动装置;Несправність перетворювача частоти Мішалки або приводу лопатей;Hiba a frekvenciaváltónál Keverő vagy lapátmeghajtás;Βλάβη στον μετατροπέα συχνότητας του αναδευτήρα ή του κινητήρα του πτερυγίου
Störung am Frequenzumrichter Antrieb ( Schnecke );Malfunction in the frequency converter drive (screw);Dysfonctionnement du convertisseur de fréquence Entraînement (vis);Guasto al convertitore di frequenza dell'azionamento (vite);Storing aan de frequentieomvormer aandrijving (schroef);Frekans dönüştürücü arızası Tahrik (vida);Usterka przetwornicy częstotliwości napędu (śruba);Avería en el convertidor de frecuencia del accionamiento (tornillo);Неисправность преобразователя частоты привода (винт);变频器驱动器故障（螺钉）;Несправність перетворювача частоти приводу (гвинт);Hiba a frekvenciaváltó hajtásán (csavar);Βλάβη στον μετατροπέα συχνότητας του κινητήρα (βίδα)
Störung am Frequenzumrichter Vordosierer;Fault in the frequency converter of the pre-doser;Dysfonctionnement du convertisseur de fréquence du pré-doseur;Guasto al convertitore di frequenza del dosatore preliminare;Storing aan de frequentieomvormer van de voorstoter;Frekans dönüştürücü arızası Ön dozajlayıcı;Usterka przetwornicy częstotliwości dozownika wstępnego;Avería en el convertidor de frecuencia del dosificador previo;Неисправность преобразователя частоты предварительного дозатора;变频器故障 预配料机;Помилка перетворювача частоти попереднього дозатора;Hiba a frekvenciaváltón Előadagoló;Βλάβη στον μετατροπέα συχνότητας του προ-δοσομετρητή
Frequenzumrichterfehler Vordosierer;Frequency converter error in the pre-doser;Erreur du convertisseur de fréquence du pré-doseur;Errore del convertitore di frequenza del dosatore preliminare;Fout in de frequentieomvormer van de voorstoter;Frekans dönüştürücü hatası Ön dozajlayıcı;Błąd przetwornicy częstotliwości dozownika wstępnego;Error del convertidor de frecuencia del dosificador previo;Ошибка преобразователя частоты предварительного дозатора;变频器故障 预配料机;Помилка перетворювача частоти попереднього дозатора;Frekvenciaváltó hiba Előadagoló;Σφάλμα μετατροπέα συχνότητας προ-δοσομετρητή
Protokollfehler Wägezelle;Protocol error load cell;Erreur de protocole cellule de pesée;Errore di protocollo cella di carico;Protocolfout weegcel;Protokol hatalı tartım hücresi;Błąd protokołu czujnika wagowego;Error de protocolo de la célula de carga;Ошибка протокола весовой ячейки;称重传感器协议错误;Помилка протоколу вагового датчика;Protokollhiba mérőcella;Σφάλμα πρωτοκόλλου κυψέλης ζύγισης
Pausenzeit;Refresh Interval;Intervalle;Intervallo;Pauzetijd;Bekleme süresi;Czas przerwy;Intervalo;Время паузы;间隔时间;Час паузи;Szünetidő;Χρονικό διάστημα ανανέωσης
Definiert, nach welcher Zeit die Anzeige wieder aktualisiert wird;Specifies how often the display is refreshed;Définit le délai après lequel l'affichage est actualisé;Definisce dopo quanto tempo l'indicazione viene aggiornata;Bepaalt na hoeveel tijd de weergave opnieuw wordt bijgewerkt;Ekranın ne kadar süre sonra yenileneceğini belirler;Określa, po jakim czasie wyświetlacz zostanie ponownie zaktualizowany;Define el tiempo que debe transcurrir antes de que se actualice la pantalla;Определяет, через какое время данные на экране будут обновлены;定义显示内容重新更新的时间间隔;Визначає, через який проміжок часу відображення оновлюється;Meghatározza, hogy mennyi idő elteltével frissül újra a kijelzés;Καθορίζει μετά από πόσο χρόνο θα ανανεώνεται η εμφάνιση
Gib an, bis zu welchem Zeitraum in der Vergangenheit angezeigt werden soll;Specify the time period in the past that should be displayed;Indiquez jusqu'à quelle date passée l'affichage doit remonter;Specificare fino a quale periodo nel passato devono essere visualizzati i dati;Geef aan tot welk tijdstip in het verleden de gegevens moeten worden weergegeven;Geçmişte hangi döneme kadar görüntülenmesini istediğinizi belirtin;Określ, jak daleko wstecz mają sięgać wyświetlane dane;Indica hasta qué momento del pasado se debe mostrar;Укажите, за какой период в прошлом должны отображаться данные;指定要显示的过去时间范围;Вкажіть, який проміжок часу в минулому має відображатися;Adja meg, hogy a múltbeli időszakból milyen időtartamig legyen látható;Καθορίστε μέχρι ποιο χρονικό διάστημα στο παρελθόν θα εμφανίζονται τα δεδομένα
